relpath,orig_split,label,filename,group_id
train/allergic_dermatitis/1000010494_x16_jpg.rf.e97f38b2dd98a9c6ebedabea7a5a4063.jpg,train,allergic_dermatitis,1000010494_x16_jpg.rf.e97f38b2dd98a9c6ebedabea7a5a4063.jpg,g00000
train/allergic_dermatitis/1000010494_x16_jpg.rf.fe49297687e00b5a9466a811f868a1b3.jpg,train,allergic_dermatitis,1000010494_x16_jpg.rf.fe49297687e00b5a9466a811f868a1b3.jpg,g00000
train/allergic_dermatitis/1000010502_x16_jpg.rf.071d194687f358f64effcb1bce9f54c2.jpg,train,allergic_dermatitis,1000010502_x16_jpg.rf.071d194687f358f64effcb1bce9f54c2.jpg,g00001
train/allergic_dermatitis/1000010502_x16_jpg.rf.d0bbfd5b456a693a465aa0410c84f487.jpg,train,allergic_dermatitis,1000010502_x16_jpg.rf.d0bbfd5b456a693a465aa0410c84f487.jpg,g00001
train/allergic_dermatitis/1000010509_x4_jpg.rf.fc460a87de4d38d031a036400b9740d7.jpg,train,allergic_dermatitis,1000010509_x4_jpg.rf.fc460a87de4d38d031a036400b9740d7.jpg,g00002
train/allergic_dermatitis/1000010511_x16_jpg.rf.aa51ccefb16a8d8fa3d97270b79a252d.jpg,train,allergic_dermatitis,1000010511_x16_jpg.rf.aa51ccefb16a8d8fa3d97270b79a252d.jpg,g00003
train/allergic_dermatitis/1000010512_x4_jpg.rf.3004a3bae48f44e885472c8501b139fc.jpg,train,allergic_dermatitis,1000010512_x4_jpg.rf.3004a3bae48f44e885472c8501b139fc.jpg,g00004
train/allergic_dermatitis/1000010516_x16_jpg.rf.3d6d05adc4e4c8d4d0e369b2ed820ea3.jpg,train,allergic_dermatitis,1000010516_x16_jpg.rf.3d6d05adc4e4c8d4d0e369b2ed820ea3.jpg,g00005
train/allergic_dermatitis/1000010516_x16_jpg.rf.e46486e3d9b6b9c0334fda1f5a68b63d.jpg,train,allergic_dermatitis,1000010516_x16_jpg.rf.e46486e3d9b6b9c0334fda1f5a68b63d.jpg,g00005
train/allergic_dermatitis/1000010518_x4_jpg.rf.de88455a40a4ceac846773d4926b651d.jpg,train,allergic_dermatitis,1000010518_x4_jpg.rf.de88455a40a4ceac846773d4926b651d.jpg,g00006
train/allergic_dermatitis/1000010518_x4_jpg.rf.f3d23735f6f7454d6023797b4315472d.jpg,train,allergic_dermatitis,1000010518_x4_jpg.rf.f3d23735f6f7454d6023797b4315472d.jpg,g00006
train/allergic_dermatitis/1000010523_x4_jpg.rf.bcc1f577fbc75539d8a906b847422bb5.jpg,train,allergic_dermatitis,1000010523_x4_jpg.rf.bcc1f577fbc75539d8a906b847422bb5.jpg,g00007
train/allergic_dermatitis/1000010523_x4_jpg.rf.da9737a813b07bb583859c5b3a76bd65.jpg,train,allergic_dermatitis,1000010523_x4_jpg.rf.da9737a813b07bb583859c5b3a76bd65.jpg,g00007
train/allergic_dermatitis/1000010525_x16_jpg.rf.662bef6d5caeac0f8e3a05c6c4d17647.jpg,train,allergic_dermatitis,1000010525_x16_jpg.rf.662bef6d5caeac0f8e3a05c6c4d17647.jpg,g00008
train/allergic_dermatitis/1000010525_x16_jpg.rf.9ad7fcc0dcf6f4bfafdbbbd896e0a2c7.jpg,train,allergic_dermatitis,1000010525_x16_jpg.rf.9ad7fcc0dcf6f4bfafdbbbd896e0a2c7.jpg,g00008
train/allergic_dermatitis/1000010532_x16_jpg.rf.53cebfb03b7ba234ebd93fd512e0faba.jpg,train,allergic_dermatitis,1000010532_x16_jpg.rf.53cebfb03b7ba234ebd93fd512e0faba.jpg,g00009
train/allergic_dermatitis/1000010535_x16_jpg.rf.3cee2630d069f4d6079f4cb23e5de3bf.jpg,train,allergic_dermatitis,1000010535_x16_jpg.rf.3cee2630d069f4d6079f4cb23e5de3bf.jpg,g00010
train/allergic_dermatitis/1000010535_x16_jpg.rf.484a5f4e29b8ccb1adeb99d9c307fedb.jpg,train,allergic_dermatitis,1000010535_x16_jpg.rf.484a5f4e29b8ccb1adeb99d9c307fedb.jpg,g00010
train/allergic_dermatitis/1000010543_x16_jpg.rf.8402028a9b7b12d79362a7e69c10c683.jpg,train,allergic_dermatitis,1000010543_x16_jpg.rf.8402028a9b7b12d79362a7e69c10c683.jpg,g00011
train/allergic_dermatitis/1000010554_x16_jpg.rf.687e2aaf0d69851968b27b07b7d42464.jpg,train,allergic_dermatitis,1000010554_x16_jpg.rf.687e2aaf0d69851968b27b07b7d42464.jpg,g00012
train/allergic_dermatitis/1000010558_x4_jpg.rf.f6ab9d05415f2cfb565271c01623943a.jpg,train,allergic_dermatitis,1000010558_x4_jpg.rf.f6ab9d05415f2cfb565271c01623943a.jpg,g00013
train/allergic_dermatitis/1000010569_x4_jpg.rf.8d79d9b92f8bf09fed9c92766e218e0e.jpg,train,allergic_dermatitis,1000010569_x4_jpg.rf.8d79d9b92f8bf09fed9c92766e218e0e.jpg,g00014
train/allergic_dermatitis/1000010569_x4_jpg.rf.ce0f75357fab5a349812d9511f082b3c.jpg,train,allergic_dermatitis,1000010569_x4_jpg.rf.ce0f75357fab5a349812d9511f082b3c.jpg,g00014
train/allergic_dermatitis/1000010573_x4_jpg.rf.96ec2b3ba651474233cb57d921a705fe.jpg,train,allergic_dermatitis,1000010573_x4_jpg.rf.96ec2b3ba651474233cb57d921a705fe.jpg,g00015
train/allergic_dermatitis/1000010575_x16_jpg.rf.9a7fe15b8f1e9bb16d821e5aec538e28.jpg,train,allergic_dermatitis,1000010575_x16_jpg.rf.9a7fe15b8f1e9bb16d821e5aec538e28.jpg,g00016
train/allergic_dermatitis/1000010575_x16_jpg.rf.9e875711170a4e13268141bdbbd96b9f.jpg,train,allergic_dermatitis,1000010575_x16_jpg.rf.9e875711170a4e13268141bdbbd96b9f.jpg,g00016
train/allergic_dermatitis/1000010579_x4_jpg.rf.8080892f088f6806a7764981432ac486.jpg,train,allergic_dermatitis,1000010579_x4_jpg.rf.8080892f088f6806a7764981432ac486.jpg,g00017
train/allergic_dermatitis/1000010580_x4_jpg.rf.4dd059c8e086c20e513c4f6ecc9ccfa3.jpg,train,allergic_dermatitis,1000010580_x4_jpg.rf.4dd059c8e086c20e513c4f6ecc9ccfa3.jpg,g00018
train/allergic_dermatitis/1000010580_x4_jpg.rf.5c62fe5185790fd457568380ccca6cdc.jpg,train,allergic_dermatitis,1000010580_x4_jpg.rf.5c62fe5185790fd457568380ccca6cdc.jpg,g00018
train/allergic_dermatitis/1000010586_x4_jpg.rf.31b092c1f8b325b12e11486353241de7.jpg,train,allergic_dermatitis,1000010586_x4_jpg.rf.31b092c1f8b325b12e11486353241de7.jpg,g00019
train/allergic_dermatitis/1000010590_x4_jpg.rf.9843399fb71504a23eba237b6b4336d1.jpg,train,allergic_dermatitis,1000010590_x4_jpg.rf.9843399fb71504a23eba237b6b4336d1.jpg,g00020
train/allergic_dermatitis/1000010590_x4_jpg.rf.dda1571b8f11986f41afdd1c31073d5b.jpg,train,allergic_dermatitis,1000010590_x4_jpg.rf.dda1571b8f11986f41afdd1c31073d5b.jpg,g00020
train/allergic_dermatitis/1000010592_x4_jpg.rf.3cc0e2fc397d6db64fd4920b2b18a086.jpg,train,allergic_dermatitis,1000010592_x4_jpg.rf.3cc0e2fc397d6db64fd4920b2b18a086.jpg,g00021
train/allergic_dermatitis/1000010592_x4_jpg.rf.d0e76993aa0e70a90a20cfa0d675c4b6.jpg,train,allergic_dermatitis,1000010592_x4_jpg.rf.d0e76993aa0e70a90a20cfa0d675c4b6.jpg,g00021
train/allergic_dermatitis/1000010593_x4_jpg.rf.514b917061518ce63b8a60344de888bd.jpg,train,allergic_dermatitis,1000010593_x4_jpg.rf.514b917061518ce63b8a60344de888bd.jpg,g00022
train/allergic_dermatitis/1000010596_x4_jpg.rf.9f5b1e07397cab1e6854dc5ff43b3d5c.jpg,train,allergic_dermatitis,1000010596_x4_jpg.rf.9f5b1e07397cab1e6854dc5ff43b3d5c.jpg,g00023
train/allergic_dermatitis/1000010597_x4_jpg.rf.95bc0f66f299b8cc287444668275b29b.jpg,train,allergic_dermatitis,1000010597_x4_jpg.rf.95bc0f66f299b8cc287444668275b29b.jpg,g00024
train/allergic_dermatitis/1000010597_x4_jpg.rf.c43d63eefafc1db5ffa08202508a7089.jpg,train,allergic_dermatitis,1000010597_x4_jpg.rf.c43d63eefafc1db5ffa08202508a7089.jpg,g00024
train/allergic_dermatitis/1000010600_x4_jpg.rf.361df7e0a91317870bc5f1dff6e6d4cd.jpg,train,allergic_dermatitis,1000010600_x4_jpg.rf.361df7e0a91317870bc5f1dff6e6d4cd.jpg,g00025
train/allergic_dermatitis/1000010601_x4_jpg.rf.3ff7e2d8e43193fe401a78e113286ccb.jpg,train,allergic_dermatitis,1000010601_x4_jpg.rf.3ff7e2d8e43193fe401a78e113286ccb.jpg,g00026
train/allergic_dermatitis/1000010607_x4_jpg.rf.707d0ea62814b26868c2aada3a86c04b.jpg,train,allergic_dermatitis,1000010607_x4_jpg.rf.707d0ea62814b26868c2aada3a86c04b.jpg,g00027
train/allergic_dermatitis/1000010607_x4_jpg.rf.bd6b45744afbc428789584f4f15cd51b.jpg,train,allergic_dermatitis,1000010607_x4_jpg.rf.bd6b45744afbc428789584f4f15cd51b.jpg,g00027
train/allergic_dermatitis/1000010610_x4_jpg.rf.951907bcf26fa94b6f7d5b8e665d995c.jpg,train,allergic_dermatitis,1000010610_x4_jpg.rf.951907bcf26fa94b6f7d5b8e665d995c.jpg,g00028
train/allergic_dermatitis/1000010614_x4_jpg.rf.50d805bcf55721e33d6f90a500d65566.jpg,train,allergic_dermatitis,1000010614_x4_jpg.rf.50d805bcf55721e33d6f90a500d65566.jpg,g00029
train/allergic_dermatitis/1000010614_x4_jpg.rf.779443a1243db25a6a0dcc31775cdee6.jpg,train,allergic_dermatitis,1000010614_x4_jpg.rf.779443a1243db25a6a0dcc31775cdee6.jpg,g00029
train/allergic_dermatitis/1000010617_x4_jpg.rf.7e7594181767720f959742c779323026.jpg,train,allergic_dermatitis,1000010617_x4_jpg.rf.7e7594181767720f959742c779323026.jpg,g00030
train/allergic_dermatitis/1000010617_x4_jpg.rf.e560c43c920c3f0d7351ed03388af519.jpg,train,allergic_dermatitis,1000010617_x4_jpg.rf.e560c43c920c3f0d7351ed03388af519.jpg,g00030
train/allergic_dermatitis/1000010626_x4_jpg.rf.98d0edce89c5c21c07a80450b65cddc0.jpg,train,allergic_dermatitis,1000010626_x4_jpg.rf.98d0edce89c5c21c07a80450b65cddc0.jpg,g00031
train/allergic_dermatitis/1000010626_x4_jpg.rf.d4b358b3976a143e2ac3a7fc1b3634a0.jpg,train,allergic_dermatitis,1000010626_x4_jpg.rf.d4b358b3976a143e2ac3a7fc1b3634a0.jpg,g00031
train/allergic_dermatitis/1000010628_x4_jpg.rf.32c6d2d5e8276f1ed372061bf0e560e3.jpg,train,allergic_dermatitis,1000010628_x4_jpg.rf.32c6d2d5e8276f1ed372061bf0e560e3.jpg,g00032
train/allergic_dermatitis/1000010628_x4_jpg.rf.ca7ba650abc1ebb04999eba1364c17a2.jpg,train,allergic_dermatitis,1000010628_x4_jpg.rf.ca7ba650abc1ebb04999eba1364c17a2.jpg,g00032
train/allergic_dermatitis/1000010634_x4_jpg.rf.1f174881698ffe9ef5dc0b015846d13f.jpg,train,allergic_dermatitis,1000010634_x4_jpg.rf.1f174881698ffe9ef5dc0b015846d13f.jpg,g00033
train/allergic_dermatitis/1000010634_x4_jpg.rf.8b6561f716328015ea1617411bb17423.jpg,train,allergic_dermatitis,1000010634_x4_jpg.rf.8b6561f716328015ea1617411bb17423.jpg,g00033
train/allergic_dermatitis/1000010639_x16_jpg.rf.6867878bb126f7621bf4a9faf3c8af88.jpg,train,allergic_dermatitis,1000010639_x16_jpg.rf.6867878bb126f7621bf4a9faf3c8af88.jpg,g00034
train/allergic_dermatitis/1000010639_x16_jpg.rf.911fa718109a41115aa7cce6de81829f.jpg,train,allergic_dermatitis,1000010639_x16_jpg.rf.911fa718109a41115aa7cce6de81829f.jpg,g00034
train/allergic_dermatitis/1000010646_x16_jpg.rf.05b1e5056d2b66dcafffa5bc34d31bd7.jpg,train,allergic_dermatitis,1000010646_x16_jpg.rf.05b1e5056d2b66dcafffa5bc34d31bd7.jpg,g00035
train/allergic_dermatitis/1000010646_x16_jpg.rf.a0e4e390d3da2f68bcac970cdab3865c.jpg,train,allergic_dermatitis,1000010646_x16_jpg.rf.a0e4e390d3da2f68bcac970cdab3865c.jpg,g00035
train/allergic_dermatitis/1000010647_x16_jpg.rf.61962237104ec83e9daee104c64085e3.jpg,train,allergic_dermatitis,1000010647_x16_jpg.rf.61962237104ec83e9daee104c64085e3.jpg,g00036
train/allergic_dermatitis/1000010652_x16_jpg.rf.34c330b2419e09f93001850d5bfb3db2.jpg,train,allergic_dermatitis,1000010652_x16_jpg.rf.34c330b2419e09f93001850d5bfb3db2.jpg,g00037
train/allergic_dermatitis/1000010656_x16_jpg.rf.54201dfb96b172d63c7b8f1ccd2a8b67.jpg,train,allergic_dermatitis,1000010656_x16_jpg.rf.54201dfb96b172d63c7b8f1ccd2a8b67.jpg,g00038
train/allergic_dermatitis/1000010656_x16_jpg.rf.8dbd6c2cd7d372271389d1ef4668dbc5.jpg,train,allergic_dermatitis,1000010656_x16_jpg.rf.8dbd6c2cd7d372271389d1ef4668dbc5.jpg,g00038
train/allergic_dermatitis/1000010680_x16_jpg.rf.37eb92ea6debda6bcc4ca6f724c014ab.jpg,train,allergic_dermatitis,1000010680_x16_jpg.rf.37eb92ea6debda6bcc4ca6f724c014ab.jpg,g00039
train/allergic_dermatitis/1000010683_x4_jpg.rf.34e0fa74183d8dea884189d793d27c23.jpg,train,allergic_dermatitis,1000010683_x4_jpg.rf.34e0fa74183d8dea884189d793d27c23.jpg,g00040
train/allergic_dermatitis/1000010684_x16_jpg.rf.78744918905fad5c1cd001af474c1b73.jpg,train,allergic_dermatitis,1000010684_x16_jpg.rf.78744918905fad5c1cd001af474c1b73.jpg,g00041
train/allergic_dermatitis/1000010684_x16_jpg.rf.c556f3adf3441489531b8774b65009c7.jpg,train,allergic_dermatitis,1000010684_x16_jpg.rf.c556f3adf3441489531b8774b65009c7.jpg,g00041
train/allergic_dermatitis/1000010693_x16_jpg.rf.42f0c085fda2d193fd6a7630a768729d.jpg,train,allergic_dermatitis,1000010693_x16_jpg.rf.42f0c085fda2d193fd6a7630a768729d.jpg,g00042
train/allergic_dermatitis/1000010698_x4_jpg.rf.a894b51f2846c65351ae18085ba4e1e0.jpg,train,allergic_dermatitis,1000010698_x4_jpg.rf.a894b51f2846c65351ae18085ba4e1e0.jpg,g00043
train/allergic_dermatitis/1000010698_x4_jpg.rf.d8e2b2edf4c54ba555f08c8cb28a978c.jpg,train,allergic_dermatitis,1000010698_x4_jpg.rf.d8e2b2edf4c54ba555f08c8cb28a978c.jpg,g00043
train/allergic_dermatitis/1000010700_x16_jpg.rf.bcd6f81fad0a07b4feb9a3eb6d808520.jpg,train,allergic_dermatitis,1000010700_x16_jpg.rf.bcd6f81fad0a07b4feb9a3eb6d808520.jpg,g00044
train/allergic_dermatitis/1000010700_x16_jpg.rf.c8af8ff5a9a99ddeda64f60dca109441.jpg,train,allergic_dermatitis,1000010700_x16_jpg.rf.c8af8ff5a9a99ddeda64f60dca109441.jpg,g00044
train/allergic_dermatitis/1000010701_x16_jpg.rf.05e94cd103bdca951e863cc30d577a2b.jpg,train,allergic_dermatitis,1000010701_x16_jpg.rf.05e94cd103bdca951e863cc30d577a2b.jpg,g00045
train/allergic_dermatitis/1000010701_x16_jpg.rf.142e7c42ac5a9233798517d8cc6da1db.jpg,train,allergic_dermatitis,1000010701_x16_jpg.rf.142e7c42ac5a9233798517d8cc6da1db.jpg,g00045
train/allergic_dermatitis/1000010710_x16_jpg.rf.814e51bfc1ea1b27cee351ce43bb1665.jpg,train,allergic_dermatitis,1000010710_x16_jpg.rf.814e51bfc1ea1b27cee351ce43bb1665.jpg,g00046
train/allergic_dermatitis/1000010715_x16_jpg.rf.21c555a875f70ed1d921e8332b9f8972.jpg,train,allergic_dermatitis,1000010715_x16_jpg.rf.21c555a875f70ed1d921e8332b9f8972.jpg,g00047
train/allergic_dermatitis/1000010725_x16_jpg.rf.dfd3cdd394e26d64994aa5aba961ae9b.jpg,train,allergic_dermatitis,1000010725_x16_jpg.rf.dfd3cdd394e26d64994aa5aba961ae9b.jpg,g00048
train/allergic_dermatitis/1000010727_x4_jpg.rf.3a1e5190f6216a8246305a3827f11aa2.jpg,train,allergic_dermatitis,1000010727_x4_jpg.rf.3a1e5190f6216a8246305a3827f11aa2.jpg,g00049
train/allergic_dermatitis/1000010727_x4_jpg.rf.50de603a20345a6fa20bfc9b01b66cbb.jpg,train,allergic_dermatitis,1000010727_x4_jpg.rf.50de603a20345a6fa20bfc9b01b66cbb.jpg,g00049
train/allergic_dermatitis/1000010728_x16_jpg.rf.13b8d53fad4dec31496592b77d4da8d4.jpg,train,allergic_dermatitis,1000010728_x16_jpg.rf.13b8d53fad4dec31496592b77d4da8d4.jpg,g00050
train/allergic_dermatitis/1000010728_x16_jpg.rf.c56d17517bf5430a85bd18348bc86058.jpg,train,allergic_dermatitis,1000010728_x16_jpg.rf.c56d17517bf5430a85bd18348bc86058.jpg,g00050
train/allergic_dermatitis/1000010733_x4_jpg.rf.c55ff554c4b31d8bc9921d375d573516.jpg,train,allergic_dermatitis,1000010733_x4_jpg.rf.c55ff554c4b31d8bc9921d375d573516.jpg,g00051
train/allergic_dermatitis/1000010733_x4_jpg.rf.d873b33bf287a91110ab9898deaae710.jpg,train,allergic_dermatitis,1000010733_x4_jpg.rf.d873b33bf287a91110ab9898deaae710.jpg,g00051
train/allergic_dermatitis/1000010744_x16_jpg.rf.2f1dd853ee4f98e45a1e32969a57265f.jpg,train,allergic_dermatitis,1000010744_x16_jpg.rf.2f1dd853ee4f98e45a1e32969a57265f.jpg,g00052
train/allergic_dermatitis/1000010744_x16_jpg.rf.764df0439e6d719e303d6c365c9f683f.jpg,train,allergic_dermatitis,1000010744_x16_jpg.rf.764df0439e6d719e303d6c365c9f683f.jpg,g00052
train/allergic_dermatitis/1000010747_x4_jpg.rf.6b91d8fc1096998915a10d206b380014.jpg,train,allergic_dermatitis,1000010747_x4_jpg.rf.6b91d8fc1096998915a10d206b380014.jpg,g00053
train/allergic_dermatitis/1000010749_x16_jpg.rf.e7a58dada26ec6e393cf055576bd933f.jpg,train,allergic_dermatitis,1000010749_x16_jpg.rf.e7a58dada26ec6e393cf055576bd933f.jpg,g00054
train/allergic_dermatitis/1000010753_x16_jpg.rf.1e376b66eb303b8242b8d5c993ca52eb.jpg,train,allergic_dermatitis,1000010753_x16_jpg.rf.1e376b66eb303b8242b8d5c993ca52eb.jpg,g00055
train/allergic_dermatitis/1000010753_x16_jpg.rf.3f03f4573d4e41ceebb96f5478ce7d5f.jpg,train,allergic_dermatitis,1000010753_x16_jpg.rf.3f03f4573d4e41ceebb96f5478ce7d5f.jpg,g00055
train/allergic_dermatitis/1000010755_x4_jpg.rf.a56d8e4b0f5e7c6837febbf3cc4cd8a4.jpg,train,allergic_dermatitis,1000010755_x4_jpg.rf.a56d8e4b0f5e7c6837febbf3cc4cd8a4.jpg,g00056
train/allergic_dermatitis/1000010755_x4_jpg.rf.d361681b32e036b28c7829ab43f7b6b8.jpg,train,allergic_dermatitis,1000010755_x4_jpg.rf.d361681b32e036b28c7829ab43f7b6b8.jpg,g00056
train/allergic_dermatitis/1000010757_x16_jpg.rf.cc2b58b722adf55a287efda1ef7254f0.jpg,train,allergic_dermatitis,1000010757_x16_jpg.rf.cc2b58b722adf55a287efda1ef7254f0.jpg,g00057
train/allergic_dermatitis/1000010758_x16_jpg.rf.7ee3727f7f1880c035ae2ef07270bd60.jpg,train,allergic_dermatitis,1000010758_x16_jpg.rf.7ee3727f7f1880c035ae2ef07270bd60.jpg,g00058
train/allergic_dermatitis/1000010759_x16_jpg.rf.3dc3e66cd09eb9d8eb274bd00b33ad05.jpg,train,allergic_dermatitis,1000010759_x16_jpg.rf.3dc3e66cd09eb9d8eb274bd00b33ad05.jpg,g00059
train/allergic_dermatitis/1000010759_x16_jpg.rf.ff78f88c37593a8807fe0c25b6182a9e.jpg,train,allergic_dermatitis,1000010759_x16_jpg.rf.ff78f88c37593a8807fe0c25b6182a9e.jpg,g00059
train/allergic_dermatitis/1000010761_x4_jpg.rf.48ae507d25265dac83b0ee1a8bba0d11.jpg,train,allergic_dermatitis,1000010761_x4_jpg.rf.48ae507d25265dac83b0ee1a8bba0d11.jpg,g00060
train/allergic_dermatitis/1000010765_x4_jpg.rf.30c51a45aa20d80268cf155330f8202a.jpg,train,allergic_dermatitis,1000010765_x4_jpg.rf.30c51a45aa20d80268cf155330f8202a.jpg,g00061
train/allergic_dermatitis/1000010765_x4_jpg.rf.a2a04b325f872c6c36d9879e7de7829d.jpg,train,allergic_dermatitis,1000010765_x4_jpg.rf.a2a04b325f872c6c36d9879e7de7829d.jpg,g00061
train/allergic_dermatitis/1000010770_x4_jpg.rf.1392a278a68211ed4c9f52e13436c7c2.jpg,train,allergic_dermatitis,1000010770_x4_jpg.rf.1392a278a68211ed4c9f52e13436c7c2.jpg,g00062
train/allergic_dermatitis/1000010774_x4_jpg.rf.6a2a8ad72ad23cdd798b235e828a5a7e.jpg,train,allergic_dermatitis,1000010774_x4_jpg.rf.6a2a8ad72ad23cdd798b235e828a5a7e.jpg,g00063
train/allergic_dermatitis/1000010774_x4_jpg.rf.ecceb785f10fc30bc68d7e5ea8ee5804.jpg,train,allergic_dermatitis,1000010774_x4_jpg.rf.ecceb785f10fc30bc68d7e5ea8ee5804.jpg,g00063
train/allergic_dermatitis/1000010781_x16_jpg.rf.4fd9e07ac7e2905e1e5a15c361ffb0da.jpg,train,allergic_dermatitis,1000010781_x16_jpg.rf.4fd9e07ac7e2905e1e5a15c361ffb0da.jpg,g00064
train/allergic_dermatitis/1000010781_x16_jpg.rf.b8562d008072653f5c219b64d7ec38e2.jpg,train,allergic_dermatitis,1000010781_x16_jpg.rf.b8562d008072653f5c219b64d7ec38e2.jpg,g00064
train/allergic_dermatitis/1000011971_x4_jpg.rf.643cc0f5383ae9dd99c2868a65703206.jpg,train,allergic_dermatitis,1000011971_x4_jpg.rf.643cc0f5383ae9dd99c2868a65703206.jpg,g00065
train/allergic_dermatitis/1000011971_x4_jpg.rf.f87b317ddc8085665ba9378996022f90.jpg,train,allergic_dermatitis,1000011971_x4_jpg.rf.f87b317ddc8085665ba9378996022f90.jpg,g00065
train/allergic_dermatitis/1000011972_x4_jpg.rf.7ec5d674d9578280dfb74a1b2ba6cb3c.jpg,train,allergic_dermatitis,1000011972_x4_jpg.rf.7ec5d674d9578280dfb74a1b2ba6cb3c.jpg,g00066
train/allergic_dermatitis/1000011972_x4_jpg.rf.ff9a928632d2d50ae9e63acc6029fe5e.jpg,train,allergic_dermatitis,1000011972_x4_jpg.rf.ff9a928632d2d50ae9e63acc6029fe5e.jpg,g00066
train/allergic_dermatitis/1000011973_x4_jpg.rf.941f35acef1b62a2e471e1440692a35c.jpg,train,allergic_dermatitis,1000011973_x4_jpg.rf.941f35acef1b62a2e471e1440692a35c.jpg,g00067
train/allergic_dermatitis/1000011974_x4_jpg.rf.6572b09d516040fe503b368492bfa1e1.jpg,train,allergic_dermatitis,1000011974_x4_jpg.rf.6572b09d516040fe503b368492bfa1e1.jpg,g00068
train/allergic_dermatitis/1000011975_x4_jpg.rf.2c99f87e110f3282d9650cc43cb8533c.jpg,train,allergic_dermatitis,1000011975_x4_jpg.rf.2c99f87e110f3282d9650cc43cb8533c.jpg,g00069
train/allergic_dermatitis/1000011975_x4_jpg.rf.7a7bcdac191146ecf9a369f201d452c2.jpg,train,allergic_dermatitis,1000011975_x4_jpg.rf.7a7bcdac191146ecf9a369f201d452c2.jpg,g00069
train/allergic_dermatitis/1000011977_x4_jpg.rf.e10af1b08e522af2f270564726c881e5.jpg,train,allergic_dermatitis,1000011977_x4_jpg.rf.e10af1b08e522af2f270564726c881e5.jpg,g00070
train/allergic_dermatitis/1000011978_x4_jpg.rf.81a4704d40548e9acfd7690e93df5f94.jpg,train,allergic_dermatitis,1000011978_x4_jpg.rf.81a4704d40548e9acfd7690e93df5f94.jpg,g00071
train/allergic_dermatitis/1000011978_x4_jpg.rf.8ca099d92439d5b9ee2cd59f4fe74406.jpg,train,allergic_dermatitis,1000011978_x4_jpg.rf.8ca099d92439d5b9ee2cd59f4fe74406.jpg,g00071
train/allergic_dermatitis/1000_F_266925987_GoNkiLNIUXfRzYXf96Ngo00leArxL72S_jpg.rf.ead9eaab23e794c9284de9d8a34924e4.jpg,train,allergic_dermatitis,1000_F_266925987_GoNkiLNIUXfRzYXf96Ngo00leArxL72S_jpg.rf.ead9eaab23e794c9284de9d8a34924e4.jpg,g00072
train/allergic_dermatitis/110309934_2084249831710671_644872728960204913_n_jpg.rf.1d900377fe08fad77468752174812709.jpg,train,allergic_dermatitis,110309934_2084249831710671_644872728960204913_n_jpg.rf.1d900377fe08fad77468752174812709.jpg,g00073
train/allergic_dermatitis/110309934_2084249831710671_644872728960204913_n_jpg.rf.64151edc3cb578113ed250435903f153.jpg,train,allergic_dermatitis,110309934_2084249831710671_644872728960204913_n_jpg.rf.64151edc3cb578113ed250435903f153.jpg,g00073
train/allergic_dermatitis/137314781_408375947040120_5022441313590863863_n_jpg.rf.b1e4e418a9a81b63619c17f6854c56c5.jpg,train,allergic_dermatitis,137314781_408375947040120_5022441313590863863_n_jpg.rf.b1e4e418a9a81b63619c17f6854c56c5.jpg,g00074
train/allergic_dermatitis/137314781_408375947040120_5022441313590863863_n_jpg.rf.b5c033a51363ca942497e46124bdce11.jpg,train,allergic_dermatitis,137314781_408375947040120_5022441313590863863_n_jpg.rf.b5c033a51363ca942497e46124bdce11.jpg,g00074
train/allergic_dermatitis/143539111_266046041593593_2826120553753353940_n_jpg.rf.2c57e97f953f77b414b2977cff81e020.jpg,train,allergic_dermatitis,143539111_266046041593593_2826120553753353940_n_jpg.rf.2c57e97f953f77b414b2977cff81e020.jpg,g00075
train/allergic_dermatitis/143539111_266046041593593_2826120553753353940_n_jpg.rf.80ee7c0bf362e71691c513274d65abaa.jpg,train,allergic_dermatitis,143539111_266046041593593_2826120553753353940_n_jpg.rf.80ee7c0bf362e71691c513274d65abaa.jpg,g00075
train/allergic_dermatitis/1516253873174_x4_jpg.rf.dda1b93e9129937fd4ee540a662d957c.jpg,train,allergic_dermatitis,1516253873174_x4_jpg.rf.dda1b93e9129937fd4ee540a662d957c.jpg,g00076
train/allergic_dermatitis/1af1e05f9bea841e74c3ef58a2aa86841c3b929c_jpeg_jpg.rf.8601d2ee854827d6902f4f8e5edf5ee2.jpg,train,allergic_dermatitis,1af1e05f9bea841e74c3ef58a2aa86841c3b929c_jpeg_jpg.rf.8601d2ee854827d6902f4f8e5edf5ee2.jpg,g00077
train/allergic_dermatitis/231160892_518946332645147_3656949587182572307_n_jpg.rf.606f65d649c6ca873355aa140cf14548.jpg,train,allergic_dermatitis,231160892_518946332645147_3656949587182572307_n_jpg.rf.606f65d649c6ca873355aa140cf14548.jpg,g00078
train/allergic_dermatitis/231160892_518946332645147_3656949587182572307_n_jpg.rf.df242d6f0559d24deac139968b5fa4fb.jpg,train,allergic_dermatitis,231160892_518946332645147_3656949587182572307_n_jpg.rf.df242d6f0559d24deac139968b5fa4fb.jpg,g00078
train/allergic_dermatitis/293403473_2859680784177702_648654495805395982_n_jpg.rf.973238463651050eede43efd84fab7a3.jpg,train,allergic_dermatitis,293403473_2859680784177702_648654495805395982_n_jpg.rf.973238463651050eede43efd84fab7a3.jpg,g00079
train/allergic_dermatitis/301504804_8729017157124164_3961058354446722962_n_jpg.rf.55cb2b5805a96dafc010248b253577c2.jpg,train,allergic_dermatitis,301504804_8729017157124164_3961058354446722962_n_jpg.rf.55cb2b5805a96dafc010248b253577c2.jpg,g00080
train/allergic_dermatitis/340947808_546167834308890_7592465449990658927_n_jpg.rf.0e64b30fc7270803f4254b73ec7f395a.jpg,train,allergic_dermatitis,340947808_546167834308890_7592465449990658927_n_jpg.rf.0e64b30fc7270803f4254b73ec7f395a.jpg,g00081
train/allergic_dermatitis/340947808_546167834308890_7592465449990658927_n_jpg.rf.a905be23efbe97695cbc10dc5d4193c9.jpg,train,allergic_dermatitis,340947808_546167834308890_7592465449990658927_n_jpg.rf.a905be23efbe97695cbc10dc5d4193c9.jpg,g00081
train/allergic_dermatitis/342211074_1010000213718052_3587685332630184295_n_jpg.rf.6536ea1a71ba448cb3baa15861c6219a.jpg,train,allergic_dermatitis,342211074_1010000213718052_3587685332630184295_n_jpg.rf.6536ea1a71ba448cb3baa15861c6219a.jpg,g00082
train/allergic_dermatitis/342211074_1010000213718052_3587685332630184295_n_jpg.rf.76f65e20c9b1c68493ef707c011a432a.jpg,train,allergic_dermatitis,342211074_1010000213718052_3587685332630184295_n_jpg.rf.76f65e20c9b1c68493ef707c011a432a.jpg,g00082
train/allergic_dermatitis/50_jpg.rf.9cef35cfc60ddd94b02a47e0cb9dda4c.jpg,train,allergic_dermatitis,50_jpg.rf.9cef35cfc60ddd94b02a47e0cb9dda4c.jpg,g00083
train/allergic_dermatitis/53_jpg.rf.6457243cee362bfbf0a4fd7ef15eb36a.jpg,train,allergic_dermatitis,53_jpg.rf.6457243cee362bfbf0a4fd7ef15eb36a.jpg,g00084
train/allergic_dermatitis/55_jpg.rf.fbb47d5bce2c5720c9abed42f56a5cc3.jpg,train,allergic_dermatitis,55_jpg.rf.fbb47d5bce2c5720c9abed42f56a5cc3.jpg,g00085
train/allergic_dermatitis/5d5641b96b930df01eb7df119e680c9fdb41f4e4_jpeg_jpg.rf.86d3c6f5b13bd47934f41af6e61ab14d.jpg,train,allergic_dermatitis,5d5641b96b930df01eb7df119e680c9fdb41f4e4_jpeg_jpg.rf.86d3c6f5b13bd47934f41af6e61ab14d.jpg,g00086
train/allergic_dermatitis/62521167_2293314700920873_300162319286009856_n_jpg.rf.86c06e21779ce5960a5df74ccea758cb.jpg,train,allergic_dermatitis,62521167_2293314700920873_300162319286009856_n_jpg.rf.86c06e21779ce5960a5df74ccea758cb.jpg,g00087
train/allergic_dermatitis/A332365_1_En_4_Fig38_HTML_x4_jpg.rf.35a65516602d34b6a6fbb1b9fc0e54cc.jpg,train,allergic_dermatitis,A332365_1_En_4_Fig38_HTML_x4_jpg.rf.35a65516602d34b6a6fbb1b9fc0e54cc.jpg,g00088
train/allergic_dermatitis/Atopic-dermatitis_Red-skin-dog-abdomen_DermVets_jpg.rf.178dc563dea4c2f1c75eab9ee9094e22.jpg,train,allergic_dermatitis,Atopic-dermatitis_Red-skin-dog-abdomen_DermVets_jpg.rf.178dc563dea4c2f1c75eab9ee9094e22.jpg,g00089
train/allergic_dermatitis/Atopic-dermatitis_Red-skin-dog-abdomen_DermVets_jpg.rf.3ce4d6c237bb5ae241db25677c4fb3f0.jpg,train,allergic_dermatitis,Atopic-dermatitis_Red-skin-dog-abdomen_DermVets_jpg.rf.3ce4d6c237bb5ae241db25677c4fb3f0.jpg,g00089
train/allergic_dermatitis/aug1_jpeg_jpg.rf.2d7a5611a587f3348310559eb028953b.jpg,train,allergic_dermatitis,aug1_jpeg_jpg.rf.2d7a5611a587f3348310559eb028953b.jpg,g00090
train/allergic_dermatitis/aug2_jpg.rf.a5191722446deb063a42365c4aae81ad.jpg,train,allergic_dermatitis,aug2_jpg.rf.a5191722446deb063a42365c4aae81ad.jpg,g00091
train/allergic_dermatitis/aug4_jpg.rf.1137812bf84e2a12865021ecaf1382a8.jpg,train,allergic_dermatitis,aug4_jpg.rf.1137812bf84e2a12865021ecaf1382a8.jpg,g00092
train/allergic_dermatitis/aug5_jpg.rf.77a822fc2bfd7c6f4eb772b62ef7c30e.jpg,train,allergic_dermatitis,aug5_jpg.rf.77a822fc2bfd7c6f4eb772b62ef7c30e.jpg,g00093
train/allergic_dermatitis/aug5_jpg.rf.d0d31bf5b1f51f324c76efa1648ede8d.jpg,train,allergic_dermatitis,aug5_jpg.rf.d0d31bf5b1f51f324c76efa1648ede8d.jpg,g00093
train/allergic_dermatitis/aug_0_102_jpeg_jpg.rf.34cc33044670e4a4c4f14ff3bcde08f8.jpg,train,allergic_dermatitis,aug_0_102_jpeg_jpg.rf.34cc33044670e4a4c4f14ff3bcde08f8.jpg,g00094
train/allergic_dermatitis/aug_0_102_jpeg_jpg.rf.fa1b8dc067c3f8fade31812b1630c023.jpg,train,allergic_dermatitis,aug_0_102_jpeg_jpg.rf.fa1b8dc067c3f8fade31812b1630c023.jpg,g00094
train/allergic_dermatitis/aug_0_1033_jpeg_jpg.rf.8c48f3577b779f12bfa4a0a91be15ce8.jpg,train,allergic_dermatitis,aug_0_1033_jpeg_jpg.rf.8c48f3577b779f12bfa4a0a91be15ce8.jpg,g00095
train/allergic_dermatitis/aug_0_1033_jpeg_jpg.rf.8ef4918c90c7b53ed2e4cd9933c23b9a.jpg,train,allergic_dermatitis,aug_0_1033_jpeg_jpg.rf.8ef4918c90c7b53ed2e4cd9933c23b9a.jpg,g00095
train/allergic_dermatitis/aug_0_1103_jpeg_jpg.rf.6c102baf71c1e4c62d9004e7dca8542d.jpg,train,allergic_dermatitis,aug_0_1103_jpeg_jpg.rf.6c102baf71c1e4c62d9004e7dca8542d.jpg,g00096
train/allergic_dermatitis/aug_0_1103_jpeg_jpg.rf.7d8abd86d3d14d9e690482cf27223b96.jpg,train,allergic_dermatitis,aug_0_1103_jpeg_jpg.rf.7d8abd86d3d14d9e690482cf27223b96.jpg,g00096
train/allergic_dermatitis/aug_0_1115_jpeg_jpg.rf.17f137f78e505eab8d1ab7acb119d44f.jpg,train,allergic_dermatitis,aug_0_1115_jpeg_jpg.rf.17f137f78e505eab8d1ab7acb119d44f.jpg,g00097
train/allergic_dermatitis/aug_0_1115_jpeg_jpg.rf.cfe3fc70228183bc1b58786f9e3f7a53.jpg,train,allergic_dermatitis,aug_0_1115_jpeg_jpg.rf.cfe3fc70228183bc1b58786f9e3f7a53.jpg,g00097
train/allergic_dermatitis/aug_0_118_jpeg_jpg.rf.9ba373d37ba02c54ecfe22f3a852fe2d.jpg,train,allergic_dermatitis,aug_0_118_jpeg_jpg.rf.9ba373d37ba02c54ecfe22f3a852fe2d.jpg,g00098
train/allergic_dermatitis/aug_0_121_jpeg_jpg.rf.8064b72e22d4a19e6674c4bc945f66dc.jpg,train,allergic_dermatitis,aug_0_121_jpeg_jpg.rf.8064b72e22d4a19e6674c4bc945f66dc.jpg,g00099
train/allergic_dermatitis/aug_0_1312_jpeg_jpg.rf.8f52597feaf48a0de30f2f2186ede7bc.jpg,train,allergic_dermatitis,aug_0_1312_jpeg_jpg.rf.8f52597feaf48a0de30f2f2186ede7bc.jpg,g00100
train/allergic_dermatitis/aug_0_1312_jpeg_jpg.rf.f5159bf75d2875062f02e86a3a44c358.jpg,train,allergic_dermatitis,aug_0_1312_jpeg_jpg.rf.f5159bf75d2875062f02e86a3a44c358.jpg,g00100
train/allergic_dermatitis/aug_0_1323_jpeg_jpg.rf.35d99fc4e8b363c6b2495a635277a1ee.jpg,train,allergic_dermatitis,aug_0_1323_jpeg_jpg.rf.35d99fc4e8b363c6b2495a635277a1ee.jpg,g00101
train/allergic_dermatitis/aug_0_1331_jpeg_jpg.rf.e017c47bbf80fa11efdd13e51e42312a.jpg,train,allergic_dermatitis,aug_0_1331_jpeg_jpg.rf.e017c47bbf80fa11efdd13e51e42312a.jpg,g00102
train/allergic_dermatitis/aug_0_1331_jpeg_jpg.rf.e0ac32f0383c7e15af39078cf4145cd8.jpg,train,allergic_dermatitis,aug_0_1331_jpeg_jpg.rf.e0ac32f0383c7e15af39078cf4145cd8.jpg,g00102
train/allergic_dermatitis/aug_0_1360_jpeg_jpg.rf.0f581fbdcb09100021ebf39911eb1f2c.jpg,train,allergic_dermatitis,aug_0_1360_jpeg_jpg.rf.0f581fbdcb09100021ebf39911eb1f2c.jpg,g00103
train/allergic_dermatitis/aug_0_1369_jpeg_jpg.rf.3e8ab7d71a282b5b0f45d5345855d3bb.jpg,train,allergic_dermatitis,aug_0_1369_jpeg_jpg.rf.3e8ab7d71a282b5b0f45d5345855d3bb.jpg,g00104
train/allergic_dermatitis/aug_0_1369_jpeg_jpg.rf.4b006f3a54043d8e3edf1eb13abf5ff9.jpg,train,allergic_dermatitis,aug_0_1369_jpeg_jpg.rf.4b006f3a54043d8e3edf1eb13abf5ff9.jpg,g00104
train/allergic_dermatitis/aug_0_1411_jpeg_jpg.rf.01dc593d21e4245e17838b877b913049.jpg,train,allergic_dermatitis,aug_0_1411_jpeg_jpg.rf.01dc593d21e4245e17838b877b913049.jpg,g00105
train/allergic_dermatitis/aug_0_1411_jpeg_jpg.rf.b4da5d647b4065a21497dbb9ec41eaeb.jpg,train,allergic_dermatitis,aug_0_1411_jpeg_jpg.rf.b4da5d647b4065a21497dbb9ec41eaeb.jpg,g00105
train/allergic_dermatitis/aug_0_1466_jpeg_jpg.rf.493d90ffe09b697aad8ef7b6223bca71.jpg,train,allergic_dermatitis,aug_0_1466_jpeg_jpg.rf.493d90ffe09b697aad8ef7b6223bca71.jpg,g00106
train/allergic_dermatitis/aug_0_1613_jpeg_jpg.rf.bcd6a50f56b08cbc79cf8468861dd16d.jpg,train,allergic_dermatitis,aug_0_1613_jpeg_jpg.rf.bcd6a50f56b08cbc79cf8468861dd16d.jpg,g00107
train/allergic_dermatitis/aug_0_1674_jpeg_jpg.rf.60407863fc3a7576a46dc028759bcaf3.jpg,train,allergic_dermatitis,aug_0_1674_jpeg_jpg.rf.60407863fc3a7576a46dc028759bcaf3.jpg,g00108
train/allergic_dermatitis/aug_0_1724_jpeg_jpg.rf.21b7a95d84101c59bcb049c1df66b80e.jpg,train,allergic_dermatitis,aug_0_1724_jpeg_jpg.rf.21b7a95d84101c59bcb049c1df66b80e.jpg,g00109
train/allergic_dermatitis/aug_0_1802_jpeg_jpg.rf.944d12131bededa82ae97b512eb290e6.jpg,train,allergic_dermatitis,aug_0_1802_jpeg_jpg.rf.944d12131bededa82ae97b512eb290e6.jpg,g00110
train/allergic_dermatitis/aug_0_1802_jpeg_jpg.rf.a8aa7a73c35cb829551d55a2141c21b2.jpg,train,allergic_dermatitis,aug_0_1802_jpeg_jpg.rf.a8aa7a73c35cb829551d55a2141c21b2.jpg,g00110
train/allergic_dermatitis/aug_0_1913_jpeg_jpg.rf.3f27be80973e530fc4388ff53a3e7545.jpg,train,allergic_dermatitis,aug_0_1913_jpeg_jpg.rf.3f27be80973e530fc4388ff53a3e7545.jpg,g00111
train/allergic_dermatitis/aug_0_2001_jpeg_jpg.rf.3e1b9058decf531cc738a5e52e255f72.jpg,train,allergic_dermatitis,aug_0_2001_jpeg_jpg.rf.3e1b9058decf531cc738a5e52e255f72.jpg,g00112
train/allergic_dermatitis/aug_0_2001_jpeg_jpg.rf.a42fe6da375dc31df3dac98f7bb19aea.jpg,train,allergic_dermatitis,aug_0_2001_jpeg_jpg.rf.a42fe6da375dc31df3dac98f7bb19aea.jpg,g00112
train/allergic_dermatitis/aug_0_2001_jpeg_jpg.rf.cf242a72221d02e6982cb69d78d0e41b.jpg,train,allergic_dermatitis,aug_0_2001_jpeg_jpg.rf.cf242a72221d02e6982cb69d78d0e41b.jpg,g00112
train/allergic_dermatitis/aug_0_2039_jpeg_jpg.rf.3f54a732121a92bf6315b8d5e63ad4f8.jpg,train,allergic_dermatitis,aug_0_2039_jpeg_jpg.rf.3f54a732121a92bf6315b8d5e63ad4f8.jpg,g00113
train/allergic_dermatitis/aug_0_2039_jpeg_jpg.rf.624017470a50736cd3e80fd3e9e3f4c3.jpg,train,allergic_dermatitis,aug_0_2039_jpeg_jpg.rf.624017470a50736cd3e80fd3e9e3f4c3.jpg,g00113
train/allergic_dermatitis/aug_0_2048_jpeg_jpg.rf.28489e495a7f96aceb18da4b061025c9.jpg,train,allergic_dermatitis,aug_0_2048_jpeg_jpg.rf.28489e495a7f96aceb18da4b061025c9.jpg,g00114
train/allergic_dermatitis/aug_0_2048_jpeg_jpg.rf.5e53befe126710f04dd5bb3209909fc3.jpg,train,allergic_dermatitis,aug_0_2048_jpeg_jpg.rf.5e53befe126710f04dd5bb3209909fc3.jpg,g00114
train/allergic_dermatitis/aug_0_2133_jpeg_jpg.rf.af1408da967d05817392c0633e6bfdea.jpg,train,allergic_dermatitis,aug_0_2133_jpeg_jpg.rf.af1408da967d05817392c0633e6bfdea.jpg,g00115
train/allergic_dermatitis/aug_0_2279_jpeg_jpg.rf.c1f806de96714d2382aeedf3c5fd6ac3.jpg,train,allergic_dermatitis,aug_0_2279_jpeg_jpg.rf.c1f806de96714d2382aeedf3c5fd6ac3.jpg,g00116
train/allergic_dermatitis/aug_0_2329_jpeg_jpg.rf.378aa8916fd01984b76b14f903626df5.jpg,train,allergic_dermatitis,aug_0_2329_jpeg_jpg.rf.378aa8916fd01984b76b14f903626df5.jpg,g00117
train/allergic_dermatitis/aug_0_2329_jpeg_jpg.rf.4c62e49ab75006566f3d1edb4c7eb74e.jpg,train,allergic_dermatitis,aug_0_2329_jpeg_jpg.rf.4c62e49ab75006566f3d1edb4c7eb74e.jpg,g00117
train/allergic_dermatitis/aug_0_234_jpeg_jpg.rf.56aaa1fc8a75dfc2daf38b1418b4d082.jpg,train,allergic_dermatitis,aug_0_234_jpeg_jpg.rf.56aaa1fc8a75dfc2daf38b1418b4d082.jpg,g00118
train/allergic_dermatitis/aug_0_234_jpeg_jpg.rf.c57e9b65fd1a57d13efeba91f57eb6ad.jpg,train,allergic_dermatitis,aug_0_234_jpeg_jpg.rf.c57e9b65fd1a57d13efeba91f57eb6ad.jpg,g00118
train/allergic_dermatitis/aug_0_2396_jpeg_jpg.rf.620e35b56655b23056fac504100490eb.jpg,train,allergic_dermatitis,aug_0_2396_jpeg_jpg.rf.620e35b56655b23056fac504100490eb.jpg,g00119
train/allergic_dermatitis/aug_0_2396_jpeg_jpg.rf.9896a5302bf2c81b56017517b98d037a.jpg,train,allergic_dermatitis,aug_0_2396_jpeg_jpg.rf.9896a5302bf2c81b56017517b98d037a.jpg,g00119
train/allergic_dermatitis/aug_0_2396_jpeg_jpg.rf.a33efdb6c329b8a71e71667f620b5491.jpg,train,allergic_dermatitis,aug_0_2396_jpeg_jpg.rf.a33efdb6c329b8a71e71667f620b5491.jpg,g00119
train/allergic_dermatitis/aug_0_2473_jpeg_jpg.rf.e264db84ab977f5dd4a553fe4bfb0a17.jpg,train,allergic_dermatitis,aug_0_2473_jpeg_jpg.rf.e264db84ab977f5dd4a553fe4bfb0a17.jpg,g00120
train/allergic_dermatitis/aug_0_2476_jpeg_jpg.rf.39611924fdc19a7e331998f1d96dcc3d.jpg,train,allergic_dermatitis,aug_0_2476_jpeg_jpg.rf.39611924fdc19a7e331998f1d96dcc3d.jpg,g00121
train/allergic_dermatitis/aug_0_2476_jpeg_jpg.rf.940239316ba5eb99fc0a32ba7052c87f.jpg,train,allergic_dermatitis,aug_0_2476_jpeg_jpg.rf.940239316ba5eb99fc0a32ba7052c87f.jpg,g00121
train/allergic_dermatitis/aug_0_2566_jpeg_jpg.rf.54ebc50ba5da3818fee27957a7cca80b.jpg,train,allergic_dermatitis,aug_0_2566_jpeg_jpg.rf.54ebc50ba5da3818fee27957a7cca80b.jpg,g00122
train/allergic_dermatitis/aug_0_2566_jpeg_jpg.rf.f904f2e09d3321cbac45820cfb0f1264.jpg,train,allergic_dermatitis,aug_0_2566_jpeg_jpg.rf.f904f2e09d3321cbac45820cfb0f1264.jpg,g00122
train/allergic_dermatitis/aug_0_2592_jpeg_jpg.rf.0efeeb29e2f66ddd4b577469bc8aabb0.jpg,train,allergic_dermatitis,aug_0_2592_jpeg_jpg.rf.0efeeb29e2f66ddd4b577469bc8aabb0.jpg,g00123
train/allergic_dermatitis/aug_0_2592_jpeg_jpg.rf.f64c9a415251e5a602ab8d95c2a01293.jpg,train,allergic_dermatitis,aug_0_2592_jpeg_jpg.rf.f64c9a415251e5a602ab8d95c2a01293.jpg,g00123
train/allergic_dermatitis/aug_0_2650_jpeg_jpg.rf.f1e9488294c34b035f18054fef2e0bcd.jpg,train,allergic_dermatitis,aug_0_2650_jpeg_jpg.rf.f1e9488294c34b035f18054fef2e0bcd.jpg,g00124
train/allergic_dermatitis/aug_0_2661_jpeg_jpg.rf.80995db3b1b572eda40c4de01d5a80b1.jpg,train,allergic_dermatitis,aug_0_2661_jpeg_jpg.rf.80995db3b1b572eda40c4de01d5a80b1.jpg,g00125
train/allergic_dermatitis/aug_0_2661_jpeg_jpg.rf.d692915fbf3fc2d9468b036886445d8a.jpg,train,allergic_dermatitis,aug_0_2661_jpeg_jpg.rf.d692915fbf3fc2d9468b036886445d8a.jpg,g00125
train/allergic_dermatitis/aug_0_2683_jpeg_jpg.rf.944c8ab73f4053fd4f2b5e57e3680d03.jpg,train,allergic_dermatitis,aug_0_2683_jpeg_jpg.rf.944c8ab73f4053fd4f2b5e57e3680d03.jpg,g00126
train/allergic_dermatitis/aug_0_2709_jpeg_jpg.rf.74ec40ab19ed64ab78eb17c9a2ad6da8.jpg,train,allergic_dermatitis,aug_0_2709_jpeg_jpg.rf.74ec40ab19ed64ab78eb17c9a2ad6da8.jpg,g00127
train/allergic_dermatitis/aug_0_2709_jpeg_jpg.rf.939f85b206b47c21d9aad9e700159f14.jpg,train,allergic_dermatitis,aug_0_2709_jpeg_jpg.rf.939f85b206b47c21d9aad9e700159f14.jpg,g00127
train/allergic_dermatitis/aug_0_2755_jpeg_jpg.rf.0e8f4a3b874aacbab8b05142e6e4f8d8.jpg,train,allergic_dermatitis,aug_0_2755_jpeg_jpg.rf.0e8f4a3b874aacbab8b05142e6e4f8d8.jpg,g00128
train/allergic_dermatitis/aug_0_2755_jpeg_jpg.rf.cc12c82631cf2809a7a49984fd51e6b9.jpg,train,allergic_dermatitis,aug_0_2755_jpeg_jpg.rf.cc12c82631cf2809a7a49984fd51e6b9.jpg,g00128
train/allergic_dermatitis/aug_0_2779_jpeg_jpg.rf.f1944560112e1b0ef3992c272a0cd37c.jpg,train,allergic_dermatitis,aug_0_2779_jpeg_jpg.rf.f1944560112e1b0ef3992c272a0cd37c.jpg,g00129
train/allergic_dermatitis/aug_0_2794_jpeg_jpg.rf.0b12431495aa9dd77f7af5a191dbb171.jpg,train,allergic_dermatitis,aug_0_2794_jpeg_jpg.rf.0b12431495aa9dd77f7af5a191dbb171.jpg,g00130
train/allergic_dermatitis/aug_0_2794_jpeg_jpg.rf.4c02d2d548c366a6dc198c26074ffaef.jpg,train,allergic_dermatitis,aug_0_2794_jpeg_jpg.rf.4c02d2d548c366a6dc198c26074ffaef.jpg,g00130
train/allergic_dermatitis/aug_0_2824_jpeg_jpg.rf.0c44636472de4f8cff2f697577316174.jpg,train,allergic_dermatitis,aug_0_2824_jpeg_jpg.rf.0c44636472de4f8cff2f697577316174.jpg,g00131
train/allergic_dermatitis/aug_0_2824_jpeg_jpg.rf.f6c6fd7debad0686d2e35e1a0720b154.jpg,train,allergic_dermatitis,aug_0_2824_jpeg_jpg.rf.f6c6fd7debad0686d2e35e1a0720b154.jpg,g00131
train/allergic_dermatitis/aug_0_2835_jpeg_jpg.rf.8905f1a7420d5cfb46d3084833f8236a.jpg,train,allergic_dermatitis,aug_0_2835_jpeg_jpg.rf.8905f1a7420d5cfb46d3084833f8236a.jpg,g00132
train/allergic_dermatitis/aug_0_2846_jpeg_jpg.rf.a2c8ce920e0eea4aec08fa0847971860.jpg,train,allergic_dermatitis,aug_0_2846_jpeg_jpg.rf.a2c8ce920e0eea4aec08fa0847971860.jpg,g00133
train/allergic_dermatitis/aug_0_2846_jpeg_jpg.rf.d2cc87a9038919b4c5615f52e8250c8e.jpg,train,allergic_dermatitis,aug_0_2846_jpeg_jpg.rf.d2cc87a9038919b4c5615f52e8250c8e.jpg,g00133
train/allergic_dermatitis/aug_0_2896_jpeg_jpg.rf.09653488c93b6261283812b53d34dfce.jpg,train,allergic_dermatitis,aug_0_2896_jpeg_jpg.rf.09653488c93b6261283812b53d34dfce.jpg,g00134
train/allergic_dermatitis/aug_0_2896_jpeg_jpg.rf.62c8beeafabb8c95396e3aeba3be22f7.jpg,train,allergic_dermatitis,aug_0_2896_jpeg_jpg.rf.62c8beeafabb8c95396e3aeba3be22f7.jpg,g00134
train/allergic_dermatitis/aug_0_291_jpeg_jpg.rf.c4999d1225c95d8ff4d4fc69a59cb0dd.jpg,train,allergic_dermatitis,aug_0_291_jpeg_jpg.rf.c4999d1225c95d8ff4d4fc69a59cb0dd.jpg,g00135
train/allergic_dermatitis/aug_0_291_jpeg_jpg.rf.e66cc096a393f872c843be135250c0a4.jpg,train,allergic_dermatitis,aug_0_291_jpeg_jpg.rf.e66cc096a393f872c843be135250c0a4.jpg,g00135
train/allergic_dermatitis/aug_0_2973_jpeg_jpg.rf.7b2cf8b65ae78d01cbb67bffec666c02.jpg,train,allergic_dermatitis,aug_0_2973_jpeg_jpg.rf.7b2cf8b65ae78d01cbb67bffec666c02.jpg,g00136
train/allergic_dermatitis/aug_0_2973_jpeg_jpg.rf.9cbdc93e12227d6cb711b09337ba3ae2.jpg,train,allergic_dermatitis,aug_0_2973_jpeg_jpg.rf.9cbdc93e12227d6cb711b09337ba3ae2.jpg,g00136
train/allergic_dermatitis/aug_0_3008_jpeg_jpg.rf.db4077dc4ad7f5fdc58d1330f5b83c88.jpg,train,allergic_dermatitis,aug_0_3008_jpeg_jpg.rf.db4077dc4ad7f5fdc58d1330f5b83c88.jpg,g00137
train/allergic_dermatitis/aug_0_3132_jpeg_jpg.rf.8585300d4203ff16231c513d79ef89e5.jpg,train,allergic_dermatitis,aug_0_3132_jpeg_jpg.rf.8585300d4203ff16231c513d79ef89e5.jpg,g00138
train/allergic_dermatitis/aug_0_3176_jpeg_jpg.rf.805678d9065d0983ea12695fb790511f.jpg,train,allergic_dermatitis,aug_0_3176_jpeg_jpg.rf.805678d9065d0983ea12695fb790511f.jpg,g00139
train/allergic_dermatitis/aug_0_3241_jpeg_jpg.rf.12f74c27751a20643e4ecbd9f663a0b7.jpg,train,allergic_dermatitis,aug_0_3241_jpeg_jpg.rf.12f74c27751a20643e4ecbd9f663a0b7.jpg,g00140
train/allergic_dermatitis/aug_0_3254_jpeg_jpg.rf.6b6c060373b55321a69465752ec66b09.jpg,train,allergic_dermatitis,aug_0_3254_jpeg_jpg.rf.6b6c060373b55321a69465752ec66b09.jpg,g00141
train/allergic_dermatitis/aug_0_3254_jpeg_jpg.rf.ed45f93dea9916ad7b41be1497d7bde2.jpg,train,allergic_dermatitis,aug_0_3254_jpeg_jpg.rf.ed45f93dea9916ad7b41be1497d7bde2.jpg,g00141
train/allergic_dermatitis/aug_0_3321_jpeg_jpg.rf.6d9a0ad0d6b7ef3ab14942c1cd0b9504.jpg,train,allergic_dermatitis,aug_0_3321_jpeg_jpg.rf.6d9a0ad0d6b7ef3ab14942c1cd0b9504.jpg,g00142
train/allergic_dermatitis/aug_0_3321_jpeg_jpg.rf.d75ed0a124f844f0c682cd30941baaff.jpg,train,allergic_dermatitis,aug_0_3321_jpeg_jpg.rf.d75ed0a124f844f0c682cd30941baaff.jpg,g00142
train/allergic_dermatitis/aug_0_3390_jpeg_jpg.rf.7e0945af3c5423ceaa01ef5322e21e3a.jpg,train,allergic_dermatitis,aug_0_3390_jpeg_jpg.rf.7e0945af3c5423ceaa01ef5322e21e3a.jpg,g00143
train/allergic_dermatitis/aug_0_3390_jpeg_jpg.rf.eabd6eb9bec2abb3b6da6017181eaa3d.jpg,train,allergic_dermatitis,aug_0_3390_jpeg_jpg.rf.eabd6eb9bec2abb3b6da6017181eaa3d.jpg,g00143
train/allergic_dermatitis/aug_0_3476_jpeg_jpg.rf.2ba1069624559709de12f0689c99fdc5.jpg,train,allergic_dermatitis,aug_0_3476_jpeg_jpg.rf.2ba1069624559709de12f0689c99fdc5.jpg,g00144
train/allergic_dermatitis/aug_0_3553_jpeg_jpg.rf.14a3369d773d2f533c5ab50565d02132.jpg,train,allergic_dermatitis,aug_0_3553_jpeg_jpg.rf.14a3369d773d2f533c5ab50565d02132.jpg,g00145
train/allergic_dermatitis/aug_0_3553_jpeg_jpg.rf.ea59ec46369eb0728b8754d4d138ce41.jpg,train,allergic_dermatitis,aug_0_3553_jpeg_jpg.rf.ea59ec46369eb0728b8754d4d138ce41.jpg,g00145
train/allergic_dermatitis/aug_0_3636_jpeg_jpg.rf.31956a8b3cd8aad0f2081600302a840e.jpg,train,allergic_dermatitis,aug_0_3636_jpeg_jpg.rf.31956a8b3cd8aad0f2081600302a840e.jpg,g00146
train/allergic_dermatitis/aug_0_3636_jpeg_jpg.rf.3e4f532725b118238ec524b0b44a6339.jpg,train,allergic_dermatitis,aug_0_3636_jpeg_jpg.rf.3e4f532725b118238ec524b0b44a6339.jpg,g00146
train/allergic_dermatitis/aug_0_3637_jpeg_jpg.rf.10b3152066036cc6335aadf2afe3f9f5.jpg,train,allergic_dermatitis,aug_0_3637_jpeg_jpg.rf.10b3152066036cc6335aadf2afe3f9f5.jpg,g00147
train/allergic_dermatitis/aug_0_3637_jpeg_jpg.rf.587f2792f509d42584985917f87b5436.jpg,train,allergic_dermatitis,aug_0_3637_jpeg_jpg.rf.587f2792f509d42584985917f87b5436.jpg,g00147
train/allergic_dermatitis/aug_0_3685_jpeg_jpg.rf.76510451c8d0c22ca56f8c1a2fde1f57.jpg,train,allergic_dermatitis,aug_0_3685_jpeg_jpg.rf.76510451c8d0c22ca56f8c1a2fde1f57.jpg,g00148
train/allergic_dermatitis/aug_0_3703_jpeg_jpg.rf.52552e1566e8c13163f454740280b0b3.jpg,train,allergic_dermatitis,aug_0_3703_jpeg_jpg.rf.52552e1566e8c13163f454740280b0b3.jpg,g00149
train/allergic_dermatitis/aug_0_3703_jpeg_jpg.rf.5fac6be952a71f11255e272c3f824da0.jpg,train,allergic_dermatitis,aug_0_3703_jpeg_jpg.rf.5fac6be952a71f11255e272c3f824da0.jpg,g00149
train/allergic_dermatitis/aug_0_3718_jpeg_jpg.rf.073e6ed06d8c596cca0a323ac4661c51.jpg,train,allergic_dermatitis,aug_0_3718_jpeg_jpg.rf.073e6ed06d8c596cca0a323ac4661c51.jpg,g00150
train/allergic_dermatitis/aug_0_3898_jpeg_jpg.rf.f45846690a6faaef628b88c11d888b56.jpg,train,allergic_dermatitis,aug_0_3898_jpeg_jpg.rf.f45846690a6faaef628b88c11d888b56.jpg,g00151
train/allergic_dermatitis/aug_0_3906_jpeg_jpg.rf.6f255c8ed8b2e064cb597fb1982e6b2d.jpg,train,allergic_dermatitis,aug_0_3906_jpeg_jpg.rf.6f255c8ed8b2e064cb597fb1982e6b2d.jpg,g00152
train/allergic_dermatitis/aug_0_3906_jpeg_jpg.rf.73e2f69a03f48259552a62b9b6a9b843.jpg,train,allergic_dermatitis,aug_0_3906_jpeg_jpg.rf.73e2f69a03f48259552a62b9b6a9b843.jpg,g00152
train/allergic_dermatitis/aug_0_3907_jpeg_jpg.rf.668b765d7b9847421a0ca47af5709d80.jpg,train,allergic_dermatitis,aug_0_3907_jpeg_jpg.rf.668b765d7b9847421a0ca47af5709d80.jpg,g00153
train/allergic_dermatitis/aug_0_3907_jpeg_jpg.rf.9df0d17d9b4a22c647ab3abdfc81ebb5.jpg,train,allergic_dermatitis,aug_0_3907_jpeg_jpg.rf.9df0d17d9b4a22c647ab3abdfc81ebb5.jpg,g00153
train/allergic_dermatitis/aug_0_3923_jpeg_jpg.rf.200d41beba15e5b981c2810f40f83733.jpg,train,allergic_dermatitis,aug_0_3923_jpeg_jpg.rf.200d41beba15e5b981c2810f40f83733.jpg,g00154
train/allergic_dermatitis/aug_0_3923_jpeg_jpg.rf.2e986a81a208b4d1040350b7dac3b55e.jpg,train,allergic_dermatitis,aug_0_3923_jpeg_jpg.rf.2e986a81a208b4d1040350b7dac3b55e.jpg,g00154
train/allergic_dermatitis/aug_0_4104_jpeg_jpg.rf.05242b88d488a961cd52b95b50018b49.jpg,train,allergic_dermatitis,aug_0_4104_jpeg_jpg.rf.05242b88d488a961cd52b95b50018b49.jpg,g00155
train/allergic_dermatitis/aug_0_4160_jpeg_jpg.rf.764b862fe29e2caea478c4c1bcf3721e.jpg,train,allergic_dermatitis,aug_0_4160_jpeg_jpg.rf.764b862fe29e2caea478c4c1bcf3721e.jpg,g00156
train/allergic_dermatitis/aug_0_4160_jpeg_jpg.rf.765c4331250068c39091950b244d6627.jpg,train,allergic_dermatitis,aug_0_4160_jpeg_jpg.rf.765c4331250068c39091950b244d6627.jpg,g00156
train/allergic_dermatitis/aug_0_4193_jpeg_jpg.rf.11ec6b4b8f7dec9b2d729e431001941a.jpg,train,allergic_dermatitis,aug_0_4193_jpeg_jpg.rf.11ec6b4b8f7dec9b2d729e431001941a.jpg,g00157
train/allergic_dermatitis/aug_0_4193_jpeg_jpg.rf.d306750c0a8ee29d5b965446257ee39b.jpg,train,allergic_dermatitis,aug_0_4193_jpeg_jpg.rf.d306750c0a8ee29d5b965446257ee39b.jpg,g00157
train/allergic_dermatitis/aug_0_4251_jpeg_jpg.rf.f09168b69a608fdf3332095c74c156a4.jpg,train,allergic_dermatitis,aug_0_4251_jpeg_jpg.rf.f09168b69a608fdf3332095c74c156a4.jpg,g00158
train/allergic_dermatitis/aug_0_4318_jpeg_jpg.rf.dc3feafd0c89d97c9026328201d74ae0.jpg,train,allergic_dermatitis,aug_0_4318_jpeg_jpg.rf.dc3feafd0c89d97c9026328201d74ae0.jpg,g00159
train/allergic_dermatitis/aug_0_4406_jpeg_jpg.rf.07769e8652806c5f25455d3c35720dd7.jpg,train,allergic_dermatitis,aug_0_4406_jpeg_jpg.rf.07769e8652806c5f25455d3c35720dd7.jpg,g00160
train/allergic_dermatitis/aug_0_4417_jpeg_jpg.rf.078d798fbef919560cc4ccae51d5bfd7.jpg,train,allergic_dermatitis,aug_0_4417_jpeg_jpg.rf.078d798fbef919560cc4ccae51d5bfd7.jpg,g00161
train/allergic_dermatitis/aug_0_4493_jpeg_jpg.rf.20ec6426edd53c69d1737a02b1885b2e.jpg,train,allergic_dermatitis,aug_0_4493_jpeg_jpg.rf.20ec6426edd53c69d1737a02b1885b2e.jpg,g00162
train/allergic_dermatitis/aug_0_4493_jpeg_jpg.rf.4b7fb3e74e11004fc041098f6a0dfe7d.jpg,train,allergic_dermatitis,aug_0_4493_jpeg_jpg.rf.4b7fb3e74e11004fc041098f6a0dfe7d.jpg,g00162
train/allergic_dermatitis/aug_0_4530_jpeg_jpg.rf.909db6463eeb9062714ae0d09951ca23.jpg,train,allergic_dermatitis,aug_0_4530_jpeg_jpg.rf.909db6463eeb9062714ae0d09951ca23.jpg,g00163
train/allergic_dermatitis/aug_0_4563_jpeg_jpg.rf.f31f4a8fc87dde84575525132f4aadd7.jpg,train,allergic_dermatitis,aug_0_4563_jpeg_jpg.rf.f31f4a8fc87dde84575525132f4aadd7.jpg,g00164
train/allergic_dermatitis/aug_0_4602_jpeg_jpg.rf.ab2b5cc45b11ae3ebc0094968bff1c5e.jpg,train,allergic_dermatitis,aug_0_4602_jpeg_jpg.rf.ab2b5cc45b11ae3ebc0094968bff1c5e.jpg,g00165
train/allergic_dermatitis/aug_0_4717_jpeg_jpg.rf.6c59f4865cca4b24e93f2d6c761db24b.jpg,train,allergic_dermatitis,aug_0_4717_jpeg_jpg.rf.6c59f4865cca4b24e93f2d6c761db24b.jpg,g00166
train/allergic_dermatitis/aug_0_4851_jpeg_jpg.rf.43f39629fb033dd82ec81f2c5179dd53.jpg,train,allergic_dermatitis,aug_0_4851_jpeg_jpg.rf.43f39629fb033dd82ec81f2c5179dd53.jpg,g00167
train/allergic_dermatitis/aug_0_4851_jpeg_jpg.rf.e01d4fab155ed5ef5b05ab25dbd5cf00.jpg,train,allergic_dermatitis,aug_0_4851_jpeg_jpg.rf.e01d4fab155ed5ef5b05ab25dbd5cf00.jpg,g00167
train/allergic_dermatitis/aug_0_4957_jpeg_jpg.rf.7e269c6d8e1f25fbfa1f08021cfee6fb.jpg,train,allergic_dermatitis,aug_0_4957_jpeg_jpg.rf.7e269c6d8e1f25fbfa1f08021cfee6fb.jpg,g00168
train/allergic_dermatitis/aug_0_4967_jpeg_jpg.rf.3337c811ad3b94e3d2c54ba0bff0d59c.jpg,train,allergic_dermatitis,aug_0_4967_jpeg_jpg.rf.3337c811ad3b94e3d2c54ba0bff0d59c.jpg,g00169
train/allergic_dermatitis/aug_0_4967_jpeg_jpg.rf.841a68f5b7de4d1a42a70c8883e41394.jpg,train,allergic_dermatitis,aug_0_4967_jpeg_jpg.rf.841a68f5b7de4d1a42a70c8883e41394.jpg,g00169
train/allergic_dermatitis/aug_0_498_jpeg_jpg.rf.db41a52e9b318425ebf80670a64dc213.jpg,train,allergic_dermatitis,aug_0_498_jpeg_jpg.rf.db41a52e9b318425ebf80670a64dc213.jpg,g00170
train/allergic_dermatitis/aug_0_5031_jpeg_jpg.rf.9892421bbee1888ad458010a6c48263d.jpg,train,allergic_dermatitis,aug_0_5031_jpeg_jpg.rf.9892421bbee1888ad458010a6c48263d.jpg,g00171
train/allergic_dermatitis/aug_0_5031_jpeg_jpg.rf.a4663761f5a33dffe704415910a7954a.jpg,train,allergic_dermatitis,aug_0_5031_jpeg_jpg.rf.a4663761f5a33dffe704415910a7954a.jpg,g00171
train/allergic_dermatitis/aug_0_5050_jpeg_jpg.rf.414906bf1fe17194c275657b0a2a0e4c.jpg,train,allergic_dermatitis,aug_0_5050_jpeg_jpg.rf.414906bf1fe17194c275657b0a2a0e4c.jpg,g00172
train/allergic_dermatitis/aug_0_5050_jpeg_jpg.rf.f1918da4a77ace571b4a85cd34ae462b.jpg,train,allergic_dermatitis,aug_0_5050_jpeg_jpg.rf.f1918da4a77ace571b4a85cd34ae462b.jpg,g00172
train/allergic_dermatitis/aug_0_5057_jpeg_jpg.rf.e6724c9abe6b3cec170e4a0cd3ffe7d0.jpg,train,allergic_dermatitis,aug_0_5057_jpeg_jpg.rf.e6724c9abe6b3cec170e4a0cd3ffe7d0.jpg,g00173
train/allergic_dermatitis/aug_0_5058_jpeg_jpg.rf.26436cfc93d11b6aa4d19960bf161872.jpg,train,allergic_dermatitis,aug_0_5058_jpeg_jpg.rf.26436cfc93d11b6aa4d19960bf161872.jpg,g00174
train/allergic_dermatitis/aug_0_5136_jpeg_jpg.rf.6b4a1cc97943e58f8f755a9c2e32db52.jpg,train,allergic_dermatitis,aug_0_5136_jpeg_jpg.rf.6b4a1cc97943e58f8f755a9c2e32db52.jpg,g00175
train/allergic_dermatitis/aug_0_5136_jpeg_jpg.rf.9b2c228cc54b834fedd0720f68392a25.jpg,train,allergic_dermatitis,aug_0_5136_jpeg_jpg.rf.9b2c228cc54b834fedd0720f68392a25.jpg,g00175
train/allergic_dermatitis/aug_0_5156_jpeg_jpg.rf.208a142edd6a13095cc4cab709abb10f.jpg,train,allergic_dermatitis,aug_0_5156_jpeg_jpg.rf.208a142edd6a13095cc4cab709abb10f.jpg,g00176
train/allergic_dermatitis/aug_0_5156_jpeg_jpg.rf.98a1da0f862b024256658696d57e3cf3.jpg,train,allergic_dermatitis,aug_0_5156_jpeg_jpg.rf.98a1da0f862b024256658696d57e3cf3.jpg,g00176
train/allergic_dermatitis/aug_0_5179_jpeg_jpg.rf.bc17b166ab6383c3f9502b68dea5ae83.jpg,train,allergic_dermatitis,aug_0_5179_jpeg_jpg.rf.bc17b166ab6383c3f9502b68dea5ae83.jpg,g00177
train/allergic_dermatitis/aug_0_5179_jpeg_jpg.rf.be532542c0335fb3e3f3faf153819fd4.jpg,train,allergic_dermatitis,aug_0_5179_jpeg_jpg.rf.be532542c0335fb3e3f3faf153819fd4.jpg,g00177
train/allergic_dermatitis/aug_0_522_jpeg_jpg.rf.6c7afb01164436b58a86284c21e7d41b.jpg,train,allergic_dermatitis,aug_0_522_jpeg_jpg.rf.6c7afb01164436b58a86284c21e7d41b.jpg,g00178
train/allergic_dermatitis/aug_0_522_jpeg_jpg.rf.b9ffc3ec7590d0446b6814a31816923a.jpg,train,allergic_dermatitis,aug_0_522_jpeg_jpg.rf.b9ffc3ec7590d0446b6814a31816923a.jpg,g00178
train/allergic_dermatitis/aug_0_5271_jpeg_jpg.rf.32a042bcfbf47c413d4d1bde275685ca.jpg,train,allergic_dermatitis,aug_0_5271_jpeg_jpg.rf.32a042bcfbf47c413d4d1bde275685ca.jpg,g00179
train/allergic_dermatitis/aug_0_5271_jpeg_jpg.rf.f89a700f0be5075657b1ef053149b9c9.jpg,train,allergic_dermatitis,aug_0_5271_jpeg_jpg.rf.f89a700f0be5075657b1ef053149b9c9.jpg,g00179
train/allergic_dermatitis/aug_0_5348_jpeg_jpg.rf.9e58026c4fc978c3afb2c2472c9d0759.jpg,train,allergic_dermatitis,aug_0_5348_jpeg_jpg.rf.9e58026c4fc978c3afb2c2472c9d0759.jpg,g00180
train/allergic_dermatitis/aug_0_5348_jpeg_jpg.rf.d03ff5d230ca942dc7c7ddd5dd256694.jpg,train,allergic_dermatitis,aug_0_5348_jpeg_jpg.rf.d03ff5d230ca942dc7c7ddd5dd256694.jpg,g00180
train/allergic_dermatitis/aug_0_5350_jpeg_jpg.rf.cc961e8d681208ac5d7f4adef14e432e.jpg,train,allergic_dermatitis,aug_0_5350_jpeg_jpg.rf.cc961e8d681208ac5d7f4adef14e432e.jpg,g00181
train/allergic_dermatitis/aug_0_5350_jpeg_jpg.rf.cd49ca6552c62dde44a6e78a27f83dfe.jpg,train,allergic_dermatitis,aug_0_5350_jpeg_jpg.rf.cd49ca6552c62dde44a6e78a27f83dfe.jpg,g00181
train/allergic_dermatitis/aug_0_5446_jpeg_jpg.rf.1204a712e25dbd7f89487044e16b4ac2.jpg,train,allergic_dermatitis,aug_0_5446_jpeg_jpg.rf.1204a712e25dbd7f89487044e16b4ac2.jpg,g00182
train/allergic_dermatitis/aug_0_5446_jpeg_jpg.rf.7274e5737995286c2a2a113b0aee8802.jpg,train,allergic_dermatitis,aug_0_5446_jpeg_jpg.rf.7274e5737995286c2a2a113b0aee8802.jpg,g00182
train/allergic_dermatitis/aug_0_5577_jpeg_jpg.rf.085f1317b0983b54f95e0868a0e3b29c.jpg,train,allergic_dermatitis,aug_0_5577_jpeg_jpg.rf.085f1317b0983b54f95e0868a0e3b29c.jpg,g00183
train/allergic_dermatitis/aug_0_5712_jpeg_jpg.rf.0536dae35d9b13ca1812fe5a5ca4b766.jpg,train,allergic_dermatitis,aug_0_5712_jpeg_jpg.rf.0536dae35d9b13ca1812fe5a5ca4b766.jpg,g00184
train/allergic_dermatitis/aug_0_5712_jpeg_jpg.rf.1b954ff25e055b788744b96de1dcd036.jpg,train,allergic_dermatitis,aug_0_5712_jpeg_jpg.rf.1b954ff25e055b788744b96de1dcd036.jpg,g00184
train/allergic_dermatitis/aug_0_5750_jpeg_jpg.rf.a273294c96c019103288cb6cfa14422c.jpg,train,allergic_dermatitis,aug_0_5750_jpeg_jpg.rf.a273294c96c019103288cb6cfa14422c.jpg,g00185
train/allergic_dermatitis/aug_0_5750_jpeg_jpg.rf.e7477042d2ba660afd34f85ae29afdbb.jpg,train,allergic_dermatitis,aug_0_5750_jpeg_jpg.rf.e7477042d2ba660afd34f85ae29afdbb.jpg,g00185
train/allergic_dermatitis/aug_0_5764_jpeg_jpg.rf.5dc6835a2c75693d03a26d4a5a35fe2d.jpg,train,allergic_dermatitis,aug_0_5764_jpeg_jpg.rf.5dc6835a2c75693d03a26d4a5a35fe2d.jpg,g00186
train/allergic_dermatitis/aug_0_5909_jpeg_jpg.rf.1bc59016bb91a24c654dd0886ed7c40b.jpg,train,allergic_dermatitis,aug_0_5909_jpeg_jpg.rf.1bc59016bb91a24c654dd0886ed7c40b.jpg,g00187
train/allergic_dermatitis/aug_0_5909_jpeg_jpg.rf.2d97407777805e09a4000b9936620cbb.jpg,train,allergic_dermatitis,aug_0_5909_jpeg_jpg.rf.2d97407777805e09a4000b9936620cbb.jpg,g00187
train/allergic_dermatitis/aug_0_5916_jpeg_jpg.rf.66c858a51276489e505790da5093a67b.jpg,train,allergic_dermatitis,aug_0_5916_jpeg_jpg.rf.66c858a51276489e505790da5093a67b.jpg,g00188
train/allergic_dermatitis/aug_0_5917_jpeg_jpg.rf.2b5b5034992aff82482c5e998231cf16.jpg,train,allergic_dermatitis,aug_0_5917_jpeg_jpg.rf.2b5b5034992aff82482c5e998231cf16.jpg,g00189
train/allergic_dermatitis/aug_0_5917_jpeg_jpg.rf.f5424a4e56a4eb31608eccda21e06184.jpg,train,allergic_dermatitis,aug_0_5917_jpeg_jpg.rf.f5424a4e56a4eb31608eccda21e06184.jpg,g00189
train/allergic_dermatitis/aug_0_6036_jpeg_jpg.rf.08c1f0728214fb4c8d0b7c9fc5a2343a.jpg,train,allergic_dermatitis,aug_0_6036_jpeg_jpg.rf.08c1f0728214fb4c8d0b7c9fc5a2343a.jpg,g00190
train/allergic_dermatitis/aug_0_6036_jpeg_jpg.rf.68a85bb9a6c7a05d0eb8ecae7a8f2180.jpg,train,allergic_dermatitis,aug_0_6036_jpeg_jpg.rf.68a85bb9a6c7a05d0eb8ecae7a8f2180.jpg,g00190
train/allergic_dermatitis/aug_0_6170_jpeg_jpg.rf.1c3b9cb16d144dace80711e2c94be31f.jpg,train,allergic_dermatitis,aug_0_6170_jpeg_jpg.rf.1c3b9cb16d144dace80711e2c94be31f.jpg,g00191
train/allergic_dermatitis/aug_0_6170_jpeg_jpg.rf.c1e27c14eb80b48a6b613a3e6c85d734.jpg,train,allergic_dermatitis,aug_0_6170_jpeg_jpg.rf.c1e27c14eb80b48a6b613a3e6c85d734.jpg,g00191
train/allergic_dermatitis/aug_0_6257_jpeg_jpg.rf.250fa95b7e3cf21be63f87920c466fb0.jpg,train,allergic_dermatitis,aug_0_6257_jpeg_jpg.rf.250fa95b7e3cf21be63f87920c466fb0.jpg,g00192
train/allergic_dermatitis/aug_0_625_jpeg_jpg.rf.d7e24f40bbbd915c45c067b1815542be.jpg,train,allergic_dermatitis,aug_0_625_jpeg_jpg.rf.d7e24f40bbbd915c45c067b1815542be.jpg,g00193
train/allergic_dermatitis/aug_0_625_jpeg_jpg.rf.f2843a2eb66490baf14a2acb3c8a8776.jpg,train,allergic_dermatitis,aug_0_625_jpeg_jpg.rf.f2843a2eb66490baf14a2acb3c8a8776.jpg,g00193
train/allergic_dermatitis/aug_0_628_jpeg_jpg.rf.0f3bf83cf59b988a5c1ab41e19dbf3c4.jpg,train,allergic_dermatitis,aug_0_628_jpeg_jpg.rf.0f3bf83cf59b988a5c1ab41e19dbf3c4.jpg,g00194
train/allergic_dermatitis/aug_0_628_jpeg_jpg.rf.90c2b36956618d5668296fa514cde71b.jpg,train,allergic_dermatitis,aug_0_628_jpeg_jpg.rf.90c2b36956618d5668296fa514cde71b.jpg,g00194
train/allergic_dermatitis/aug_0_6356_jpeg_jpg.rf.eeab9992b506332ab0283cd90a6642e3.jpg,train,allergic_dermatitis,aug_0_6356_jpeg_jpg.rf.eeab9992b506332ab0283cd90a6642e3.jpg,g00195
train/allergic_dermatitis/aug_0_637_jpeg_jpg.rf.382f4554afd35c05ae6a59449f60b829.jpg,train,allergic_dermatitis,aug_0_637_jpeg_jpg.rf.382f4554afd35c05ae6a59449f60b829.jpg,g00196
train/allergic_dermatitis/aug_0_637_jpeg_jpg.rf.4a70dbe508d0e06b0ba600a0422b3304.jpg,train,allergic_dermatitis,aug_0_637_jpeg_jpg.rf.4a70dbe508d0e06b0ba600a0422b3304.jpg,g00196
train/allergic_dermatitis/aug_0_6407_jpeg_jpg.rf.8aa10a6174bfee89469bb77d7a36ae36.jpg,train,allergic_dermatitis,aug_0_6407_jpeg_jpg.rf.8aa10a6174bfee89469bb77d7a36ae36.jpg,g00197
train/allergic_dermatitis/aug_0_6407_jpeg_jpg.rf.f121d68e6b6a5894b6d5aff5244b2ea1.jpg,train,allergic_dermatitis,aug_0_6407_jpeg_jpg.rf.f121d68e6b6a5894b6d5aff5244b2ea1.jpg,g00197
train/allergic_dermatitis/aug_0_6415_jpeg_jpg.rf.752059be1250908ee1d5dfb727677fc2.jpg,train,allergic_dermatitis,aug_0_6415_jpeg_jpg.rf.752059be1250908ee1d5dfb727677fc2.jpg,g00198
train/allergic_dermatitis/aug_0_6415_jpeg_jpg.rf.c6bfe88e94af2206ecd18a6ac9065a7c.jpg,train,allergic_dermatitis,aug_0_6415_jpeg_jpg.rf.c6bfe88e94af2206ecd18a6ac9065a7c.jpg,g00198
train/allergic_dermatitis/aug_0_6545_jpeg_jpg.rf.ad7a3b8d48fa37c80c4fb6e7afb81581.jpg,train,allergic_dermatitis,aug_0_6545_jpeg_jpg.rf.ad7a3b8d48fa37c80c4fb6e7afb81581.jpg,g00199
train/allergic_dermatitis/aug_0_6615_jpeg_jpg.rf.c98cc30198c7eb1fd79681f9a9190e05.jpg,train,allergic_dermatitis,aug_0_6615_jpeg_jpg.rf.c98cc30198c7eb1fd79681f9a9190e05.jpg,g00200
train/allergic_dermatitis/aug_0_6658_jpeg_jpg.rf.37df7cefd2511ad99ce6b33d6bfe62bd.jpg,train,allergic_dermatitis,aug_0_6658_jpeg_jpg.rf.37df7cefd2511ad99ce6b33d6bfe62bd.jpg,g00201
train/allergic_dermatitis/aug_0_6658_jpeg_jpg.rf.f5f0fc9cdacdf0b9bcabf944592c6c11.jpg,train,allergic_dermatitis,aug_0_6658_jpeg_jpg.rf.f5f0fc9cdacdf0b9bcabf944592c6c11.jpg,g00201
train/allergic_dermatitis/aug_0_6695_jpeg_jpg.rf.1c448de135e751ae1d54f9b068f11bc0.jpg,train,allergic_dermatitis,aug_0_6695_jpeg_jpg.rf.1c448de135e751ae1d54f9b068f11bc0.jpg,g00202
train/allergic_dermatitis/aug_0_6702_jpeg_jpg.rf.10a35603da5848d68ccb39ae4ef4dc00.jpg,train,allergic_dermatitis,aug_0_6702_jpeg_jpg.rf.10a35603da5848d68ccb39ae4ef4dc00.jpg,g00203
train/allergic_dermatitis/aug_0_6702_jpeg_jpg.rf.d5231ddea1a4b08a8a0ff91b74e3f108.jpg,train,allergic_dermatitis,aug_0_6702_jpeg_jpg.rf.d5231ddea1a4b08a8a0ff91b74e3f108.jpg,g00203
train/allergic_dermatitis/aug_0_6721_jpeg_jpg.rf.a5d95b77ee29cb72c6d81a536fbb18d1.jpg,train,allergic_dermatitis,aug_0_6721_jpeg_jpg.rf.a5d95b77ee29cb72c6d81a536fbb18d1.jpg,g00204
train/allergic_dermatitis/aug_0_6751_jpeg_jpg.rf.37114f0b690235c45efe6d1158712ba4.jpg,train,allergic_dermatitis,aug_0_6751_jpeg_jpg.rf.37114f0b690235c45efe6d1158712ba4.jpg,g00205
train/allergic_dermatitis/aug_0_6751_jpeg_jpg.rf.cb18a149b90d31920c2d098a24e6bd48.jpg,train,allergic_dermatitis,aug_0_6751_jpeg_jpg.rf.cb18a149b90d31920c2d098a24e6bd48.jpg,g00205
train/allergic_dermatitis/aug_0_6862_jpeg_jpg.rf.6d801e69b7d32c68cea663c982b9216f.jpg,train,allergic_dermatitis,aug_0_6862_jpeg_jpg.rf.6d801e69b7d32c68cea663c982b9216f.jpg,g00206
train/allergic_dermatitis/aug_0_6889_jpeg_jpg.rf.3b3b7fb497a217b4baef5ff8a9da6647.jpg,train,allergic_dermatitis,aug_0_6889_jpeg_jpg.rf.3b3b7fb497a217b4baef5ff8a9da6647.jpg,g00207
train/allergic_dermatitis/aug_0_6938_jpeg_jpg.rf.e5a27cc800d052c14c6ecea091026391.jpg,train,allergic_dermatitis,aug_0_6938_jpeg_jpg.rf.e5a27cc800d052c14c6ecea091026391.jpg,g00208
train/allergic_dermatitis/aug_0_7038_jpeg_jpg.rf.275b19d7d2239f69dac07bf27d16316b.jpg,train,allergic_dermatitis,aug_0_7038_jpeg_jpg.rf.275b19d7d2239f69dac07bf27d16316b.jpg,g00209
train/allergic_dermatitis/aug_0_7043_jpeg_jpg.rf.a8b07b102488378ebb26efb569862709.jpg,train,allergic_dermatitis,aug_0_7043_jpeg_jpg.rf.a8b07b102488378ebb26efb569862709.jpg,g00210
train/allergic_dermatitis/aug_0_7043_jpeg_jpg.rf.efea85c4531bb986773d7c2c70cece5d.jpg,train,allergic_dermatitis,aug_0_7043_jpeg_jpg.rf.efea85c4531bb986773d7c2c70cece5d.jpg,g00210
train/allergic_dermatitis/aug_0_7047_jpeg_jpg.rf.60d1b35314467a4d9d6406bf5ad8119c.jpg,train,allergic_dermatitis,aug_0_7047_jpeg_jpg.rf.60d1b35314467a4d9d6406bf5ad8119c.jpg,g00211
train/allergic_dermatitis/aug_0_7047_jpeg_jpg.rf.692fb8e0ef99d854348370255c2eede2.jpg,train,allergic_dermatitis,aug_0_7047_jpeg_jpg.rf.692fb8e0ef99d854348370255c2eede2.jpg,g00211
train/allergic_dermatitis/aug_0_7050_jpeg_jpg.rf.e50b66a4d4baf628fbe006c24269d01b.jpg,train,allergic_dermatitis,aug_0_7050_jpeg_jpg.rf.e50b66a4d4baf628fbe006c24269d01b.jpg,g00212
train/allergic_dermatitis/aug_0_7050_jpeg_jpg.rf.ee402824cfc54d3e6d163d79600a5a3c.jpg,train,allergic_dermatitis,aug_0_7050_jpeg_jpg.rf.ee402824cfc54d3e6d163d79600a5a3c.jpg,g00212
train/allergic_dermatitis/aug_0_7089_jpeg_jpg.rf.c1bf5512c24a7452d3eaf9b3d9fa93a3.jpg,train,allergic_dermatitis,aug_0_7089_jpeg_jpg.rf.c1bf5512c24a7452d3eaf9b3d9fa93a3.jpg,g00213
train/allergic_dermatitis/aug_0_7089_jpeg_jpg.rf.cf67b0f3f589f12d4f71ea0ebc77964d.jpg,train,allergic_dermatitis,aug_0_7089_jpeg_jpg.rf.cf67b0f3f589f12d4f71ea0ebc77964d.jpg,g00213
train/allergic_dermatitis/aug_0_7175_jpeg_jpg.rf.00483b221dcf017a4c55f568e1d1a2bc.jpg,train,allergic_dermatitis,aug_0_7175_jpeg_jpg.rf.00483b221dcf017a4c55f568e1d1a2bc.jpg,g00214
train/allergic_dermatitis/aug_0_7175_jpeg_jpg.rf.e710835ae83e7f026859031057e23f05.jpg,train,allergic_dermatitis,aug_0_7175_jpeg_jpg.rf.e710835ae83e7f026859031057e23f05.jpg,g00214
train/allergic_dermatitis/aug_0_734_jpeg_jpg.rf.16cb476650e1311cb48b3b5d46496df7.jpg,train,allergic_dermatitis,aug_0_734_jpeg_jpg.rf.16cb476650e1311cb48b3b5d46496df7.jpg,g00215
train/allergic_dermatitis/aug_0_734_jpeg_jpg.rf.e76f0e38e06762510b22c6872f52d458.jpg,train,allergic_dermatitis,aug_0_734_jpeg_jpg.rf.e76f0e38e06762510b22c6872f52d458.jpg,g00215
train/allergic_dermatitis/aug_0_7376_jpeg_jpg.rf.36472ca8f341a583f510cd2d13c49ff1.jpg,train,allergic_dermatitis,aug_0_7376_jpeg_jpg.rf.36472ca8f341a583f510cd2d13c49ff1.jpg,g00216
train/allergic_dermatitis/aug_0_7418_jpeg_jpg.rf.57cb90f7fa5f3f435e572cfaff13fb0c.jpg,train,allergic_dermatitis,aug_0_7418_jpeg_jpg.rf.57cb90f7fa5f3f435e572cfaff13fb0c.jpg,g00217
train/allergic_dermatitis/aug_0_7418_jpeg_jpg.rf.f3f323798fc4cf934a463a6ade99ed59.jpg,train,allergic_dermatitis,aug_0_7418_jpeg_jpg.rf.f3f323798fc4cf934a463a6ade99ed59.jpg,g00217
train/allergic_dermatitis/aug_0_7473_jpeg_jpg.rf.4f2bea77dd8f5970be12d1d3eebd57c8.jpg,train,allergic_dermatitis,aug_0_7473_jpeg_jpg.rf.4f2bea77dd8f5970be12d1d3eebd57c8.jpg,g00218
train/allergic_dermatitis/aug_0_7473_jpeg_jpg.rf.b1905f8e69f645bcd284b7769e43f983.jpg,train,allergic_dermatitis,aug_0_7473_jpeg_jpg.rf.b1905f8e69f645bcd284b7769e43f983.jpg,g00218
train/allergic_dermatitis/aug_0_7532_jpeg_jpg.rf.0168ab4b76ffafa82536ff4007d269b1.jpg,train,allergic_dermatitis,aug_0_7532_jpeg_jpg.rf.0168ab4b76ffafa82536ff4007d269b1.jpg,g00219
train/allergic_dermatitis/aug_0_7646_jpeg_jpg.rf.32a53a61c47ce796f072b1bac57bbc4c.jpg,train,allergic_dermatitis,aug_0_7646_jpeg_jpg.rf.32a53a61c47ce796f072b1bac57bbc4c.jpg,g00220
train/allergic_dermatitis/aug_0_7646_jpeg_jpg.rf.a12d6201a95fb787744366eea69614e2.jpg,train,allergic_dermatitis,aug_0_7646_jpeg_jpg.rf.a12d6201a95fb787744366eea69614e2.jpg,g00220
train/allergic_dermatitis/aug_0_7695_jpeg_jpg.rf.77dd61c0351f546876b53be189c2f1cb.jpg,train,allergic_dermatitis,aug_0_7695_jpeg_jpg.rf.77dd61c0351f546876b53be189c2f1cb.jpg,g00221
train/allergic_dermatitis/aug_0_7726_jpeg_jpg.rf.6ce476307c22deab6a29fe1aadb0baa3.jpg,train,allergic_dermatitis,aug_0_7726_jpeg_jpg.rf.6ce476307c22deab6a29fe1aadb0baa3.jpg,g00222
train/allergic_dermatitis/aug_0_7726_jpeg_jpg.rf.82eace0155c8ef1542b1ab5be0a94dec.jpg,train,allergic_dermatitis,aug_0_7726_jpeg_jpg.rf.82eace0155c8ef1542b1ab5be0a94dec.jpg,g00222
train/allergic_dermatitis/aug_0_7734_jpeg_jpg.rf.94828fc8a1f4672bbfed3538788e9923.jpg,train,allergic_dermatitis,aug_0_7734_jpeg_jpg.rf.94828fc8a1f4672bbfed3538788e9923.jpg,g00223
train/allergic_dermatitis/aug_0_7762_jpeg_jpg.rf.30efb252d522304c5ac25a767f48129d.jpg,train,allergic_dermatitis,aug_0_7762_jpeg_jpg.rf.30efb252d522304c5ac25a767f48129d.jpg,g00224
train/allergic_dermatitis/aug_0_7762_jpeg_jpg.rf.b3bc70fac1970c3be29e0cb14d08947c.jpg,train,allergic_dermatitis,aug_0_7762_jpeg_jpg.rf.b3bc70fac1970c3be29e0cb14d08947c.jpg,g00224
train/allergic_dermatitis/aug_0_778_jpeg_jpg.rf.6f0efc924f90dad1dab7b0544a2bb2e8.jpg,train,allergic_dermatitis,aug_0_778_jpeg_jpg.rf.6f0efc924f90dad1dab7b0544a2bb2e8.jpg,g00225
train/allergic_dermatitis/aug_0_778_jpeg_jpg.rf.7012dcf4aac171fd15d3b3a275a3ad25.jpg,train,allergic_dermatitis,aug_0_778_jpeg_jpg.rf.7012dcf4aac171fd15d3b3a275a3ad25.jpg,g00225
train/allergic_dermatitis/aug_0_7804_jpeg_jpg.rf.1ff8bd85c67844f6dcf92f300a9961c8.jpg,train,allergic_dermatitis,aug_0_7804_jpeg_jpg.rf.1ff8bd85c67844f6dcf92f300a9961c8.jpg,g00226
train/allergic_dermatitis/aug_0_7804_jpeg_jpg.rf.9dc3fe17856311be36c620953d31c45f.jpg,train,allergic_dermatitis,aug_0_7804_jpeg_jpg.rf.9dc3fe17856311be36c620953d31c45f.jpg,g00226
train/allergic_dermatitis/aug_0_780_jpeg_jpg.rf.c005ae945ca83b356a3e1e34d1387b98.jpg,train,allergic_dermatitis,aug_0_780_jpeg_jpg.rf.c005ae945ca83b356a3e1e34d1387b98.jpg,g00227
train/allergic_dermatitis/aug_0_8033_jpeg_jpg.rf.9d172c015a0c8b42b68fbdbc8363219a.jpg,train,allergic_dermatitis,aug_0_8033_jpeg_jpg.rf.9d172c015a0c8b42b68fbdbc8363219a.jpg,g00228
train/allergic_dermatitis/aug_0_8060_jpeg_jpg.rf.161fb0590c0ff37a16ce66fc5fba3efb.jpg,train,allergic_dermatitis,aug_0_8060_jpeg_jpg.rf.161fb0590c0ff37a16ce66fc5fba3efb.jpg,g00229
train/allergic_dermatitis/aug_0_8060_jpeg_jpg.rf.99f9b92aa80a3e76c35db32f7b534ae2.jpg,train,allergic_dermatitis,aug_0_8060_jpeg_jpg.rf.99f9b92aa80a3e76c35db32f7b534ae2.jpg,g00229
train/allergic_dermatitis/aug_0_8079_jpeg_jpg.rf.bddc6644a2346ebe3570a326318d3447.jpg,train,allergic_dermatitis,aug_0_8079_jpeg_jpg.rf.bddc6644a2346ebe3570a326318d3447.jpg,g00230
train/allergic_dermatitis/aug_0_8205_jpeg_jpg.rf.08e0bbb81eda053aeb39d01e7b823ec0.jpg,train,allergic_dermatitis,aug_0_8205_jpeg_jpg.rf.08e0bbb81eda053aeb39d01e7b823ec0.jpg,g00231
train/allergic_dermatitis/aug_0_8205_jpeg_jpg.rf.81175a3839b750f146d1c105ec2bafbb.jpg,train,allergic_dermatitis,aug_0_8205_jpeg_jpg.rf.81175a3839b750f146d1c105ec2bafbb.jpg,g00231
train/allergic_dermatitis/aug_0_8358_jpeg_jpg.rf.9c2f5de0930b85f6f24336ca135a7033.jpg,train,allergic_dermatitis,aug_0_8358_jpeg_jpg.rf.9c2f5de0930b85f6f24336ca135a7033.jpg,g00232
train/allergic_dermatitis/aug_0_8358_jpeg_jpg.rf.f6b95e6c10bdad97dc04cd8612437c1c.jpg,train,allergic_dermatitis,aug_0_8358_jpeg_jpg.rf.f6b95e6c10bdad97dc04cd8612437c1c.jpg,g00232
train/allergic_dermatitis/aug_0_8393_jpeg_jpg.rf.bc146c9f84ec8883fc28fc8fc198bb3d.jpg,train,allergic_dermatitis,aug_0_8393_jpeg_jpg.rf.bc146c9f84ec8883fc28fc8fc198bb3d.jpg,g00233
train/allergic_dermatitis/aug_0_8484_jpeg_jpg.rf.a535a4413b4d5c2aa17c265d734b3ce9.jpg,train,allergic_dermatitis,aug_0_8484_jpeg_jpg.rf.a535a4413b4d5c2aa17c265d734b3ce9.jpg,g00234
train/allergic_dermatitis/aug_0_850_jpeg_jpg.rf.1972bf010cf7ec30f7cee369551e095a.jpg,train,allergic_dermatitis,aug_0_850_jpeg_jpg.rf.1972bf010cf7ec30f7cee369551e095a.jpg,g00235
train/allergic_dermatitis/aug_0_850_jpeg_jpg.rf.8896817edaa35a3aae6d329b421503be.jpg,train,allergic_dermatitis,aug_0_850_jpeg_jpg.rf.8896817edaa35a3aae6d329b421503be.jpg,g00235
train/allergic_dermatitis/aug_0_8576_jpeg_jpg.rf.58f1ba993fec521f1ec09d10a804e832.jpg,train,allergic_dermatitis,aug_0_8576_jpeg_jpg.rf.58f1ba993fec521f1ec09d10a804e832.jpg,g00236
train/allergic_dermatitis/aug_0_8576_jpeg_jpg.rf.72cd4fc7b75cfe88b660fc828490c1f6.jpg,train,allergic_dermatitis,aug_0_8576_jpeg_jpg.rf.72cd4fc7b75cfe88b660fc828490c1f6.jpg,g00236
train/allergic_dermatitis/aug_0_8577_jpeg_jpg.rf.949f5f6bc7e498032cbfc69416d74476.jpg,train,allergic_dermatitis,aug_0_8577_jpeg_jpg.rf.949f5f6bc7e498032cbfc69416d74476.jpg,g00237
train/allergic_dermatitis/aug_0_8615_jpeg_jpg.rf.5d5765377df9b0671343cf60fe74d53e.jpg,train,allergic_dermatitis,aug_0_8615_jpeg_jpg.rf.5d5765377df9b0671343cf60fe74d53e.jpg,g00238
train/allergic_dermatitis/aug_0_862_jpeg_jpg.rf.3376e6c8d9269c781973fb37dccf68f9.jpg,train,allergic_dermatitis,aug_0_862_jpeg_jpg.rf.3376e6c8d9269c781973fb37dccf68f9.jpg,g00239
train/allergic_dermatitis/aug_0_862_jpeg_jpg.rf.9af81c33ccf59732ddd170563a58f2a3.jpg,train,allergic_dermatitis,aug_0_862_jpeg_jpg.rf.9af81c33ccf59732ddd170563a58f2a3.jpg,g00239
train/allergic_dermatitis/aug_0_8675_jpeg_jpg.rf.0a9609eac646b7c754762c9fdb759c40.jpg,train,allergic_dermatitis,aug_0_8675_jpeg_jpg.rf.0a9609eac646b7c754762c9fdb759c40.jpg,g00240
train/allergic_dermatitis/aug_0_8675_jpeg_jpg.rf.3ff9902babf331e1ea5e7a010da89dd3.jpg,train,allergic_dermatitis,aug_0_8675_jpeg_jpg.rf.3ff9902babf331e1ea5e7a010da89dd3.jpg,g00240
train/allergic_dermatitis/aug_0_8787_jpeg_jpg.rf.c5ee77ddc5565e91394ac4ad3b609cf9.jpg,train,allergic_dermatitis,aug_0_8787_jpeg_jpg.rf.c5ee77ddc5565e91394ac4ad3b609cf9.jpg,g00241
train/allergic_dermatitis/aug_0_8917_jpeg_jpg.rf.10dae4c41c30ed8a59c8e6447e5ecd74.jpg,train,allergic_dermatitis,aug_0_8917_jpeg_jpg.rf.10dae4c41c30ed8a59c8e6447e5ecd74.jpg,g00242
train/allergic_dermatitis/aug_0_8917_jpeg_jpg.rf.27db9dd3e7a5efe11c05eaa841f13e0b.jpg,train,allergic_dermatitis,aug_0_8917_jpeg_jpg.rf.27db9dd3e7a5efe11c05eaa841f13e0b.jpg,g00242
train/allergic_dermatitis/aug_0_8985_jpeg_jpg.rf.ba5c185e35e240de57c9d9825a4d1fc8.jpg,train,allergic_dermatitis,aug_0_8985_jpeg_jpg.rf.ba5c185e35e240de57c9d9825a4d1fc8.jpg,g00243
train/allergic_dermatitis/aug_0_8985_jpeg_jpg.rf.ce19348540bfb7020811cb5dd78de0c4.jpg,train,allergic_dermatitis,aug_0_8985_jpeg_jpg.rf.ce19348540bfb7020811cb5dd78de0c4.jpg,g00243
train/allergic_dermatitis/aug_0_9057_jpeg_jpg.rf.5f91d694fbefe83f3fbb7f62b54dc9b5.jpg,train,allergic_dermatitis,aug_0_9057_jpeg_jpg.rf.5f91d694fbefe83f3fbb7f62b54dc9b5.jpg,g00244
train/allergic_dermatitis/aug_0_9247_jpeg_jpg.rf.6d6f9a3e1efff73c55beb55fbbb48f5f.jpg,train,allergic_dermatitis,aug_0_9247_jpeg_jpg.rf.6d6f9a3e1efff73c55beb55fbbb48f5f.jpg,g00245
train/allergic_dermatitis/aug_0_9313_jpeg_jpg.rf.59334a8a363459484ada4f951e41623c.jpg,train,allergic_dermatitis,aug_0_9313_jpeg_jpg.rf.59334a8a363459484ada4f951e41623c.jpg,g00246
train/allergic_dermatitis/aug_0_9445_jpeg_jpg.rf.c6992d32b0496ced4db6239920f7ff4f.jpg,train,allergic_dermatitis,aug_0_9445_jpeg_jpg.rf.c6992d32b0496ced4db6239920f7ff4f.jpg,g00247
train/allergic_dermatitis/aug_0_9688_jpeg_jpg.rf.1d1cd4b45ec7981776d147503eda24d2.jpg,train,allergic_dermatitis,aug_0_9688_jpeg_jpg.rf.1d1cd4b45ec7981776d147503eda24d2.jpg,g00248
train/allergic_dermatitis/aug_0_9910_jpeg_jpg.rf.40b3733a51900d2618d95055027a6290.jpg,train,allergic_dermatitis,aug_0_9910_jpeg_jpg.rf.40b3733a51900d2618d95055027a6290.jpg,g00249
train/allergic_dermatitis/aug_0_9991_jpeg_jpg.rf.5c1fa7587110e661a87d67263572ff8b.jpg,train,allergic_dermatitis,aug_0_9991_jpeg_jpg.rf.5c1fa7587110e661a87d67263572ff8b.jpg,g00250
train/allergic_dermatitis/flea_allergy-11-_jpg.rf.e90ff9d864c5cfd6b25d0cf70ccc6984.jpg,train,allergic_dermatitis,flea_allergy-11-_jpg.rf.e90ff9d864c5cfd6b25d0cf70ccc6984.jpg,g00251
train/allergic_dermatitis/flea_allergy-14-_jpg.rf.d2a100ab053d1fbd3a3658ae378c3df5.jpg,train,allergic_dermatitis,flea_allergy-14-_jpg.rf.d2a100ab053d1fbd3a3658ae378c3df5.jpg,g00252
train/allergic_dermatitis/flea_allergy-15-_jpg.rf.6475042397575ed532f6999fbadd1878.jpg,train,allergic_dermatitis,flea_allergy-15-_jpg.rf.6475042397575ed532f6999fbadd1878.jpg,g00253
train/allergic_dermatitis/flea_allergy-15-_jpg.rf.d0ae9337a470521ff16e3634b4d6d1f6.jpg,train,allergic_dermatitis,flea_allergy-15-_jpg.rf.d0ae9337a470521ff16e3634b4d6d1f6.jpg,g00253
train/allergic_dermatitis/flea_allergy-18-_jpg.rf.375a4b0b5a0d1d50a70c762537c40ae5.jpg,train,allergic_dermatitis,flea_allergy-18-_jpg.rf.375a4b0b5a0d1d50a70c762537c40ae5.jpg,g00254
train/allergic_dermatitis/flea_allergy-19-_jpg.rf.b526ceb4cba9843055a72ae16458ee7b.jpg,train,allergic_dermatitis,flea_allergy-19-_jpg.rf.b526ceb4cba9843055a72ae16458ee7b.jpg,g00255
train/allergic_dermatitis/flea_allergy-23-_jpg.rf.49f4ee242883a944a3d4c4220188b2b5.jpg,train,allergic_dermatitis,flea_allergy-23-_jpg.rf.49f4ee242883a944a3d4c4220188b2b5.jpg,g00256
train/allergic_dermatitis/flea_allergy-23-_jpg.rf.57c4dcecb103bd16420d9d71e0436991.jpg,train,allergic_dermatitis,flea_allergy-23-_jpg.rf.57c4dcecb103bd16420d9d71e0436991.jpg,g00256
train/allergic_dermatitis/flea_allergy-24-_jpg.rf.a2a710b538cb13dd15561ca67ebd783e.jpg,train,allergic_dermatitis,flea_allergy-24-_jpg.rf.a2a710b538cb13dd15561ca67ebd783e.jpg,g00257
train/allergic_dermatitis/flea_allergy-24-_jpg.rf.ae394e476dbc40717dbabc5e34d23b8b.jpg,train,allergic_dermatitis,flea_allergy-24-_jpg.rf.ae394e476dbc40717dbabc5e34d23b8b.jpg,g00257
train/allergic_dermatitis/flea_allergy-25-_jpg.rf.24194edf1737a70a5d0cde29b8c18125.jpg,train,allergic_dermatitis,flea_allergy-25-_jpg.rf.24194edf1737a70a5d0cde29b8c18125.jpg,g00258
train/allergic_dermatitis/flea_allergy-25-_jpg.rf.47bb3983a085bb80e0fcf2e1fd81eace.jpg,train,allergic_dermatitis,flea_allergy-25-_jpg.rf.47bb3983a085bb80e0fcf2e1fd81eace.jpg,g00258
train/allergic_dermatitis/flea_allergy-27-_jpg.rf.ef5283b8f05bff3828aac6355ccb6ed4.jpg,train,allergic_dermatitis,flea_allergy-27-_jpg.rf.ef5283b8f05bff3828aac6355ccb6ed4.jpg,g00259
train/allergic_dermatitis/flea_allergy-28-_jpg.rf.0e72a6c69c948fab37672f0bd3d3bb9b.jpg,train,allergic_dermatitis,flea_allergy-28-_jpg.rf.0e72a6c69c948fab37672f0bd3d3bb9b.jpg,g00260
train/allergic_dermatitis/flea_allergy-28-_jpg.rf.0f80915d5cf4c26ffb17ad3c31e0132d.jpg,train,allergic_dermatitis,flea_allergy-28-_jpg.rf.0f80915d5cf4c26ffb17ad3c31e0132d.jpg,g00260
train/allergic_dermatitis/flea_allergy-3-_jpg.rf.9a89f149d8d5467d93aa6b70bc346280.jpg,train,allergic_dermatitis,flea_allergy-3-_jpg.rf.9a89f149d8d5467d93aa6b70bc346280.jpg,g00261
train/allergic_dermatitis/flea_allergy-3-_jpg.rf.e66200f832a914df5425926a0b87649a.jpg,train,allergic_dermatitis,flea_allergy-3-_jpg.rf.e66200f832a914df5425926a0b87649a.jpg,g00261
train/ear_mites/100_jpg.rf.2BNSZwlTGDXZY0AxwfkA.jpg,train,ear_mites,100_jpg.rf.2BNSZwlTGDXZY0AxwfkA.jpg,g00262
train/ear_mites/100_jpg.rf.NkXGFFy86Db01Y8pbd9p.jpg,train,ear_mites,100_jpg.rf.NkXGFFy86Db01Y8pbd9p.jpg,g00263
train/ear_mites/102_png.rf.pD3fBl9oEyt0RDpPjoL5.png,train,ear_mites,102_png.rf.pD3fBl9oEyt0RDpPjoL5.png,g00264
train/ear_mites/103_jpeg.rf.64oHFamrv1w3dYY36gLy.jpeg,train,ear_mites,103_jpeg.rf.64oHFamrv1w3dYY36gLy.jpeg,g00265
train/ear_mites/104_jpg.rf.LJd43YWlzfWxwGXpOuE5.jpg,train,ear_mites,104_jpg.rf.LJd43YWlzfWxwGXpOuE5.jpg,g00266
train/ear_mites/105_jpeg.rf.GGTnw3g9TtgT3qAliSel.jpeg,train,ear_mites,105_jpeg.rf.GGTnw3g9TtgT3qAliSel.jpeg,g00267
train/ear_mites/106_jpg.rf.cRpZtWOtCnBIigbkvYN1.jpg,train,ear_mites,106_jpg.rf.cRpZtWOtCnBIigbkvYN1.jpg,g00268
train/ear_mites/107_jpg.rf.0WDmji5DvLWblzUF0J4O.jpg,train,ear_mites,107_jpg.rf.0WDmji5DvLWblzUF0J4O.jpg,g00269
train/ear_mites/10_jpg.rf.NWYHQv7uRDSZTqPfOgA5.jpg,train,ear_mites,10_jpg.rf.NWYHQv7uRDSZTqPfOgA5.jpg,g00270
train/ear_mites/10_jpg.rf.O4yMoQ93ZeyQDrXo8ABp.jpg,train,ear_mites,10_jpg.rf.O4yMoQ93ZeyQDrXo8ABp.jpg,g00271
train/ear_mites/12_jpg.rf.JMHscwPI2fXyKpIZKeqx.jpg,train,ear_mites,12_jpg.rf.JMHscwPI2fXyKpIZKeqx.jpg,g00272
train/ear_mites/12_jpg.rf.qUOVkQkMhGR9gjRaN55O.jpg,train,ear_mites,12_jpg.rf.qUOVkQkMhGR9gjRaN55O.jpg,g00273
train/ear_mites/13_jpg.rf.VyCCPiPb7JMZ86M7aScN.jpg,train,ear_mites,13_jpg.rf.VyCCPiPb7JMZ86M7aScN.jpg,g00274
train/ear_mites/13_jpg.rf.uDPHc8rFI45rlc2PeP4h.jpg,train,ear_mites,13_jpg.rf.uDPHc8rFI45rlc2PeP4h.jpg,g00275
train/ear_mites/14_jpg.rf.WpTevBb9rAeR6jaeQVjj.jpg,train,ear_mites,14_jpg.rf.WpTevBb9rAeR6jaeQVjj.jpg,g00276
train/ear_mites/14_jpg.rf.ir9YzbBmwROusNx6gic7.jpg,train,ear_mites,14_jpg.rf.ir9YzbBmwROusNx6gic7.jpg,g00277
train/ear_mites/15_jpg.rf.83lfQfp4X2ZWjWOid8sN.jpg,train,ear_mites,15_jpg.rf.83lfQfp4X2ZWjWOid8sN.jpg,g00278
train/ear_mites/15_jpg.rf.KkO97CqWf59EweMZgRNN.jpg,train,ear_mites,15_jpg.rf.KkO97CqWf59EweMZgRNN.jpg,g00279
train/ear_mites/16_jpg.rf.EeR6p9Gng2tv49RfEAVa.jpg,train,ear_mites,16_jpg.rf.EeR6p9Gng2tv49RfEAVa.jpg,g00280
train/ear_mites/16_jpg.rf.xELSVb9j5PUec7M4F8V1.jpg,train,ear_mites,16_jpg.rf.xELSVb9j5PUec7M4F8V1.jpg,g00281
train/ear_mites/17_jpg.rf.6NnXyEIoqrL1eauUBIpt.jpg,train,ear_mites,17_jpg.rf.6NnXyEIoqrL1eauUBIpt.jpg,g00282
train/ear_mites/17_jpg.rf.TTG7KicLPySQD8JV9Zu6.jpg,train,ear_mites,17_jpg.rf.TTG7KicLPySQD8JV9Zu6.jpg,g00283
train/ear_mites/1_jpg.rf.1JIfztgy3qF39HYLwwb6.jpg,train,ear_mites,1_jpg.rf.1JIfztgy3qF39HYLwwb6.jpg,g00284
train/ear_mites/1_jpg.rf.H0cO5N9CVQj2T8CQ7VkZ.jpg,train,ear_mites,1_jpg.rf.H0cO5N9CVQj2T8CQ7VkZ.jpg,g00285
train/ear_mites/20_jpg.rf.DbOMiQhdpVNkqoYLLNjM.jpg,train,ear_mites,20_jpg.rf.DbOMiQhdpVNkqoYLLNjM.jpg,g00286
train/ear_mites/20_jpg.rf.KwOFVRxG3nCBcYd5rrwG.jpg,train,ear_mites,20_jpg.rf.KwOFVRxG3nCBcYd5rrwG.jpg,g00287
train/ear_mites/21_jpg.rf.gfedTynZgaRRrrDIss1l.jpg,train,ear_mites,21_jpg.rf.gfedTynZgaRRrrDIss1l.jpg,g00288
train/ear_mites/22_jpg.rf.fWB0ZT6KXqx0GMDq92qD.jpg,train,ear_mites,22_jpg.rf.fWB0ZT6KXqx0GMDq92qD.jpg,g00289
train/ear_mites/22_jpg.rf.uH3Wm3wk4wCNcnaZuu3a.jpg,train,ear_mites,22_jpg.rf.uH3Wm3wk4wCNcnaZuu3a.jpg,g00290
train/ear_mites/23_jpg.rf.B5DZP3macroPvByiSlOe.jpg,train,ear_mites,23_jpg.rf.B5DZP3macroPvByiSlOe.jpg,g00291
train/ear_mites/23_jpg.rf.UQDj9rupCowF8yul57d8.jpg,train,ear_mites,23_jpg.rf.UQDj9rupCowF8yul57d8.jpg,g00292
train/ear_mites/24_jpg.rf.4ZZbXiQUCzmsilLAp7M5.jpg,train,ear_mites,24_jpg.rf.4ZZbXiQUCzmsilLAp7M5.jpg,g00293
train/ear_mites/24_png.rf.w0iqBsEOnnCU2yxIbiOc.png,train,ear_mites,24_png.rf.w0iqBsEOnnCU2yxIbiOc.png,g00294
train/ear_mites/25_jpg.rf.Olo7noukPmKRkRThvDWo.jpg,train,ear_mites,25_jpg.rf.Olo7noukPmKRkRThvDWo.jpg,g00295
train/ear_mites/26_jpg.rf.AanRQgilLbqxedgivGzG.jpg,train,ear_mites,26_jpg.rf.AanRQgilLbqxedgivGzG.jpg,g00296
train/ear_mites/26_jpg.rf.lCi7iPMWY9D9CzK9yfi6.jpg,train,ear_mites,26_jpg.rf.lCi7iPMWY9D9CzK9yfi6.jpg,g00297
train/ear_mites/27_jpg.rf.lCc9jhb0NbQwGtIBPt7t.jpg,train,ear_mites,27_jpg.rf.lCc9jhb0NbQwGtIBPt7t.jpg,g00298
train/ear_mites/27_jpg.rf.wfHud5tmhb0nUl60KRF3.jpg,train,ear_mites,27_jpg.rf.wfHud5tmhb0nUl60KRF3.jpg,g00299
train/ear_mites/28_jpg.rf.myxaQ9hr4OZuLPZBEbuM.jpg,train,ear_mites,28_jpg.rf.myxaQ9hr4OZuLPZBEbuM.jpg,g00300
train/ear_mites/28_jpg.rf.tJ3ABTYFVqkogzur2ne8.jpg,train,ear_mites,28_jpg.rf.tJ3ABTYFVqkogzur2ne8.jpg,g00301
train/ear_mites/2_jpg.rf.hvmyUNYg4qIAg7EOmNIW.jpg,train,ear_mites,2_jpg.rf.hvmyUNYg4qIAg7EOmNIW.jpg,g00302
train/ear_mites/2_jpg.rf.nTn40OT0VTr1f37d40Ho.jpg,train,ear_mites,2_jpg.rf.nTn40OT0VTr1f37d40Ho.jpg,g00303
train/ear_mites/30_jpeg.rf.TuINogVGOSdeeM7qX3cE.jpeg,train,ear_mites,30_jpeg.rf.TuINogVGOSdeeM7qX3cE.jpeg,g00304
train/ear_mites/31_jpg.rf.qSxrnpV0tptJQRIiYzr4.jpg,train,ear_mites,31_jpg.rf.qSxrnpV0tptJQRIiYzr4.jpg,g00305
train/ear_mites/32_jpg.rf.CuG13SolzbT63PO8V9qD.jpg,train,ear_mites,32_jpg.rf.CuG13SolzbT63PO8V9qD.jpg,g00306
train/ear_mites/33_jpg.rf.mCqavfyh2m3idmMVivvx.jpg,train,ear_mites,33_jpg.rf.mCqavfyh2m3idmMVivvx.jpg,g00307
train/ear_mites/33_jpg.rf.nTr8FBzRLoeAOL4u2BHn.jpg,train,ear_mites,33_jpg.rf.nTr8FBzRLoeAOL4u2BHn.jpg,g00308
train/ear_mites/34_jpg.rf.N4wOYq0Od27amEZ33GPz.jpg,train,ear_mites,34_jpg.rf.N4wOYq0Od27amEZ33GPz.jpg,g00309
train/ear_mites/34_jpg.rf.Sg6U4gpw0wqF0SHIAZGB.jpg,train,ear_mites,34_jpg.rf.Sg6U4gpw0wqF0SHIAZGB.jpg,g00310
train/ear_mites/36_jpg.rf.2il88XwtKDlF29PpBqhN.jpg,train,ear_mites,36_jpg.rf.2il88XwtKDlF29PpBqhN.jpg,g00311
train/ear_mites/36_jpg.rf.DUf7GCZ6pAdXBpCx4TjU.jpg,train,ear_mites,36_jpg.rf.DUf7GCZ6pAdXBpCx4TjU.jpg,g00312
train/ear_mites/38_jpg.rf.QxhTu8D5XnNp1uxtpzHV.jpg,train,ear_mites,38_jpg.rf.QxhTu8D5XnNp1uxtpzHV.jpg,g00313
train/ear_mites/38_png.rf.dkbhYf5vF2oSMVZp5ZDE.png,train,ear_mites,38_png.rf.dkbhYf5vF2oSMVZp5ZDE.png,g00314
train/ear_mites/39_jpeg.rf.zkmeozTRkOYo6WXDtdzd.jpeg,train,ear_mites,39_jpeg.rf.zkmeozTRkOYo6WXDtdzd.jpeg,g00315
train/ear_mites/39_jpg.rf.SSuOZnqLnCIde9DHc10c.jpg,train,ear_mites,39_jpg.rf.SSuOZnqLnCIde9DHc10c.jpg,g00316
train/ear_mites/3_jpg.rf.90VmhVMGv3IWFsP2NFE0.jpg,train,ear_mites,3_jpg.rf.90VmhVMGv3IWFsP2NFE0.jpg,g00317
train/ear_mites/3_jpg.rf.IE4iROhfOl91jzbr4GwQ.jpg,train,ear_mites,3_jpg.rf.IE4iROhfOl91jzbr4GwQ.jpg,g00318
train/ear_mites/40_jpg.rf.saKt5Kd1PTG0y9xtqtQi.jpg,train,ear_mites,40_jpg.rf.saKt5Kd1PTG0y9xtqtQi.jpg,g00319
train/ear_mites/41_jpg.rf.MlThi9dTg2apVn9wk0y4.jpg,train,ear_mites,41_jpg.rf.MlThi9dTg2apVn9wk0y4.jpg,g00320
train/ear_mites/41_jpg.rf.x6HT7ImEBpzMhm58VpQW.jpg,train,ear_mites,41_jpg.rf.x6HT7ImEBpzMhm58VpQW.jpg,g00321
train/ear_mites/42_png.rf.TYAO80AOtjAhScdrLWQF.png,train,ear_mites,42_png.rf.TYAO80AOtjAhScdrLWQF.png,g00322
train/ear_mites/43_jpg.rf.gDWZmIJiYdtmNT8IESwp.jpg,train,ear_mites,43_jpg.rf.gDWZmIJiYdtmNT8IESwp.jpg,g00323
train/ear_mites/43_jpg.rf.iVRHnWrUXo9uo4K32DJQ.jpg,train,ear_mites,43_jpg.rf.iVRHnWrUXo9uo4K32DJQ.jpg,g00324
train/ear_mites/45_jpg.rf.WPtVHAEvp4tqSsNqTNId.jpg,train,ear_mites,45_jpg.rf.WPtVHAEvp4tqSsNqTNId.jpg,g00325
train/ear_mites/45_jpg.rf.hpwC5QkNcc5STYtM66KF.jpg,train,ear_mites,45_jpg.rf.hpwC5QkNcc5STYtM66KF.jpg,g00326
train/ear_mites/46_jpg.rf.Dty0qhULAYghrQAXhqn3.jpg,train,ear_mites,46_jpg.rf.Dty0qhULAYghrQAXhqn3.jpg,g00327
train/ear_mites/46_jpg.rf.XTASfoLeAnXXWpJ4EGHa.jpg,train,ear_mites,46_jpg.rf.XTASfoLeAnXXWpJ4EGHa.jpg,g00328
train/ear_mites/48_jpeg.rf.Vzhj9zEY5jtTI6nwRmHQ.jpeg,train,ear_mites,48_jpeg.rf.Vzhj9zEY5jtTI6nwRmHQ.jpeg,g00329
train/ear_mites/48_jpg.rf.VWAkmNV3x8mPHDqK7Tfc.jpg,train,ear_mites,48_jpg.rf.VWAkmNV3x8mPHDqK7Tfc.jpg,g00330
train/ear_mites/49_jpg.rf.r4H9aa10Rj1nuaG1Im7i.jpg,train,ear_mites,49_jpg.rf.r4H9aa10Rj1nuaG1Im7i.jpg,g00331
train/ear_mites/49_jpg.rf.yBjIUoHkkJMHAoutLg0m.jpg,train,ear_mites,49_jpg.rf.yBjIUoHkkJMHAoutLg0m.jpg,g00332
train/ear_mites/4_jpg.rf.GKmn0Rb5cFXA3hQnyWWJ.jpg,train,ear_mites,4_jpg.rf.GKmn0Rb5cFXA3hQnyWWJ.jpg,g00333
train/ear_mites/4_jpg.rf.mE2Ou3ppq78rv5gbBUdS.jpg,train,ear_mites,4_jpg.rf.mE2Ou3ppq78rv5gbBUdS.jpg,g00334
train/ear_mites/51_jpg.rf.By8g4TltAkpP1uxhMmbh.jpg,train,ear_mites,51_jpg.rf.By8g4TltAkpP1uxhMmbh.jpg,g00335
train/ear_mites/51_jpg.rf.gRZYgrVUQpAJe5BVb8ev.jpg,train,ear_mites,51_jpg.rf.gRZYgrVUQpAJe5BVb8ev.jpg,g00336
train/ear_mites/52_jpg.rf.rg2PCcKXZjauSGy8LTuJ.jpg,train,ear_mites,52_jpg.rf.rg2PCcKXZjauSGy8LTuJ.jpg,g00337
train/ear_mites/53_jpg.rf.MHrIDoNddCyR0Il1Hwt5.jpg,train,ear_mites,53_jpg.rf.MHrIDoNddCyR0Il1Hwt5.jpg,g00338
train/ear_mites/53_jpg.rf.sqsUbi82lRWl2yi9NS8f.jpg,train,ear_mites,53_jpg.rf.sqsUbi82lRWl2yi9NS8f.jpg,g00339
train/ear_mites/54_jpeg.rf.hBsIS1HSAyEnTqZGZnht.jpeg,train,ear_mites,54_jpeg.rf.hBsIS1HSAyEnTqZGZnht.jpeg,g00340
train/ear_mites/54_jpg.rf.sL5XYeaweUpA2GymARcO.jpg,train,ear_mites,54_jpg.rf.sL5XYeaweUpA2GymARcO.jpg,g00341
train/ear_mites/55_jpg.rf.0f8qbvZGzZBoPm3wsK95.jpg,train,ear_mites,55_jpg.rf.0f8qbvZGzZBoPm3wsK95.jpg,g00342
train/ear_mites/56_jpg.rf.xw12iKq2R6Uk027EZ58u.jpg,train,ear_mites,56_jpg.rf.xw12iKq2R6Uk027EZ58u.jpg,g00343
train/ear_mites/58_jpeg.rf.TGkePYfcKZayOF3ZqKuo.jpeg,train,ear_mites,58_jpeg.rf.TGkePYfcKZayOF3ZqKuo.jpeg,g00344
train/ear_mites/59_jpeg.rf.u3LJoKVmYhR5boi6xTnO.jpeg,train,ear_mites,59_jpeg.rf.u3LJoKVmYhR5boi6xTnO.jpeg,g00345
train/ear_mites/5_jpeg.rf.3CuZuxxpQGUXKVpoldfA.jpeg,train,ear_mites,5_jpeg.rf.3CuZuxxpQGUXKVpoldfA.jpeg,g00346
train/ear_mites/5_jpg.rf.QmFDq4HOEBwbmK7isxAI.jpg,train,ear_mites,5_jpg.rf.QmFDq4HOEBwbmK7isxAI.jpg,g00347
train/ear_mites/60_jpeg.rf.4w3VFojV01s6g00fdfdw.jpeg,train,ear_mites,60_jpeg.rf.4w3VFojV01s6g00fdfdw.jpeg,g00348
train/ear_mites/61_jpg.rf.I2c5ouhdzkiLoaUc456e.jpg,train,ear_mites,61_jpg.rf.I2c5ouhdzkiLoaUc456e.jpg,g00349
train/ear_mites/61_jpg.rf.lMbRtnO84u9sY2sZLu4R.jpg,train,ear_mites,61_jpg.rf.lMbRtnO84u9sY2sZLu4R.jpg,g00350
train/ear_mites/63_jpeg.rf.71NSQLn11raZyU3ggRkq.jpeg,train,ear_mites,63_jpeg.rf.71NSQLn11raZyU3ggRkq.jpeg,g00351
train/ear_mites/63_jpg.rf.qvqi1zblbkHGTuKbJCUu.jpg,train,ear_mites,63_jpg.rf.qvqi1zblbkHGTuKbJCUu.jpg,g00352
train/ear_mites/64_jpg.rf.Oq2Zq98e5fmhz74Q4qvK.jpg,train,ear_mites,64_jpg.rf.Oq2Zq98e5fmhz74Q4qvK.jpg,g00353
train/ear_mites/64_jpg.rf.q5FXcqSzBkqLaLtqRl0y.jpg,train,ear_mites,64_jpg.rf.q5FXcqSzBkqLaLtqRl0y.jpg,g00354
train/ear_mites/65_jpg.rf.r7BbqJtFwnf0rhFEAnsf.jpg,train,ear_mites,65_jpg.rf.r7BbqJtFwnf0rhFEAnsf.jpg,g00355
train/ear_mites/66_jpg.rf.uWJ2BRl4sNPyOxaPEU50.jpg,train,ear_mites,66_jpg.rf.uWJ2BRl4sNPyOxaPEU50.jpg,g00356
train/ear_mites/66_jpg.rf.y1o4nub9XPpElnxDL3e6.jpg,train,ear_mites,66_jpg.rf.y1o4nub9XPpElnxDL3e6.jpg,g00357
train/ear_mites/67_jpeg.rf.ITHagluX87jxRcXfJs3h.jpeg,train,ear_mites,67_jpeg.rf.ITHagluX87jxRcXfJs3h.jpeg,g00358
train/ear_mites/69_jpg.rf.U744FQdBNJnKOPLUc5HW.jpg,train,ear_mites,69_jpg.rf.U744FQdBNJnKOPLUc5HW.jpg,g00359
train/ear_mites/69_jpg.rf.gzdVbSQLTvE6H01odgiQ.jpg,train,ear_mites,69_jpg.rf.gzdVbSQLTvE6H01odgiQ.jpg,g00360
train/ear_mites/70_jpeg.rf.vrW8iXy11MLwG8ay1tJV.jpeg,train,ear_mites,70_jpeg.rf.vrW8iXy11MLwG8ay1tJV.jpeg,g00361
train/ear_mites/70_jpg.rf.bhk83E7ZdJ10Jgku3WUe.jpg,train,ear_mites,70_jpg.rf.bhk83E7ZdJ10Jgku3WUe.jpg,g00362
train/ear_mites/71_jpg.rf.MiKkyaaIlwd8vPKUDlt3.jpg,train,ear_mites,71_jpg.rf.MiKkyaaIlwd8vPKUDlt3.jpg,g00363
train/ear_mites/71_jpg.rf.eE7mX5H2fnryiM4FwJBy.jpg,train,ear_mites,71_jpg.rf.eE7mX5H2fnryiM4FwJBy.jpg,g00364
train/ear_mites/72-jpeg-crdownload_jpg.rf.YXW67oaN3Gw7Nr6S7Gzj.jpg,train,ear_mites,72-jpeg-crdownload_jpg.rf.YXW67oaN3Gw7Nr6S7Gzj.jpg,g00365
train/ear_mites/74_jpg.rf.lfgbASED5pM5HQoDfjUI.jpg,train,ear_mites,74_jpg.rf.lfgbASED5pM5HQoDfjUI.jpg,g00366
train/ear_mites/75_jpg.rf.88wzVBGw8CLauEZFRRVK.jpg,train,ear_mites,75_jpg.rf.88wzVBGw8CLauEZFRRVK.jpg,g00367
train/ear_mites/76_jpg.rf.FYbD1IAiUO93MMe2tTpd.jpg,train,ear_mites,76_jpg.rf.FYbD1IAiUO93MMe2tTpd.jpg,g00368
train/ear_mites/77_jpg.rf.EDwcbDMXUvR3X504Zetl.jpg,train,ear_mites,77_jpg.rf.EDwcbDMXUvR3X504Zetl.jpg,g00369
train/ear_mites/77_png.rf.gSsZ5BhLjfzQ2RBLKaDw.png,train,ear_mites,77_png.rf.gSsZ5BhLjfzQ2RBLKaDw.png,g00370
train/ear_mites/78_jpg.rf.DYAILMr613QyLeRLPBsB.jpg,train,ear_mites,78_jpg.rf.DYAILMr613QyLeRLPBsB.jpg,g00371
train/ear_mites/79_jpg.rf.md1OgaNf54lBRaQrIxuo.jpg,train,ear_mites,79_jpg.rf.md1OgaNf54lBRaQrIxuo.jpg,g00372
train/ear_mites/79_jpg.rf.ooNLp8wKEC7LT8bIt1nl.jpg,train,ear_mites,79_jpg.rf.ooNLp8wKEC7LT8bIt1nl.jpg,g00373
train/ear_mites/7_jpg.rf.70cSHzurmZl3W3eDvkqm.jpg,train,ear_mites,7_jpg.rf.70cSHzurmZl3W3eDvkqm.jpg,g00374
train/ear_mites/7_jpg.rf.MCx7LannSHOVCYrKXWqN.jpg,train,ear_mites,7_jpg.rf.MCx7LannSHOVCYrKXWqN.jpg,g00375
train/ear_mites/80_jpeg.rf.4pMc8hfYY41MjMDQyQks.jpeg,train,ear_mites,80_jpeg.rf.4pMc8hfYY41MjMDQyQks.jpeg,g00376
train/ear_mites/80_jpg.rf.wJTKGfYtfGAEUIRfBrii.jpg,train,ear_mites,80_jpg.rf.wJTKGfYtfGAEUIRfBrii.jpg,g00377
train/ear_mites/81_jpeg.rf.VT2dCq7ktZmEg1oS5687.jpeg,train,ear_mites,81_jpeg.rf.VT2dCq7ktZmEg1oS5687.jpeg,g00378
train/ear_mites/82_jpg.rf.2tu2a6ka9plYPFR8OSiY.jpg,train,ear_mites,82_jpg.rf.2tu2a6ka9plYPFR8OSiY.jpg,g00379
train/ear_mites/83_jpg.rf.vxyh1gUPA8VQJMOsdC6I.jpg,train,ear_mites,83_jpg.rf.vxyh1gUPA8VQJMOsdC6I.jpg,g00380
train/ear_mites/85_jpg.rf.NiSVsf1ip3Kz1fFaLrdG.jpg,train,ear_mites,85_jpg.rf.NiSVsf1ip3Kz1fFaLrdG.jpg,g00381
train/ear_mites/85_jpg.rf.SVJHAg9GlRKkioWyGzyz.jpg,train,ear_mites,85_jpg.rf.SVJHAg9GlRKkioWyGzyz.jpg,g00382
train/ear_mites/86_jpeg.rf.2I9c5O7f8DFb3NFBvupc.jpeg,train,ear_mites,86_jpeg.rf.2I9c5O7f8DFb3NFBvupc.jpeg,g00383
train/ear_mites/86_jpg.rf.AqJUtY4vRGJ4vCsB4cEJ.jpg,train,ear_mites,86_jpg.rf.AqJUtY4vRGJ4vCsB4cEJ.jpg,g00384
train/ear_mites/87_jpg.rf.eRGN5l7r6LzRWEwNPUE7.jpg,train,ear_mites,87_jpg.rf.eRGN5l7r6LzRWEwNPUE7.jpg,g00385
train/ear_mites/87_jpg.rf.j1qXZu3cJeNhNdrAKbuM.jpg,train,ear_mites,87_jpg.rf.j1qXZu3cJeNhNdrAKbuM.jpg,g00386
train/ear_mites/88_jpg.rf.l6PPTOXrnRYqHvapVhVo.jpg,train,ear_mites,88_jpg.rf.l6PPTOXrnRYqHvapVhVo.jpg,g00387
train/ear_mites/88_jpg.rf.nDYmSF2NSKIQn2gsfOXQ.jpg,train,ear_mites,88_jpg.rf.nDYmSF2NSKIQn2gsfOXQ.jpg,g00388
train/ear_mites/89_jpeg.rf.UNwDJnHLJ7cLwC1OyZBW.jpeg,train,ear_mites,89_jpeg.rf.UNwDJnHLJ7cLwC1OyZBW.jpeg,g00389
train/ear_mites/8_jpeg.rf.fs8YxayNfruGt1hZe0Lq.jpeg,train,ear_mites,8_jpeg.rf.fs8YxayNfruGt1hZe0Lq.jpeg,g00390
train/ear_mites/91_JPG.rf.pP5U6DanQHzYbBqV28ER.JPG,train,ear_mites,91_JPG.rf.pP5U6DanQHzYbBqV28ER.JPG,g00391
train/ear_mites/93_jpg.rf.fSDCyT6gkO6BbTnz9hqT.jpg,train,ear_mites,93_jpg.rf.fSDCyT6gkO6BbTnz9hqT.jpg,g00392
train/ear_mites/93_jpg.rf.rLlwYeQtRhus3s126Kdj.jpg,train,ear_mites,93_jpg.rf.rLlwYeQtRhus3s126Kdj.jpg,g00393
train/ear_mites/96_jpg.rf.QOs9idd0735Wii7R9tVu.jpg,train,ear_mites,96_jpg.rf.QOs9idd0735Wii7R9tVu.jpg,g00394
train/ear_mites/97_jpg.rf.7n3v7eBUnKsdtiQRsohq.jpg,train,ear_mites,97_jpg.rf.7n3v7eBUnKsdtiQRsohq.jpg,g00395
train/ear_mites/97_jpg.rf.rs36IsyNzt2XbWM7UhBz.jpg,train,ear_mites,97_jpg.rf.rs36IsyNzt2XbWM7UhBz.jpg,g00396
train/ear_mites/98_jpg.rf.ceqaCibmaLQqum22ZGzR.jpg,train,ear_mites,98_jpg.rf.ceqaCibmaLQqum22ZGzR.jpg,g00397
train/ear_mites/99_jpg.rf.k2qTDB0tIsPK1mQxMRQu.jpg,train,ear_mites,99_jpg.rf.k2qTDB0tIsPK1mQxMRQu.jpg,g00398
train/ear_mites/99_jpg.rf.veESRA2p1CEBmpUuU2Lm.jpg,train,ear_mites,99_jpg.rf.veESRA2p1CEBmpUuU2Lm.jpg,g00399
train/ear_mites/9_jpeg.rf.L8nYrjHqHygzYlxX6ZsS.jpeg,train,ear_mites,9_jpeg.rf.L8nYrjHqHygzYlxX6ZsS.jpeg,g00400
train/eosinophilic_granuloma/6739368_jpg.rf.1tkDExCEiwyKX8zvzjav.jpg,train,eosinophilic_granuloma,6739368_jpg.rf.1tkDExCEiwyKX8zvzjav.jpg,g00401
train/eosinophilic_granuloma/6739368_jpg.rf.7gLjuroi6IBeOI8J6nFz.jpg,train,eosinophilic_granuloma,6739368_jpg.rf.7gLjuroi6IBeOI8J6nFz.jpg,g00402
train/eosinophilic_granuloma/6739368_jpg.rf.91VHFWBGZw9rW5uAuTtn.jpg,train,eosinophilic_granuloma,6739368_jpg.rf.91VHFWBGZw9rW5uAuTtn.jpg,g00403
train/eosinophilic_granuloma/6739368_jpg.rf.RlZJSQaXz13G5PJkdcdD.jpg,train,eosinophilic_granuloma,6739368_jpg.rf.RlZJSQaXz13G5PJkdcdD.jpg,g00404
train/eosinophilic_granuloma/6739368_jpg.rf.VPMVpCYcH2lFkJimkwxd.jpg,train,eosinophilic_granuloma,6739368_jpg.rf.VPMVpCYcH2lFkJimkwxd.jpg,g00405
train/eosinophilic_granuloma/6739368_jpg.rf.ppJtaH654YX5prf08NI3.jpg,train,eosinophilic_granuloma,6739368_jpg.rf.ppJtaH654YX5prf08NI3.jpg,g00406
train/eosinophilic_granuloma/6739368_jpg.rf.wnC3bQQXPdviNtybCEwu.jpg,train,eosinophilic_granuloma,6739368_jpg.rf.wnC3bQQXPdviNtybCEwu.jpg,g00407
train/eosinophilic_granuloma/6739368_jpg.rf.x1DBB2YFoWfHCvNpDmS1.jpg,train,eosinophilic_granuloma,6739368_jpg.rf.x1DBB2YFoWfHCvNpDmS1.jpg,g00408
train/eosinophilic_granuloma/6739368_jpg.rf.xELEjTdm11lcw0ERhSBm.jpg,train,eosinophilic_granuloma,6739368_jpg.rf.xELEjTdm11lcw0ERhSBm.jpg,g00409
train/eosinophilic_granuloma/download-1-_jpeg_jpg.rf.0zrRJuZu7dsC8JrwB2vc.jpg,train,eosinophilic_granuloma,download-1-_jpeg_jpg.rf.0zrRJuZu7dsC8JrwB2vc.jpg,g00410
train/eosinophilic_granuloma/download-1-_jpeg_jpg.rf.1qh2JKZNYdY7zT2Eg5SB.jpg,train,eosinophilic_granuloma,download-1-_jpeg_jpg.rf.1qh2JKZNYdY7zT2Eg5SB.jpg,g00411
train/eosinophilic_granuloma/download-1-_jpeg_jpg.rf.3WqFIzqFFsFjJjREqGrZ.jpg,train,eosinophilic_granuloma,download-1-_jpeg_jpg.rf.3WqFIzqFFsFjJjREqGrZ.jpg,g00412
train/eosinophilic_granuloma/download-1-_jpeg_jpg.rf.9gMXCiKKXhwnetRVlAaW.jpg,train,eosinophilic_granuloma,download-1-_jpeg_jpg.rf.9gMXCiKKXhwnetRVlAaW.jpg,g00413
train/eosinophilic_granuloma/download-1-_jpeg_jpg.rf.FHCa4wR0R3oJ6Ae8msIo.jpg,train,eosinophilic_granuloma,download-1-_jpeg_jpg.rf.FHCa4wR0R3oJ6Ae8msIo.jpg,g00414
train/eosinophilic_granuloma/download-1-_jpeg_jpg.rf.JsSRmMVPokRPT63FYAek.jpg,train,eosinophilic_granuloma,download-1-_jpeg_jpg.rf.JsSRmMVPokRPT63FYAek.jpg,g00415
train/eosinophilic_granuloma/download-1-_jpeg_jpg.rf.OfKpyJIPTTr5in7ABdKU.jpg,train,eosinophilic_granuloma,download-1-_jpeg_jpg.rf.OfKpyJIPTTr5in7ABdKU.jpg,g00416
train/eosinophilic_granuloma/download-1-_jpeg_jpg.rf.SDTZ7JQXLGt0ZBZOjFvf.jpg,train,eosinophilic_granuloma,download-1-_jpeg_jpg.rf.SDTZ7JQXLGt0ZBZOjFvf.jpg,g00417
train/eosinophilic_granuloma/download-1-_jpeg_jpg.rf.TMshdlzscQYWSNNKkb0O.jpg,train,eosinophilic_granuloma,download-1-_jpeg_jpg.rf.TMshdlzscQYWSNNKkb0O.jpg,g00418
train/eosinophilic_granuloma/download-1-_jpeg_jpg.rf.UZuhAeYJRAFYIZbqLDyk.jpg,train,eosinophilic_granuloma,download-1-_jpeg_jpg.rf.UZuhAeYJRAFYIZbqLDyk.jpg,g00419
train/eosinophilic_granuloma/download-1-_jpeg_jpg.rf.bQa6BKdyVIibfZSBwKsJ.jpg,train,eosinophilic_granuloma,download-1-_jpeg_jpg.rf.bQa6BKdyVIibfZSBwKsJ.jpg,g00420
train/eosinophilic_granuloma/download-1-_jpeg_jpg.rf.fm53MMwgFTMwWuT3d1Go.jpg,train,eosinophilic_granuloma,download-1-_jpeg_jpg.rf.fm53MMwgFTMwWuT3d1Go.jpg,g00421
train/eosinophilic_granuloma/download-6-_jpeg_jpg.rf.45IqkVnMbkQ5cc8UROVi.jpg,train,eosinophilic_granuloma,download-6-_jpeg_jpg.rf.45IqkVnMbkQ5cc8UROVi.jpg,g00422
train/eosinophilic_granuloma/download-6-_jpeg_jpg.rf.DF0tLjQNV8UrKsb8w5rR.jpg,train,eosinophilic_granuloma,download-6-_jpeg_jpg.rf.DF0tLjQNV8UrKsb8w5rR.jpg,g00423
train/eosinophilic_granuloma/download-6-_jpeg_jpg.rf.GJq6aYTy7T8E7WbsjHS1.jpg,train,eosinophilic_granuloma,download-6-_jpeg_jpg.rf.GJq6aYTy7T8E7WbsjHS1.jpg,g00424
train/eosinophilic_granuloma/download-6-_jpeg_jpg.rf.XHsLKIPRhopYCgbhAFLI.jpg,train,eosinophilic_granuloma,download-6-_jpeg_jpg.rf.XHsLKIPRhopYCgbhAFLI.jpg,g00425
train/eosinophilic_granuloma/download-6-_jpeg_jpg.rf.cp0UAEyBoJJl0l5vdlDo.jpg,train,eosinophilic_granuloma,download-6-_jpeg_jpg.rf.cp0UAEyBoJJl0l5vdlDo.jpg,g00426
train/eosinophilic_granuloma/download-6-_jpeg_jpg.rf.hBet80MZTXLuoPhN18jw.jpg,train,eosinophilic_granuloma,download-6-_jpeg_jpg.rf.hBet80MZTXLuoPhN18jw.jpg,g00427
train/eosinophilic_granuloma/download-6-_jpeg_jpg.rf.oHU4OVvTvJSQHR2lwyUX.jpg,train,eosinophilic_granuloma,download-6-_jpeg_jpg.rf.oHU4OVvTvJSQHR2lwyUX.jpg,g00428
train/eosinophilic_granuloma/download-6-_jpeg_jpg.rf.txZzemc9n648EeqakcAa.jpg,train,eosinophilic_granuloma,download-6-_jpeg_jpg.rf.txZzemc9n648EeqakcAa.jpg,g00429
train/eosinophilic_granuloma/download-6-_jpeg_jpg.rf.vbv5mw6Y0GEaRS0G2kk2.jpg,train,eosinophilic_granuloma,download-6-_jpeg_jpg.rf.vbv5mw6Y0GEaRS0G2kk2.jpg,g00430
train/eosinophilic_granuloma/download_jpeg_jpg.rf.2lip833q9vDQO2mLtBTz.jpg,train,eosinophilic_granuloma,download_jpeg_jpg.rf.2lip833q9vDQO2mLtBTz.jpg,g00431
train/eosinophilic_granuloma/download_jpeg_jpg.rf.4REUYQz5d0EYFNj4XVrX.jpg,train,eosinophilic_granuloma,download_jpeg_jpg.rf.4REUYQz5d0EYFNj4XVrX.jpg,g00432
train/eosinophilic_granuloma/download_jpeg_jpg.rf.DqB2CHk14donAUfIxnP8.jpg,train,eosinophilic_granuloma,download_jpeg_jpg.rf.DqB2CHk14donAUfIxnP8.jpg,g00433
train/eosinophilic_granuloma/download_jpeg_jpg.rf.MtKqa5uU7x76VSiG4AAO.jpg,train,eosinophilic_granuloma,download_jpeg_jpg.rf.MtKqa5uU7x76VSiG4AAO.jpg,g00434
train/eosinophilic_granuloma/download_jpeg_jpg.rf.Wg12ojtdSagoESQpGDiP.jpg,train,eosinophilic_granuloma,download_jpeg_jpg.rf.Wg12ojtdSagoESQpGDiP.jpg,g00435
train/eosinophilic_granuloma/download_jpeg_jpg.rf.XaoROexw0HVY5pb6uiIH.jpg,train,eosinophilic_granuloma,download_jpeg_jpg.rf.XaoROexw0HVY5pb6uiIH.jpg,g00436
train/eosinophilic_granuloma/download_jpeg_jpg.rf.dDM91Lo29V4e4kDu69tW.jpg,train,eosinophilic_granuloma,download_jpeg_jpg.rf.dDM91Lo29V4e4kDu69tW.jpg,g00437
train/eosinophilic_granuloma/download_jpeg_jpg.rf.dJU6Lp8BlVtFjE3OGErg.jpg,train,eosinophilic_granuloma,download_jpeg_jpg.rf.dJU6Lp8BlVtFjE3OGErg.jpg,g00438
train/eosinophilic_granuloma/download_jpeg_jpg.rf.iWodmQqUf5hwoDgSEyvJ.jpg,train,eosinophilic_granuloma,download_jpeg_jpg.rf.iWodmQqUf5hwoDgSEyvJ.jpg,g00439
train/eosinophilic_granuloma/download_jpeg_jpg.rf.kZDh3iBED0T4wz74H48t.jpg,train,eosinophilic_granuloma,download_jpeg_jpg.rf.kZDh3iBED0T4wz74H48t.jpg,g00440
train/eosinophilic_granuloma/download_jpeg_jpg.rf.nhYZGQ1hJbN0PmhJ5cbB.jpg,train,eosinophilic_granuloma,download_jpeg_jpg.rf.nhYZGQ1hJbN0PmhJ5cbB.jpg,g00441
train/eosinophilic_granuloma/download_jpeg_jpg.rf.qZpW0yB51DMIgTGZBdeT.jpg,train,eosinophilic_granuloma,download_jpeg_jpg.rf.qZpW0yB51DMIgTGZBdeT.jpg,g00442
train/eosinophilic_granuloma/figure-2_2-31901-gallery_jpeg_jpg.rf.0kRffAHrnR80A0FrbZIU.jpg,train,eosinophilic_granuloma,figure-2_2-31901-gallery_jpeg_jpg.rf.0kRffAHrnR80A0FrbZIU.jpg,g00443
train/eosinophilic_granuloma/figure-2_2-31901-gallery_jpeg_jpg.rf.RyLBqS9SQcWThyLv0lb9.jpg,train,eosinophilic_granuloma,figure-2_2-31901-gallery_jpeg_jpg.rf.RyLBqS9SQcWThyLv0lb9.jpg,g00444
train/eosinophilic_granuloma/figure-2_2-31901-gallery_jpeg_jpg.rf.Z7625nZpwl2aTacAebKc.jpg,train,eosinophilic_granuloma,figure-2_2-31901-gallery_jpeg_jpg.rf.Z7625nZpwl2aTacAebKc.jpg,g00445
train/eosinophilic_granuloma/figure-2_2-31901-gallery_jpeg_jpg.rf.uIqHwusfH7J5kJY46Wpy.jpg,train,eosinophilic_granuloma,figure-2_2-31901-gallery_jpeg_jpg.rf.uIqHwusfH7J5kJY46Wpy.jpg,g00446
train/eosinophilic_granuloma/figure1-31901-gallery_jpeg_jpg.rf.3QQvRegZBMueCSFjxV2z.jpg,train,eosinophilic_granuloma,figure1-31901-gallery_jpeg_jpg.rf.3QQvRegZBMueCSFjxV2z.jpg,g00447
train/eosinophilic_granuloma/figure1-31901-gallery_jpeg_jpg.rf.3Rf43XFYejd6V65poRvA.jpg,train,eosinophilic_granuloma,figure1-31901-gallery_jpeg_jpg.rf.3Rf43XFYejd6V65poRvA.jpg,g00448
train/eosinophilic_granuloma/figure1-31901-gallery_jpeg_jpg.rf.68xVvihm5PnCVwN4FgQ5.jpg,train,eosinophilic_granuloma,figure1-31901-gallery_jpeg_jpg.rf.68xVvihm5PnCVwN4FgQ5.jpg,g00449
train/eosinophilic_granuloma/figure1-31901-gallery_jpeg_jpg.rf.DHz6OIhpqX8ZfkgeXT3q.jpg,train,eosinophilic_granuloma,figure1-31901-gallery_jpeg_jpg.rf.DHz6OIhpqX8ZfkgeXT3q.jpg,g00450
train/eosinophilic_granuloma/figure1-31901-gallery_jpeg_jpg.rf.cDsP0vcUrPyqgB37zCW3.jpg,train,eosinophilic_granuloma,figure1-31901-gallery_jpeg_jpg.rf.cDsP0vcUrPyqgB37zCW3.jpg,g00451
train/eosinophilic_granuloma/figure1-31901-gallery_jpeg_jpg.rf.gaurcqGvm3vKwEGnTM07.jpg,train,eosinophilic_granuloma,figure1-31901-gallery_jpeg_jpg.rf.gaurcqGvm3vKwEGnTM07.jpg,g00452
train/eosinophilic_granuloma/figure1-31901-gallery_jpeg_jpg.rf.uq2XCUkzzZmdeOm7GFPT.jpg,train,eosinophilic_granuloma,figure1-31901-gallery_jpeg_jpg.rf.uq2XCUkzzZmdeOm7GFPT.jpg,g00453
train/eosinophilic_granuloma/figure1-31901-gallery_jpeg_jpg.rf.yeGxyGJca6Tx9JvgKVdP.jpg,train,eosinophilic_granuloma,figure1-31901-gallery_jpeg_jpg.rf.yeGxyGJca6Tx9JvgKVdP.jpg,g00454
train/eosinophilic_granuloma/figure1-31901-gallery_jpeg_jpg.rf.zeZIklVLl32ym59CmEIb.jpg,train,eosinophilic_granuloma,figure1-31901-gallery_jpeg_jpg.rf.zeZIklVLl32ym59CmEIb.jpg,g00455
train/eosinophilic_granuloma/header-31891-article_jpeg_jpg.rf.1fK5dpfRcsHUSeLA6lPU.jpg,train,eosinophilic_granuloma,header-31891-article_jpeg_jpg.rf.1fK5dpfRcsHUSeLA6lPU.jpg,g00456
train/eosinophilic_granuloma/header-31891-article_jpeg_jpg.rf.QbDITl7BNgE2u3bNxyGC.jpg,train,eosinophilic_granuloma,header-31891-article_jpeg_jpg.rf.QbDITl7BNgE2u3bNxyGC.jpg,g00457
train/eosinophilic_granuloma/header-31891-article_jpeg_jpg.rf.SrkaPFccnefwT4UlexQt.jpg,train,eosinophilic_granuloma,header-31891-article_jpeg_jpg.rf.SrkaPFccnefwT4UlexQt.jpg,g00458
train/eosinophilic_granuloma/header-31891-article_jpeg_jpg.rf.cz4tCCcHAvPJ0ddRdZI7.jpg,train,eosinophilic_granuloma,header-31891-article_jpeg_jpg.rf.cz4tCCcHAvPJ0ddRdZI7.jpg,g00459
train/eosinophilic_granuloma/images-1-_jpeg_jpg.rf.5njtWtnOP5l2odkzYhbb.jpg,train,eosinophilic_granuloma,images-1-_jpeg_jpg.rf.5njtWtnOP5l2odkzYhbb.jpg,g00460
train/eosinophilic_granuloma/images-1-_jpeg_jpg.rf.6UQ5PW3hwFSlAZ4hPQLa.jpg,train,eosinophilic_granuloma,images-1-_jpeg_jpg.rf.6UQ5PW3hwFSlAZ4hPQLa.jpg,g00461
train/eosinophilic_granuloma/images-1-_jpeg_jpg.rf.8SvBgvmyY6TfXw9ycX00.jpg,train,eosinophilic_granuloma,images-1-_jpeg_jpg.rf.8SvBgvmyY6TfXw9ycX00.jpg,g00462
train/eosinophilic_granuloma/images-1-_jpeg_jpg.rf.CXoa4tD0wo2XDamyWia8.jpg,train,eosinophilic_granuloma,images-1-_jpeg_jpg.rf.CXoa4tD0wo2XDamyWia8.jpg,g00463
train/eosinophilic_granuloma/images-1-_jpeg_jpg.rf.J2eg2JqhtnumUoPgMq5W.jpg,train,eosinophilic_granuloma,images-1-_jpeg_jpg.rf.J2eg2JqhtnumUoPgMq5W.jpg,g00464
train/eosinophilic_granuloma/images-1-_jpeg_jpg.rf.LN9KgVCvirbLkcHsG487.jpg,train,eosinophilic_granuloma,images-1-_jpeg_jpg.rf.LN9KgVCvirbLkcHsG487.jpg,g00465
train/eosinophilic_granuloma/images-1-_jpeg_jpg.rf.OMQRr3UBWeFYzAvys1uU.jpg,train,eosinophilic_granuloma,images-1-_jpeg_jpg.rf.OMQRr3UBWeFYzAvys1uU.jpg,g00466
train/eosinophilic_granuloma/images-1-_jpeg_jpg.rf.PCtFFzxdItR123Q5J0fu.jpg,train,eosinophilic_granuloma,images-1-_jpeg_jpg.rf.PCtFFzxdItR123Q5J0fu.jpg,g00467
train/eosinophilic_granuloma/images-1-_jpeg_jpg.rf.TJcdyzdn9SlKQOldhBTW.jpg,train,eosinophilic_granuloma,images-1-_jpeg_jpg.rf.TJcdyzdn9SlKQOldhBTW.jpg,g00468
train/eosinophilic_granuloma/images-1-_jpeg_jpg.rf.ZqmYDI0zUnGf3koIbXbG.jpg,train,eosinophilic_granuloma,images-1-_jpeg_jpg.rf.ZqmYDI0zUnGf3koIbXbG.jpg,g00469
train/eosinophilic_granuloma/images-1-_jpeg_jpg.rf.cmfPqb4vzqhjt2Fafry6.jpg,train,eosinophilic_granuloma,images-1-_jpeg_jpg.rf.cmfPqb4vzqhjt2Fafry6.jpg,g00470
train/eosinophilic_granuloma/images-1-_jpeg_jpg.rf.sAN1i71yQTj1GYq5VRmt.jpg,train,eosinophilic_granuloma,images-1-_jpeg_jpg.rf.sAN1i71yQTj1GYq5VRmt.jpg,g00471
train/eosinophilic_granuloma/images-2-_jpeg_jpg.rf.DeNZyZUtl3MHbDM6UYXB.jpg,train,eosinophilic_granuloma,images-2-_jpeg_jpg.rf.DeNZyZUtl3MHbDM6UYXB.jpg,g00472
train/eosinophilic_granuloma/images-2-_jpeg_jpg.rf.NP2imYstqOTF2M48e2dS.jpg,train,eosinophilic_granuloma,images-2-_jpeg_jpg.rf.NP2imYstqOTF2M48e2dS.jpg,g00473
train/eosinophilic_granuloma/images-2-_jpeg_jpg.rf.WD1IRj0XpqoGzTl5yN6t.jpg,train,eosinophilic_granuloma,images-2-_jpeg_jpg.rf.WD1IRj0XpqoGzTl5yN6t.jpg,g00474
train/eosinophilic_granuloma/images-2-_jpeg_jpg.rf.apGBevl9n0E4KEi6q9jL.jpg,train,eosinophilic_granuloma,images-2-_jpeg_jpg.rf.apGBevl9n0E4KEi6q9jL.jpg,g00475
train/eosinophilic_granuloma/images-2-_jpeg_jpg.rf.eB7UHBInMpsQQYLy3qUI.jpg,train,eosinophilic_granuloma,images-2-_jpeg_jpg.rf.eB7UHBInMpsQQYLy3qUI.jpg,g00476
train/eosinophilic_granuloma/images-2-_jpeg_jpg.rf.lBN6FjuUSdazdYrCqx7x.jpg,train,eosinophilic_granuloma,images-2-_jpeg_jpg.rf.lBN6FjuUSdazdYrCqx7x.jpg,g00477
train/eosinophilic_granuloma/images_jpeg_jpg.rf.8BKI4hLIbkBdag9jERFI.jpg,train,eosinophilic_granuloma,images_jpeg_jpg.rf.8BKI4hLIbkBdag9jERFI.jpg,g00478
train/eosinophilic_granuloma/images_jpeg_jpg.rf.la1CPYK7anu89NzJiIeZ.jpg,train,eosinophilic_granuloma,images_jpeg_jpg.rf.la1CPYK7anu89NzJiIeZ.jpg,g00479
train/eosinophilic_granuloma/images_jpeg_jpg.rf.rUve0dsX44hYo8kOoNEV.jpg,train,eosinophilic_granuloma,images_jpeg_jpg.rf.rUve0dsX44hYo8kOoNEV.jpg,g00480
train/eosinophilic_granuloma/images_jpeg_jpg.rf.socKn8yVs0fpvMTH1Xoq.jpg,train,eosinophilic_granuloma,images_jpeg_jpg.rf.socKn8yVs0fpvMTH1Xoq.jpg,g00481
train/feline_acne/100_jpg.rf.3N0pXyNKioabPI1TpRmo.jpg,train,feline_acne,100_jpg.rf.3N0pXyNKioabPI1TpRmo.jpg,g00482
train/feline_acne/101_jpg.rf.hwyX1AuZV5lf5wKi3lfi.jpg,train,feline_acne,101_jpg.rf.hwyX1AuZV5lf5wKi3lfi.jpg,g00483
train/feline_acne/102_jpeg.rf.nNKFRc2zFQrYYA1ueoGK.jpeg,train,feline_acne,102_jpeg.rf.nNKFRc2zFQrYYA1ueoGK.jpeg,g00484
train/feline_acne/13_jpg.rf.I6f1cxxTYgcNaTvE9xHr.jpg,train,feline_acne,13_jpg.rf.I6f1cxxTYgcNaTvE9xHr.jpg,g00485
train/feline_acne/14_jpg.rf.l0TG4EMYWTyewJ8SfgJ3.jpg,train,feline_acne,14_jpg.rf.l0TG4EMYWTyewJ8SfgJ3.jpg,g00486
train/feline_acne/15_jpeg.rf.8xhEccmh67baeo4W3ocP.jpeg,train,feline_acne,15_jpeg.rf.8xhEccmh67baeo4W3ocP.jpeg,g00487
train/feline_acne/17_jpg.rf.vyyuq5llCgK8R418XwHC.jpg,train,feline_acne,17_jpg.rf.vyyuq5llCgK8R418XwHC.jpg,g00488
train/feline_acne/18_jpeg.rf.pYcIzS4KsNWdRY40qEUd.jpeg,train,feline_acne,18_jpeg.rf.pYcIzS4KsNWdRY40qEUd.jpeg,g00489
train/feline_acne/19_jpg.rf.dWyipnCRT4gvoW4u6Edt.jpg,train,feline_acne,19_jpg.rf.dWyipnCRT4gvoW4u6Edt.jpg,g00490
train/feline_acne/1_jpeg.rf.BRtkTJVl6aMSQLMJOEIj.jpeg,train,feline_acne,1_jpeg.rf.BRtkTJVl6aMSQLMJOEIj.jpeg,g00491
train/feline_acne/22_jpg.rf.hIhuT4JbOuv7Yct7MAKu.jpg,train,feline_acne,22_jpg.rf.hIhuT4JbOuv7Yct7MAKu.jpg,g00492
train/feline_acne/23_jpeg.rf.xbTkXApDFtCAsGMRnKSS.jpeg,train,feline_acne,23_jpeg.rf.xbTkXApDFtCAsGMRnKSS.jpeg,g00493
train/feline_acne/24_jpeg.rf.ZcLEYTn4DAlJvBvIGCT6.jpeg,train,feline_acne,24_jpeg.rf.ZcLEYTn4DAlJvBvIGCT6.jpeg,g00494
train/feline_acne/25_jpg.rf.mx5Hs2EXHcxJyPRCGrRi.jpg,train,feline_acne,25_jpg.rf.mx5Hs2EXHcxJyPRCGrRi.jpg,g00495
train/feline_acne/26_jpg.rf.6lbAWAkcOECtM5mLebQ7.jpg,train,feline_acne,26_jpg.rf.6lbAWAkcOECtM5mLebQ7.jpg,g00496
train/feline_acne/27_jpeg.rf.hsyOoiOqK6uVfve6UKZP.jpeg,train,feline_acne,27_jpeg.rf.hsyOoiOqK6uVfve6UKZP.jpeg,g00497
train/feline_acne/28_jpg.rf.CV4IYWvAtpQ1aMhuoraL.jpg,train,feline_acne,28_jpg.rf.CV4IYWvAtpQ1aMhuoraL.jpg,g00498
train/feline_acne/2_png.rf.tjabQfSBhh66Lg7N2wNC.png,train,feline_acne,2_png.rf.tjabQfSBhh66Lg7N2wNC.png,g00499
train/feline_acne/30_jpg.rf.fQoxMycRUQXfjtwT2m6p.jpg,train,feline_acne,30_jpg.rf.fQoxMycRUQXfjtwT2m6p.jpg,g00500
train/feline_acne/31_jpg.rf.4q3GeUCgFetzAif284hJ.jpg,train,feline_acne,31_jpg.rf.4q3GeUCgFetzAif284hJ.jpg,g00501
train/feline_acne/32_jpeg.rf.iRoXsp3wdbQLqzwDRypc.jpeg,train,feline_acne,32_jpeg.rf.iRoXsp3wdbQLqzwDRypc.jpeg,g00502
train/feline_acne/33_jpg.rf.ao8x8nP9MlyHKXTg8gqi.jpg,train,feline_acne,33_jpg.rf.ao8x8nP9MlyHKXTg8gqi.jpg,g00503
train/feline_acne/34_jpeg.rf.ofcQkKmYoTtFQwKCdrRB.jpeg,train,feline_acne,34_jpeg.rf.ofcQkKmYoTtFQwKCdrRB.jpeg,g00504
train/feline_acne/35_jpeg.rf.DJYaoGsgi0zNN6g2fd9c.jpeg,train,feline_acne,35_jpeg.rf.DJYaoGsgi0zNN6g2fd9c.jpeg,g00505
train/feline_acne/36_jpg.rf.YyNZT59fI7zEta2i1Fxi.jpg,train,feline_acne,36_jpg.rf.YyNZT59fI7zEta2i1Fxi.jpg,g00506
train/feline_acne/37_jpeg.rf.vcO5w45uElObSV4HWWqy.jpeg,train,feline_acne,37_jpeg.rf.vcO5w45uElObSV4HWWqy.jpeg,g00507
train/feline_acne/38_jpg.rf.XHO7FkasgZEQwMvGahLS.jpg,train,feline_acne,38_jpg.rf.XHO7FkasgZEQwMvGahLS.jpg,g00508
train/feline_acne/3_png.rf.4cEXEvk8x7xAk1GxcCZZ.png,train,feline_acne,3_png.rf.4cEXEvk8x7xAk1GxcCZZ.png,g00509
train/feline_acne/41_jpeg.rf.r3ARtz0ZmIRtFsvPVNYQ.jpeg,train,feline_acne,41_jpeg.rf.r3ARtz0ZmIRtFsvPVNYQ.jpeg,g00510
train/feline_acne/42_jpeg.rf.PsibuD5gaPvFgWdBIQGS.jpeg,train,feline_acne,42_jpeg.rf.PsibuD5gaPvFgWdBIQGS.jpeg,g00511
train/feline_acne/43_jpg.rf.c2BsGFoBvrxwV1hfdMiY.jpg,train,feline_acne,43_jpg.rf.c2BsGFoBvrxwV1hfdMiY.jpg,g00512
train/feline_acne/44_jpeg.rf.JkHSHCH4ukXKjuj7UA1W.jpeg,train,feline_acne,44_jpeg.rf.JkHSHCH4ukXKjuj7UA1W.jpeg,g00513
train/feline_acne/45_jpg.rf.31Chp2mt1qtNaS4HZeb6.jpg,train,feline_acne,45_jpg.rf.31Chp2mt1qtNaS4HZeb6.jpg,g00514
train/feline_acne/46_jpg.rf.S1SGOU1H1PfnnAPr64YO.jpg,train,feline_acne,46_jpg.rf.S1SGOU1H1PfnnAPr64YO.jpg,g00515
train/feline_acne/48_jpeg.rf.mcDNVIcJ7VbDkS9hjs9k.jpeg,train,feline_acne,48_jpeg.rf.mcDNVIcJ7VbDkS9hjs9k.jpeg,g00516
train/feline_acne/4_jpg.rf.xmOxVpPGsISkLZGZwKmo.jpg,train,feline_acne,4_jpg.rf.xmOxVpPGsISkLZGZwKmo.jpg,g00517
train/feline_acne/50_png.rf.PfCXoNUJPDsLUB0JCQmt.png,train,feline_acne,50_png.rf.PfCXoNUJPDsLUB0JCQmt.png,g00518
train/feline_acne/51_jpg.rf.IgY9pE1wJG7oGDNbyb6B.jpg,train,feline_acne,51_jpg.rf.IgY9pE1wJG7oGDNbyb6B.jpg,g00519
train/feline_acne/52_jpeg.rf.Qx79kwqg7FQuaBTjeklR.jpeg,train,feline_acne,52_jpeg.rf.Qx79kwqg7FQuaBTjeklR.jpeg,g00520
train/feline_acne/53_jpg.rf.aoVTsU3lQGZtRwxDIp3Q.jpg,train,feline_acne,53_jpg.rf.aoVTsU3lQGZtRwxDIp3Q.jpg,g00521
train/feline_acne/54_jpg.rf.LLHNfG86bWY8NGZOaT5O.jpg,train,feline_acne,54_jpg.rf.LLHNfG86bWY8NGZOaT5O.jpg,g00522
train/feline_acne/56_jpg.rf.NZ6bG2nIVG9juHAk910B.jpg,train,feline_acne,56_jpg.rf.NZ6bG2nIVG9juHAk910B.jpg,g00523
train/feline_acne/57_jpg.rf.xp1IXpDCzIJVCY1bO63r.jpg,train,feline_acne,57_jpg.rf.xp1IXpDCzIJVCY1bO63r.jpg,g00524
train/feline_acne/58_jpeg.rf.PbctYF4gjRuFpLtfZmW6.jpeg,train,feline_acne,58_jpeg.rf.PbctYF4gjRuFpLtfZmW6.jpeg,g00525
train/feline_acne/60_jpeg.rf.pDKIZuhCl6RXsSKJr0a6.jpeg,train,feline_acne,60_jpeg.rf.pDKIZuhCl6RXsSKJr0a6.jpeg,g00526
train/feline_acne/61_jpg.rf.idrqwihnLyasJXl6ARtX.jpg,train,feline_acne,61_jpg.rf.idrqwihnLyasJXl6ARtX.jpg,g00527
train/feline_acne/62_jpeg.rf.8dywIEM17I1gOtxASDoq.jpeg,train,feline_acne,62_jpeg.rf.8dywIEM17I1gOtxASDoq.jpeg,g00528
train/feline_acne/63_jpg.rf.tIp6h1e2ZKQKZJ2THvaZ.jpg,train,feline_acne,63_jpg.rf.tIp6h1e2ZKQKZJ2THvaZ.jpg,g00529
train/feline_acne/64_jpeg.rf.EMnYNvr8Vqu4Gk8XO9W0.jpeg,train,feline_acne,64_jpeg.rf.EMnYNvr8Vqu4Gk8XO9W0.jpeg,g00530
train/feline_acne/65_jpg.rf.75sLXvbprYEWz37EHVPR.jpg,train,feline_acne,65_jpg.rf.75sLXvbprYEWz37EHVPR.jpg,g00531
train/feline_acne/66_jpg.rf.q6Tiz26MmZRm7JapxsNG.jpg,train,feline_acne,66_jpg.rf.q6Tiz26MmZRm7JapxsNG.jpg,g00532
train/feline_acne/67_jpeg.rf.gaZi4cLNHI3cAghqMMhT.jpeg,train,feline_acne,67_jpeg.rf.gaZi4cLNHI3cAghqMMhT.jpeg,g00533
train/feline_acne/68_jpeg.rf.VO0t8aeP6QfiFhKAMnlr.jpeg,train,feline_acne,68_jpeg.rf.VO0t8aeP6QfiFhKAMnlr.jpeg,g00534
train/feline_acne/72_jpg.rf.vmHs74NpKTtECiLte7iP.jpg,train,feline_acne,72_jpg.rf.vmHs74NpKTtECiLte7iP.jpg,g00535
train/feline_acne/73_jpg.rf.Y20aK6Gq0yIDtMYEVAA4.jpg,train,feline_acne,73_jpg.rf.Y20aK6Gq0yIDtMYEVAA4.jpg,g00536
train/feline_acne/75_jpeg.rf.iy3br9UDOhIksPZg0oHY.jpeg,train,feline_acne,75_jpeg.rf.iy3br9UDOhIksPZg0oHY.jpeg,g00537
train/feline_acne/76_jpg.rf.uw5RhdpEOoTrC5GONEch.jpg,train,feline_acne,76_jpg.rf.uw5RhdpEOoTrC5GONEch.jpg,g00538
train/feline_acne/78_jpg.rf.PR4PoQvM0l857d3rnATa.jpg,train,feline_acne,78_jpg.rf.PR4PoQvM0l857d3rnATa.jpg,g00539
train/feline_acne/79_jpg.rf.pkYZ2huRSgPjoSjxjFIi.jpg,train,feline_acne,79_jpg.rf.pkYZ2huRSgPjoSjxjFIi.jpg,g00540
train/feline_acne/80_jpeg.rf.BtzXa436E4YtlXyPAx3z.jpeg,train,feline_acne,80_jpeg.rf.BtzXa436E4YtlXyPAx3z.jpeg,g00541
train/feline_acne/83_jpg.rf.JkKXxDjLueCzXEieDWl1.jpg,train,feline_acne,83_jpg.rf.JkKXxDjLueCzXEieDWl1.jpg,g00542
train/feline_acne/84_jpg.rf.X42atBIGIYYAxI7G6VkT.jpg,train,feline_acne,84_jpg.rf.X42atBIGIYYAxI7G6VkT.jpg,g00543
train/feline_acne/87_png.rf.wERZWmDHrIpgtAYml9Ho.png,train,feline_acne,87_png.rf.wERZWmDHrIpgtAYml9Ho.png,g00544
train/feline_acne/88_jpg.rf.8tmeX0rHVeSoal6zzlrO.jpg,train,feline_acne,88_jpg.rf.8tmeX0rHVeSoal6zzlrO.jpg,g00545
train/feline_acne/89_jpg.rf.WPmQOr3z5Spuvc33hsVs.jpg,train,feline_acne,89_jpg.rf.WPmQOr3z5Spuvc33hsVs.jpg,g00546
train/feline_acne/90_jpg.rf.jvZpZzm5HL1DMP97Jt4z.jpg,train,feline_acne,90_jpg.rf.jvZpZzm5HL1DMP97Jt4z.jpg,g00547
train/feline_acne/92_jpg.rf.XK6ha6qZ5qNnTHm4zSnV.jpg,train,feline_acne,92_jpg.rf.XK6ha6qZ5qNnTHm4zSnV.jpg,g00548
train/feline_acne/94_jpg.rf.Kbm333Ebe1n5cVJpP3rd.jpg,train,feline_acne,94_jpg.rf.Kbm333Ebe1n5cVJpP3rd.jpg,g00549
train/feline_acne/95_jpeg.rf.0AuMEfYpw9H22VEl74ig.jpeg,train,feline_acne,95_jpeg.rf.0AuMEfYpw9H22VEl74ig.jpeg,g00550
train/feline_acne/97_jpg.rf.kzJgSrq2VfCNi0tDZpAz.jpg,train,feline_acne,97_jpg.rf.kzJgSrq2VfCNi0tDZpAz.jpg,g00551
train/feline_acne/98_jpg.rf.usLce94Zf0RO0NdioH9v.jpg,train,feline_acne,98_jpg.rf.usLce94Zf0RO0NdioH9v.jpg,g00552
train/feline_acne/99_jpeg.rf.XY9M4UQKE3DlbYQIjBcR.jpeg,train,feline_acne,99_jpeg.rf.XY9M4UQKE3DlbYQIjBcR.jpeg,g00553
train/feline_acne/9_jpeg.rf.O4BP1PRXHrb0NyEFqdSw.jpeg,train,feline_acne,9_jpeg.rf.O4BP1PRXHrb0NyEFqdSw.jpeg,g00554
train/feline_acne/acne01_resized_jpg.rf.dWt6r2BabjmHXAnt06PN.jpg,train,feline_acne,acne01_resized_jpg.rf.dWt6r2BabjmHXAnt06PN.jpg,g00555
train/feline_acne/acne02_resized_jpg.rf.kgX8WKaa4ghOORydKZR2.jpg,train,feline_acne,acne02_resized_jpg.rf.kgX8WKaa4ghOORydKZR2.jpg,g00556
train/feline_acne/acne03_resized_jpg.rf.kBhN22QDH2zKRycKvcEa.jpg,train,feline_acne,acne03_resized_jpg.rf.kBhN22QDH2zKRycKvcEa.jpg,g00557
train/feline_acne/acne04_resized_jpg.rf.X3eBXe9GtZs9x7MFk8Gw.jpg,train,feline_acne,acne04_resized_jpg.rf.X3eBXe9GtZs9x7MFk8Gw.jpg,g00558
train/feline_acne/acne05_resized_jpg.rf.TBwwvRNA4qdL3GL1K42s.jpg,train,feline_acne,acne05_resized_jpg.rf.TBwwvRNA4qdL3GL1K42s.jpg,g00559
train/feline_acne/acne07_resized_jpg.rf.98rIvIsz179exT8KqofF.jpg,train,feline_acne,acne07_resized_jpg.rf.98rIvIsz179exT8KqofF.jpg,g00560
train/feline_acne/acne08_resized_jpg.rf.yssAFRdSxf2so1k5RX7N.jpg,train,feline_acne,acne08_resized_jpg.rf.yssAFRdSxf2so1k5RX7N.jpg,g00561
train/feline_acne/acne09_resized_jpg.rf.YEUPeopviYo7yw9D1ycT.jpg,train,feline_acne,acne09_resized_jpg.rf.YEUPeopviYo7yw9D1ycT.jpg,g00562
train/feline_acne/acne11_resized_jpg.rf.3vV8LIWeZ2FAG6ykbUZB.jpg,train,feline_acne,acne11_resized_jpg.rf.3vV8LIWeZ2FAG6ykbUZB.jpg,g00563
train/feline_acne/acne12_resized_jpg.rf.gGdMRQXbOYwQbRwhKwuZ.jpg,train,feline_acne,acne12_resized_jpg.rf.gGdMRQXbOYwQbRwhKwuZ.jpg,g00564
train/feline_acne/acne13_resized_jpg.rf.FhkOyHkPgYcJRHJV99hy.jpg,train,feline_acne,acne13_resized_jpg.rf.FhkOyHkPgYcJRHJV99hy.jpg,g00565
train/feline_acne/acne14_resized_jpg.rf.AO8rSTcwcxRsxbwtwXNY.jpg,train,feline_acne,acne14_resized_jpg.rf.AO8rSTcwcxRsxbwtwXNY.jpg,g00566
train/feline_acne/acne16_resized_jpg.rf.ApngiOa0FpvOooBoqwYh.jpg,train,feline_acne,acne16_resized_jpg.rf.ApngiOa0FpvOooBoqwYh.jpg,g00567
train/feline_acne/acne17_resized_jpg.rf.7sNhq7LNkQRN47w0h4nz.jpg,train,feline_acne,acne17_resized_jpg.rf.7sNhq7LNkQRN47w0h4nz.jpg,g00568
train/feline_acne/acne20_resized_jpg.rf.muIQjDR55fq2PHX0Unw6.jpg,train,feline_acne,acne20_resized_jpg.rf.muIQjDR55fq2PHX0Unw6.jpg,g00569
train/feline_acne/acne21_resized_jpg.rf.E140L2peg1H7jwBQKni3.jpg,train,feline_acne,acne21_resized_jpg.rf.E140L2peg1H7jwBQKni3.jpg,g00570
train/feline_acne/acne22_resized_jpg.rf.LztRa09GHi1iGf1LqCvj.jpg,train,feline_acne,acne22_resized_jpg.rf.LztRa09GHi1iGf1LqCvj.jpg,g00571
train/feline_acne/acne23_resized_jpg.rf.9f5wKEsPzFuBJKm4JJxL.jpg,train,feline_acne,acne23_resized_jpg.rf.9f5wKEsPzFuBJKm4JJxL.jpg,g00572
train/feline_acne/acne24_resized_jpg.rf.L4klKJu1hLEqySRiVRdq.jpg,train,feline_acne,acne24_resized_jpg.rf.L4klKJu1hLEqySRiVRdq.jpg,g00573
train/feline_acne/acne25_jpg.rf.5AX8yUKn7kIg7nHElijr.jpg,train,feline_acne,acne25_jpg.rf.5AX8yUKn7kIg7nHElijr.jpg,g00574
train/feline_acne/acne26_jpg.rf.L1k3uFb3mInBN0KTEwvZ.jpg,train,feline_acne,acne26_jpg.rf.L1k3uFb3mInBN0KTEwvZ.jpg,g00575
train/feline_acne/acne27_jpg.rf.0uCjOn5bebyiLpE3yUOd.jpg,train,feline_acne,acne27_jpg.rf.0uCjOn5bebyiLpE3yUOd.jpg,g00576
train/feline_acne/acne28_jpg.rf.8hppcR66uoxmMuTvsQE9.jpg,train,feline_acne,acne28_jpg.rf.8hppcR66uoxmMuTvsQE9.jpg,g00577
train/feline_acne/acne29_jpg.rf.eYjxkH2TwHdPG3yOwmF6.jpg,train,feline_acne,acne29_jpg.rf.eYjxkH2TwHdPG3yOwmF6.jpg,g00578
train/feline_acne/acne30_jpg.rf.Ci26XjhIGxdjYiavPswI.jpg,train,feline_acne,acne30_jpg.rf.Ci26XjhIGxdjYiavPswI.jpg,g00579
train/feline_acne/acne32_jpg.rf.VrfBUefLbqLbsIbRpUlY.jpg,train,feline_acne,acne32_jpg.rf.VrfBUefLbqLbsIbRpUlY.jpg,g00580
train/feline_acne/acne33_jpg.rf.0MXQigjU38AB1RoAYi1j.jpg,train,feline_acne,acne33_jpg.rf.0MXQigjU38AB1RoAYi1j.jpg,g00581
train/feline_acne/acne34_jpg.rf.iVcQdpXoiuhf0u1zluJb.jpg,train,feline_acne,acne34_jpg.rf.iVcQdpXoiuhf0u1zluJb.jpg,g00582
train/feline_acne/acne36_jpg.rf.RUIc1OwlyGnbYwpL50Wg.jpg,train,feline_acne,acne36_jpg.rf.RUIc1OwlyGnbYwpL50Wg.jpg,g00583
train/feline_acne/acne_resized_jpg.rf.CT4nRgaOCS0CcBDmTnXO.jpg,train,feline_acne,acne_resized_jpg.rf.CT4nRgaOCS0CcBDmTnXO.jpg,g00584
train/feline_acne/lab13_resized_jpg.rf.fm8piPYMJX0vyv8OweGe.jpg,train,feline_acne,lab13_resized_jpg.rf.fm8piPYMJX0vyv8OweGe.jpg,g00585
train/fungal/0C55F3D4-F15E-4A8B-B193-5E640F5864EA_jpeg_jpg.rf.1875017099780ea87c95ae50b739dd0d.jpg,train,fungal,0C55F3D4-F15E-4A8B-B193-5E640F5864EA_jpeg_jpg.rf.1875017099780ea87c95ae50b739dd0d.jpg,g00586
train/fungal/0C55F3D4-F15E-4A8B-B193-5E640F5864EA_jpeg_jpg.rf.548f49391fea7ed816a1597cca1f69cd.jpg,train,fungal,0C55F3D4-F15E-4A8B-B193-5E640F5864EA_jpeg_jpg.rf.548f49391fea7ed816a1597cca1f69cd.jpg,g00586
train/fungal/0C55F3D4-F15E-4A8B-B193-5E640F5864EA_jpeg_jpg.rf.6c15fdbac619f88317fd801c5f1ed0c5.jpg,train,fungal,0C55F3D4-F15E-4A8B-B193-5E640F5864EA_jpeg_jpg.rf.6c15fdbac619f88317fd801c5f1ed0c5.jpg,g00586
train/fungal/0C55F3D4-F15E-4A8B-B193-5E640F5864EA_jpeg_jpg.rf.8578408c17f89270166180762077dad4.jpg,train,fungal,0C55F3D4-F15E-4A8B-B193-5E640F5864EA_jpeg_jpg.rf.8578408c17f89270166180762077dad4.jpg,g00586
train/fungal/0C55F3D4-F15E-4A8B-B193-5E640F5864EA_jpeg_jpg.rf.b1a1e9e9779f1b37c695619fa994a8e5.jpg,train,fungal,0C55F3D4-F15E-4A8B-B193-5E640F5864EA_jpeg_jpg.rf.b1a1e9e9779f1b37c695619fa994a8e5.jpg,g00586
train/fungal/1000010496_x4_jpg.rf.6d1d8d66ad2cfa363e985a2a1228de28.jpg,train,fungal,1000010496_x4_jpg.rf.6d1d8d66ad2cfa363e985a2a1228de28.jpg,g00587
train/fungal/1000010498_x16_jpg.rf.4c0548902d0efc6b35dc2ea781786849.jpg,train,fungal,1000010498_x16_jpg.rf.4c0548902d0efc6b35dc2ea781786849.jpg,g00588
train/fungal/1000010498_x16_jpg.rf.bb78a3a9a617e941d2c3af9af23fe87b.jpg,train,fungal,1000010498_x16_jpg.rf.bb78a3a9a617e941d2c3af9af23fe87b.jpg,g00588
train/fungal/1000010501_x4_jpg.rf.388fc993d594b2aabb68b3fa86bf3bdb.jpg,train,fungal,1000010501_x4_jpg.rf.388fc993d594b2aabb68b3fa86bf3bdb.jpg,g00589
train/fungal/1000010501_x4_jpg.rf.f2423dd29e23877affbfaefdeb359694.jpg,train,fungal,1000010501_x4_jpg.rf.f2423dd29e23877affbfaefdeb359694.jpg,g00589
train/fungal/1000010503_x16_jpg.rf.0ba36581a1c7de31cf16b4ce2d528b45.jpg,train,fungal,1000010503_x16_jpg.rf.0ba36581a1c7de31cf16b4ce2d528b45.jpg,g00590
train/fungal/1000010528_x4_jpg.rf.a68858b58fc4d6e1ea16894236fb2921.jpg,train,fungal,1000010528_x4_jpg.rf.a68858b58fc4d6e1ea16894236fb2921.jpg,g00591
train/fungal/1000010534_x16_jpg.rf.64ca48727304ac7d2d9f6b4b8445cfa3.jpg,train,fungal,1000010534_x16_jpg.rf.64ca48727304ac7d2d9f6b4b8445cfa3.jpg,g00592
train/fungal/1000010534_x16_jpg.rf.a074bc985912d80d115ceff88ee6a989.jpg,train,fungal,1000010534_x16_jpg.rf.a074bc985912d80d115ceff88ee6a989.jpg,g00592
train/fungal/1000010541_x16_jpg.rf.ff727664ea8887c04d67c04196b83fee.jpg,train,fungal,1000010541_x16_jpg.rf.ff727664ea8887c04d67c04196b83fee.jpg,g00593
train/fungal/1000010566_x16_jpg.rf.e8a930b3c3383989a996adc035727db9.jpg,train,fungal,1000010566_x16_jpg.rf.e8a930b3c3383989a996adc035727db9.jpg,g00594
train/fungal/1000010581_x16_jpg.rf.62f031dd654118f6eb2055c8bfac3d0f.jpg,train,fungal,1000010581_x16_jpg.rf.62f031dd654118f6eb2055c8bfac3d0f.jpg,g00595
train/fungal/1000010581_x16_jpg.rf.d9a17f535149c108a27c47adf4f6717c.jpg,train,fungal,1000010581_x16_jpg.rf.d9a17f535149c108a27c47adf4f6717c.jpg,g00595
train/fungal/1000010613_x4_jpg.rf.42ad83150425744498fc0d36af359db8.jpg,train,fungal,1000010613_x4_jpg.rf.42ad83150425744498fc0d36af359db8.jpg,g00596
train/fungal/1000010613_x4_jpg.rf.d252a34bf180ed74ddfd7d4f6a17de2a.jpg,train,fungal,1000010613_x4_jpg.rf.d252a34bf180ed74ddfd7d4f6a17de2a.jpg,g00596
train/fungal/1000010640_x16_jpg.rf.7f2438ec26d4902c2c7cc1b1107b7890.jpg,train,fungal,1000010640_x16_jpg.rf.7f2438ec26d4902c2c7cc1b1107b7890.jpg,g00597
train/fungal/1000010640_x16_jpg.rf.ebaa470d47f36670c995eac78112b5fa.jpg,train,fungal,1000010640_x16_jpg.rf.ebaa470d47f36670c995eac78112b5fa.jpg,g00597
train/fungal/1000010642_x16_jpg.rf.b54d0503cd771a87cc3d4c7afdf7776f.jpg,train,fungal,1000010642_x16_jpg.rf.b54d0503cd771a87cc3d4c7afdf7776f.jpg,g00598
train/fungal/1000010642_x16_jpg.rf.ce02a75f637f92f2886a989e36f5e77b.jpg,train,fungal,1000010642_x16_jpg.rf.ce02a75f637f92f2886a989e36f5e77b.jpg,g00598
train/fungal/1000010644_x16_jpg.rf.07728ffea51b74e0ae99ea419c3b434b.jpg,train,fungal,1000010644_x16_jpg.rf.07728ffea51b74e0ae99ea419c3b434b.jpg,g00599
train/fungal/1000010644_x16_jpg.rf.1789af76d4b31cf1b679b1b4b2bdead4.jpg,train,fungal,1000010644_x16_jpg.rf.1789af76d4b31cf1b679b1b4b2bdead4.jpg,g00599
train/fungal/1000010651_x16_jpg.rf.36bb4c3e0b1556d19b95021eea9b293c.jpg,train,fungal,1000010651_x16_jpg.rf.36bb4c3e0b1556d19b95021eea9b293c.jpg,g00600
train/fungal/1000010654_x16_jpg.rf.8cdfec0689cd2053d909f6c1b1c6fd05.jpg,train,fungal,1000010654_x16_jpg.rf.8cdfec0689cd2053d909f6c1b1c6fd05.jpg,g00601
train/fungal/1000010655_x16_jpg.rf.cf1f44a936305a704e790953a6d20b06.jpg,train,fungal,1000010655_x16_jpg.rf.cf1f44a936305a704e790953a6d20b06.jpg,g00602
train/fungal/1000010655_x16_jpg.rf.f15bacc13b0c8c04dbbd1ea83a1c9875.jpg,train,fungal,1000010655_x16_jpg.rf.f15bacc13b0c8c04dbbd1ea83a1c9875.jpg,g00602
train/fungal/1000010667_x16_jpg.rf.46d40dd49541cce71f684837feed56bc.jpg,train,fungal,1000010667_x16_jpg.rf.46d40dd49541cce71f684837feed56bc.jpg,g00603
train/fungal/1000010667_x16_jpg.rf.7d7d78e2bb7451001c8775ba61606c86.jpg,train,fungal,1000010667_x16_jpg.rf.7d7d78e2bb7451001c8775ba61606c86.jpg,g00603
train/fungal/1000010671_x16_jpg.rf.f58098195ba3023c83ca7d5e99eb126f.jpg,train,fungal,1000010671_x16_jpg.rf.f58098195ba3023c83ca7d5e99eb126f.jpg,g00604
train/fungal/1000010719_x16_jpg.rf.179bc6db68ccf937d32f2762f8c54bc0.jpg,train,fungal,1000010719_x16_jpg.rf.179bc6db68ccf937d32f2762f8c54bc0.jpg,g00605
train/fungal/1000010719_x16_jpg.rf.98e3344b4d4d502236f873a30e1d3aba.jpg,train,fungal,1000010719_x16_jpg.rf.98e3344b4d4d502236f873a30e1d3aba.jpg,g00605
train/fungal/1000010729_x16_jpg.rf.2500986121d0d6a46a7beaeb06842500.jpg,train,fungal,1000010729_x16_jpg.rf.2500986121d0d6a46a7beaeb06842500.jpg,g00606
train/fungal/1000010776_x16_jpg.rf.90c4190bfcfb76972b6a46895ca9ca66.jpg,train,fungal,1000010776_x16_jpg.rf.90c4190bfcfb76972b6a46895ca9ca66.jpg,g00607
train/fungal/1000011963_x4_jpg.rf.8be8818a6d4b43bebd906713d3825452.jpg,train,fungal,1000011963_x4_jpg.rf.8be8818a6d4b43bebd906713d3825452.jpg,g00608
train/fungal/1000011963_x4_jpg.rf.d34e087f55bfcad760e4077ca2f9760d.jpg,train,fungal,1000011963_x4_jpg.rf.d34e087f55bfcad760e4077ca2f9760d.jpg,g00608
train/fungal/1000011982_x4_jpg.rf.f888333ce3a682acf473dc018ff43655.jpg,train,fungal,1000011982_x4_jpg.rf.f888333ce3a682acf473dc018ff43655.jpg,g00609
train/fungal/1000011983_x4_jpg.rf.9f5bbaec9d2d46b59bf69599f9284d9b.jpg,train,fungal,1000011983_x4_jpg.rf.9f5bbaec9d2d46b59bf69599f9284d9b.jpg,g00610
train/fungal/11F9F0A2-A148-448D-A203-29D5172E7D59_jpeg_jpg.rf.511cd335da37177984034dae1e747b11.jpg,train,fungal,11F9F0A2-A148-448D-A203-29D5172E7D59_jpeg_jpg.rf.511cd335da37177984034dae1e747b11.jpg,g00611
train/fungal/11F9F0A2-A148-448D-A203-29D5172E7D59_jpeg_jpg.rf.c8bc11940bde188f15fec379bc2c1b23.jpg,train,fungal,11F9F0A2-A148-448D-A203-29D5172E7D59_jpeg_jpg.rf.c8bc11940bde188f15fec379bc2c1b23.jpg,g00611
train/fungal/1D7E9206-1246-499C-A844-E98236FE38B9_jpeg_jpg.rf.7c334518e5823f1f58bb60cd3b4c3608.jpg,train,fungal,1D7E9206-1246-499C-A844-E98236FE38B9_jpeg_jpg.rf.7c334518e5823f1f58bb60cd3b4c3608.jpg,g00612
train/fungal/1D7E9206-1246-499C-A844-E98236FE38B9_jpeg_jpg.rf.7edb98b9c26df15fa61a0e22a4c81b73.jpg,train,fungal,1D7E9206-1246-499C-A844-E98236FE38B9_jpeg_jpg.rf.7edb98b9c26df15fa61a0e22a4c81b73.jpg,g00612
train/fungal/1D7E9206-1246-499C-A844-E98236FE38B9_jpeg_jpg.rf.a712f7cb3de4a3ef21f20bb6c23bd7db.jpg,train,fungal,1D7E9206-1246-499C-A844-E98236FE38B9_jpeg_jpg.rf.a712f7cb3de4a3ef21f20bb6c23bd7db.jpg,g00612
train/fungal/1D7E9206-1246-499C-A844-E98236FE38B9_jpeg_jpg.rf.fb8969312ed718b43387c65ce3a58344.jpg,train,fungal,1D7E9206-1246-499C-A844-E98236FE38B9_jpeg_jpg.rf.fb8969312ed718b43387c65ce3a58344.jpg,g00612
train/fungal/1DD20D9E-7AB9-487A-B43A-7E959076A845_jpeg_jpg.rf.0f9a9aed595791b804a0c5fdc9408d9b.jpg,train,fungal,1DD20D9E-7AB9-487A-B43A-7E959076A845_jpeg_jpg.rf.0f9a9aed595791b804a0c5fdc9408d9b.jpg,g00613
train/fungal/1DD20D9E-7AB9-487A-B43A-7E959076A845_jpeg_jpg.rf.5c48ed1dc5767d5d9812e2ff5ebfe9bc.jpg,train,fungal,1DD20D9E-7AB9-487A-B43A-7E959076A845_jpeg_jpg.rf.5c48ed1dc5767d5d9812e2ff5ebfe9bc.jpg,g00613
train/fungal/1DD20D9E-7AB9-487A-B43A-7E959076A845_jpeg_jpg.rf.792b0faa885fd3bb86453b9c4c2b17c3.jpg,train,fungal,1DD20D9E-7AB9-487A-B43A-7E959076A845_jpeg_jpg.rf.792b0faa885fd3bb86453b9c4c2b17c3.jpg,g00613
train/fungal/1DD20D9E-7AB9-487A-B43A-7E959076A845_jpeg_jpg.rf.c9c80195dd94197ec4109b0bf203ccfe.jpg,train,fungal,1DD20D9E-7AB9-487A-B43A-7E959076A845_jpeg_jpg.rf.c9c80195dd94197ec4109b0bf203ccfe.jpg,g00613
train/fungal/1DD20D9E-7AB9-487A-B43A-7E959076A845_jpeg_jpg.rf.e70080b8b35940c55195edba6adf7467.jpg,train,fungal,1DD20D9E-7AB9-487A-B43A-7E959076A845_jpeg_jpg.rf.e70080b8b35940c55195edba6adf7467.jpg,g00613
train/fungal/1DD20D9E-7AB9-487A-B43A-7E959076A845_jpeg_jpg.rf.ee22585d700e542cd13a39cd99038f70.jpg,train,fungal,1DD20D9E-7AB9-487A-B43A-7E959076A845_jpeg_jpg.rf.ee22585d700e542cd13a39cd99038f70.jpg,g00613
train/fungal/1_PNG_jpg.rf.3b2fbd76f027c5da020a4a6a1dafee7b.jpg,train,fungal,1_PNG_jpg.rf.3b2fbd76f027c5da020a4a6a1dafee7b.jpg,g00614
train/fungal/1_PNG_jpg.rf.427a23b5835f5559836a4b769deb7b21.jpg,train,fungal,1_PNG_jpg.rf.427a23b5835f5559836a4b769deb7b21.jpg,g00614
train/fungal/1_PNG_jpg.rf.602e8171f52e2996457c5df293e2741b.jpg,train,fungal,1_PNG_jpg.rf.602e8171f52e2996457c5df293e2741b.jpg,g00614
train/fungal/1_PNG_jpg.rf.8e6df65890d53e90c2ad917e9f7eaf03.jpg,train,fungal,1_PNG_jpg.rf.8e6df65890d53e90c2ad917e9f7eaf03.jpg,g00614
train/fungal/1_PNG_jpg.rf.c8eace1b60d4f4db5e4016d30a07a354.jpg,train,fungal,1_PNG_jpg.rf.c8eace1b60d4f4db5e4016d30a07a354.jpg,g00614
train/fungal/1_PNG_jpg.rf.eff04e6aec931c8edbed62ea290d216e.jpg,train,fungal,1_PNG_jpg.rf.eff04e6aec931c8edbed62ea290d216e.jpg,g00614
train/fungal/1a_png_jpg.rf.057584b91cc6eb77d9609b6e1c1a11ee.jpg,train,fungal,1a_png_jpg.rf.057584b91cc6eb77d9609b6e1c1a11ee.jpg,g00615
train/fungal/1a_png_jpg.rf.20b2bfbaa52f6d0d832df1a37409bade.jpg,train,fungal,1a_png_jpg.rf.20b2bfbaa52f6d0d832df1a37409bade.jpg,g00615
train/fungal/1a_png_jpg.rf.b2a729789539955e728c70193930215d.jpg,train,fungal,1a_png_jpg.rf.b2a729789539955e728c70193930215d.jpg,g00615
train/fungal/1a_png_jpg.rf.d0d000151b9bdfa90004491daabbe991.jpg,train,fungal,1a_png_jpg.rf.d0d000151b9bdfa90004491daabbe991.jpg,g00615
train/fungal/1a_png_jpg.rf.f724a4fcbd71fb83ade9fa6e04f2f4d7.jpg,train,fungal,1a_png_jpg.rf.f724a4fcbd71fb83ade9fa6e04f2f4d7.jpg,g00615
train/fungal/1t_png_jpg.rf.62be3aaa307bf08a5a9e0b98a84841a8.jpg,train,fungal,1t_png_jpg.rf.62be3aaa307bf08a5a9e0b98a84841a8.jpg,g00616
train/fungal/1t_png_jpg.rf.6518d1d622e23f99d354af0d608ce9b1.jpg,train,fungal,1t_png_jpg.rf.6518d1d622e23f99d354af0d608ce9b1.jpg,g00616
train/fungal/1t_png_jpg.rf.8d01011583740c29a2333f607d531150.jpg,train,fungal,1t_png_jpg.rf.8d01011583740c29a2333f607d531150.jpg,g00616
train/fungal/1t_png_jpg.rf.c67f7ae8e1584999bba8631f4f19c62e.jpg,train,fungal,1t_png_jpg.rf.c67f7ae8e1584999bba8631f4f19c62e.jpg,g00616
train/fungal/1w_png_jpg.rf.1a0b31319ecb6654cee9d32e7d9073fe.jpg,train,fungal,1w_png_jpg.rf.1a0b31319ecb6654cee9d32e7d9073fe.jpg,g00617
train/fungal/1w_png_jpg.rf.1daf569ac434e4650e31f1370b55f4de.jpg,train,fungal,1w_png_jpg.rf.1daf569ac434e4650e31f1370b55f4de.jpg,g00617
train/fungal/1w_png_jpg.rf.56e7a8b6b8130eb084026dd2870acd87.jpg,train,fungal,1w_png_jpg.rf.56e7a8b6b8130eb084026dd2870acd87.jpg,g00617
train/fungal/1w_png_jpg.rf.623bd04dffccd85a468b60c64cf7b9de.jpg,train,fungal,1w_png_jpg.rf.623bd04dffccd85a468b60c64cf7b9de.jpg,g00617
train/fungal/1w_png_jpg.rf.91211fb74019344ab171e4be8ee61a36.jpg,train,fungal,1w_png_jpg.rf.91211fb74019344ab171e4be8ee61a36.jpg,g00617
train/fungal/1w_png_jpg.rf.9eaeab5510706033ea5ab5fe3eb31f41.jpg,train,fungal,1w_png_jpg.rf.9eaeab5510706033ea5ab5fe3eb31f41.jpg,g00617
train/fungal/1y_png_jpg.rf.36bc76e1666f0fc892a702a6b1f4e2d3.jpg,train,fungal,1y_png_jpg.rf.36bc76e1666f0fc892a702a6b1f4e2d3.jpg,g00618
train/fungal/1y_png_jpg.rf.5cdbe42011aba12f799289c7dac78dec.jpg,train,fungal,1y_png_jpg.rf.5cdbe42011aba12f799289c7dac78dec.jpg,g00618
train/fungal/1y_png_jpg.rf.c7c91a61c352ce7204128adb864e97df.jpg,train,fungal,1y_png_jpg.rf.c7c91a61c352ce7204128adb864e97df.jpg,g00618
train/fungal/1y_png_jpg.rf.c941979d21871096bb27c6252bbe7e25.jpg,train,fungal,1y_png_jpg.rf.c941979d21871096bb27c6252bbe7e25.jpg,g00618
train/fungal/1y_png_jpg.rf.c9d26c311b408743aa304f71cd3d5826.jpg,train,fungal,1y_png_jpg.rf.c9d26c311b408743aa304f71cd3d5826.jpg,g00618
train/fungal/2009-2652-Yegar-M-Canis-Cafhwas_jpg.rf.67acb1cc811d9a6bea56540d8dd5741a.jpg,train,fungal,2009-2652-Yegar-M-Canis-Cafhwas_jpg.rf.67acb1cc811d9a6bea56540d8dd5741a.jpg,g00619
train/fungal/2009-2652-Yegar-M-Canis-Cafhwas_jpg.rf.7a3169cecfc8fc4229807e6ca082cdcf.jpg,train,fungal,2009-2652-Yegar-M-Canis-Cafhwas_jpg.rf.7a3169cecfc8fc4229807e6ca082cdcf.jpg,g00619
train/fungal/2009-2652-Yegar-M-Canis-Cafhwas_jpg.rf.a30966fe103d6b65fdf252a6a6ac4aea.jpg,train,fungal,2009-2652-Yegar-M-Canis-Cafhwas_jpg.rf.a30966fe103d6b65fdf252a6a6ac4aea.jpg,g00619
train/fungal/2009-2652-Yegar-M-Canis-Cafhwas_jpg.rf.aa771b6a3de75b4daac08c52fbbe8f87.jpg,train,fungal,2009-2652-Yegar-M-Canis-Cafhwas_jpg.rf.aa771b6a3de75b4daac08c52fbbe8f87.jpg,g00619
train/fungal/2009-2652-Yegar-M-Canis-Cafhwas_jpg.rf.f7444a27c173c05298f3c0c2b2db2a8e.jpg,train,fungal,2009-2652-Yegar-M-Canis-Cafhwas_jpg.rf.f7444a27c173c05298f3c0c2b2db2a8e.jpg,g00619
train/fungal/222BC4FA-5824-401D-A313-763E6AB3CCEE_jpeg_jpg.rf.3e25e473e0f60f1692205204a52f07b0.jpg,train,fungal,222BC4FA-5824-401D-A313-763E6AB3CCEE_jpeg_jpg.rf.3e25e473e0f60f1692205204a52f07b0.jpg,g00620
train/fungal/222BC4FA-5824-401D-A313-763E6AB3CCEE_jpeg_jpg.rf.7141cad2ed5d59a3bd3ee14a87f23487.jpg,train,fungal,222BC4FA-5824-401D-A313-763E6AB3CCEE_jpeg_jpg.rf.7141cad2ed5d59a3bd3ee14a87f23487.jpg,g00620
train/fungal/222BC4FA-5824-401D-A313-763E6AB3CCEE_jpeg_jpg.rf.b18977c27eca53fb3ab00c103f9202e4.jpg,train,fungal,222BC4FA-5824-401D-A313-763E6AB3CCEE_jpeg_jpg.rf.b18977c27eca53fb3ab00c103f9202e4.jpg,g00620
train/fungal/2648B87F-2C86-4546-971E-B95B8BCF01DE_jpeg_jpg.rf.7311c656f822d71fb8d4a07c3fead07c.jpg,train,fungal,2648B87F-2C86-4546-971E-B95B8BCF01DE_jpeg_jpg.rf.7311c656f822d71fb8d4a07c3fead07c.jpg,g00621
train/fungal/2648B87F-2C86-4546-971E-B95B8BCF01DE_jpeg_jpg.rf.c3d7e57afd8032f8b1c8c5b9c31abd66.jpg,train,fungal,2648B87F-2C86-4546-971E-B95B8BCF01DE_jpeg_jpg.rf.c3d7e57afd8032f8b1c8c5b9c31abd66.jpg,g00621
train/fungal/2648B87F-2C86-4546-971E-B95B8BCF01DE_jpeg_jpg.rf.d3ecb7106bbc734dcee74a0977a3741b.jpg,train,fungal,2648B87F-2C86-4546-971E-B95B8BCF01DE_jpeg_jpg.rf.d3ecb7106bbc734dcee74a0977a3741b.jpg,g00621
train/fungal/2F82876F-07D0-4559-BD73-5675070FAEA8_jpeg_jpg.rf.26297a8e74bfb00777f554ab2139d84e.jpg,train,fungal,2F82876F-07D0-4559-BD73-5675070FAEA8_jpeg_jpg.rf.26297a8e74bfb00777f554ab2139d84e.jpg,g00622
train/fungal/2FEA7A2A-1D59-4C08-AA10-6F02F8757E69_jpeg_jpg.rf.68be06085f19dfdefb5a2f822ab111cd.jpg,train,fungal,2FEA7A2A-1D59-4C08-AA10-6F02F8757E69_jpeg_jpg.rf.68be06085f19dfdefb5a2f822ab111cd.jpg,g00623
train/fungal/2FEA7A2A-1D59-4C08-AA10-6F02F8757E69_jpeg_jpg.rf.71b39148e856348d104df8b96220c16b.jpg,train,fungal,2FEA7A2A-1D59-4C08-AA10-6F02F8757E69_jpeg_jpg.rf.71b39148e856348d104df8b96220c16b.jpg,g00623
train/fungal/2FEA7A2A-1D59-4C08-AA10-6F02F8757E69_jpeg_jpg.rf.e4fe6fe2e911cbf85ba57e1f9a8bb60e.jpg,train,fungal,2FEA7A2A-1D59-4C08-AA10-6F02F8757E69_jpeg_jpg.rf.e4fe6fe2e911cbf85ba57e1f9a8bb60e.jpg,g00623
train/fungal/2_jpg.rf.0ea4b55cebb77ef3c6f1362f6a7cc83b.jpg,train,fungal,2_jpg.rf.0ea4b55cebb77ef3c6f1362f6a7cc83b.jpg,g00624
train/fungal/2_jpg.rf.458de72e79a70ee809bf64fbbd981717.jpg,train,fungal,2_jpg.rf.458de72e79a70ee809bf64fbbd981717.jpg,g00624
train/fungal/2_jpg.rf.5a7cffa15c63e80a8c1be02b3f0fd647.jpg,train,fungal,2_jpg.rf.5a7cffa15c63e80a8c1be02b3f0fd647.jpg,g00624
train/fungal/2_jpg.rf.8eb450995a06aee375d31d7cc5ff1187.jpg,train,fungal,2_jpg.rf.8eb450995a06aee375d31d7cc5ff1187.jpg,g00624
train/fungal/2_jpg.rf.9013087a47ff115abbbee323e7debba5.jpg,train,fungal,2_jpg.rf.9013087a47ff115abbbee323e7debba5.jpg,g00624
train/fungal/2_jpg.rf.b3e7bc328ba15766c403b73806a432fa.jpg,train,fungal,2_jpg.rf.b3e7bc328ba15766c403b73806a432fa.jpg,g00624
train/fungal/2a_jpg.rf.09c9f7915109645f3afdb330cb72af81.jpg,train,fungal,2a_jpg.rf.09c9f7915109645f3afdb330cb72af81.jpg,g00625
train/fungal/2a_jpg.rf.0a584e245ceeb318554bbb211e21f169.jpg,train,fungal,2a_jpg.rf.0a584e245ceeb318554bbb211e21f169.jpg,g00625
train/fungal/2a_jpg.rf.306362ac04bb18b5f1ce611ac2718c4c.jpg,train,fungal,2a_jpg.rf.306362ac04bb18b5f1ce611ac2718c4c.jpg,g00625
train/fungal/2a_jpg.rf.8c95f0b5ffab8836929366bcfb25a55c.jpg,train,fungal,2a_jpg.rf.8c95f0b5ffab8836929366bcfb25a55c.jpg,g00625
train/fungal/2a_jpg.rf.b63e65b55a54a6c1882325c5ca211be1.jpg,train,fungal,2a_jpg.rf.b63e65b55a54a6c1882325c5ca211be1.jpg,g00625
train/fungal/2u_jpg.rf.1ff82c67a5f40e2ad07f04979a6eae19.jpg,train,fungal,2u_jpg.rf.1ff82c67a5f40e2ad07f04979a6eae19.jpg,g00626
train/fungal/2u_jpg.rf.44e96bfd5a9460a0cc36f3937003ddbe.jpg,train,fungal,2u_jpg.rf.44e96bfd5a9460a0cc36f3937003ddbe.jpg,g00626
train/fungal/2u_jpg.rf.8f0be127a28528255a672b7144496b96.jpg,train,fungal,2u_jpg.rf.8f0be127a28528255a672b7144496b96.jpg,g00626
train/fungal/2u_jpg.rf.e3e271add94ca688a510d055473af188.jpg,train,fungal,2u_jpg.rf.e3e271add94ca688a510d055473af188.jpg,g00626
train/fungal/2w_jpg.rf.34fea4608aec510a1b2e6b5a116ebe85.jpg,train,fungal,2w_jpg.rf.34fea4608aec510a1b2e6b5a116ebe85.jpg,g00627
train/fungal/2w_jpg.rf.435edde43867410db899b62030b4e7f3.jpg,train,fungal,2w_jpg.rf.435edde43867410db899b62030b4e7f3.jpg,g00627
train/fungal/2w_jpg.rf.6871f072af78921441d064de7ff3774d.jpg,train,fungal,2w_jpg.rf.6871f072af78921441d064de7ff3774d.jpg,g00627
train/fungal/2w_jpg.rf.942a3a6e4d2ea7adceef33b7a813124e.jpg,train,fungal,2w_jpg.rf.942a3a6e4d2ea7adceef33b7a813124e.jpg,g00627
train/fungal/2w_jpg.rf.a70f2fab8219a4c5e81d204a71b199c2.jpg,train,fungal,2w_jpg.rf.a70f2fab8219a4c5e81d204a71b199c2.jpg,g00627
train/fungal/2w_jpg.rf.cc3957e12bf956dbd1fc39c6146cf8e4.jpg,train,fungal,2w_jpg.rf.cc3957e12bf956dbd1fc39c6146cf8e4.jpg,g00627
train/fungal/30884FB6-B7EF-4670-879B-FDA76955106E_jpeg_jpg.rf.528e2e959867a7feb9e24e74fe2e95a9.jpg,train,fungal,30884FB6-B7EF-4670-879B-FDA76955106E_jpeg_jpg.rf.528e2e959867a7feb9e24e74fe2e95a9.jpg,g00628
train/fungal/30884FB6-B7EF-4670-879B-FDA76955106E_jpeg_jpg.rf.8a9dfca867846fd683bb95f097803b01.jpg,train,fungal,30884FB6-B7EF-4670-879B-FDA76955106E_jpeg_jpg.rf.8a9dfca867846fd683bb95f097803b01.jpg,g00628
train/fungal/30884FB6-B7EF-4670-879B-FDA76955106E_jpeg_jpg.rf.a509bb2e93ce6f0aa615b0acdfc06113.jpg,train,fungal,30884FB6-B7EF-4670-879B-FDA76955106E_jpeg_jpg.rf.a509bb2e93ce6f0aa615b0acdfc06113.jpg,g00628
train/fungal/32qu_png_jpg.rf.47b6ff0367d41d73ac9927a39773a825.jpg,train,fungal,32qu_png_jpg.rf.47b6ff0367d41d73ac9927a39773a825.jpg,g00629
train/fungal/32qu_png_jpg.rf.626e1dff4527d864eb1f9d3b3b22ea26.jpg,train,fungal,32qu_png_jpg.rf.626e1dff4527d864eb1f9d3b3b22ea26.jpg,g00629
train/fungal/32qu_png_jpg.rf.6c4a437f431fbc11e5ed467eb2196ad3.jpg,train,fungal,32qu_png_jpg.rf.6c4a437f431fbc11e5ed467eb2196ad3.jpg,g00629
train/fungal/32qu_png_jpg.rf.b87dcee71a7a0fcc1e91fe13ef18ddfd.jpg,train,fungal,32qu_png_jpg.rf.b87dcee71a7a0fcc1e91fe13ef18ddfd.jpg,g00629
train/fungal/32qu_png_jpg.rf.f53c660e0833e7cf775a26b153284f8e.jpg,train,fungal,32qu_png_jpg.rf.f53c660e0833e7cf775a26b153284f8e.jpg,g00629
train/fungal/32qw_png_jpg.rf.81a8461f1b0f7d6cc5e6c4168e760ab6.jpg,train,fungal,32qw_png_jpg.rf.81a8461f1b0f7d6cc5e6c4168e760ab6.jpg,g00630
train/fungal/32qw_png_jpg.rf.b7b3f37383700a8df9db10b1dd46bcee.jpg,train,fungal,32qw_png_jpg.rf.b7b3f37383700a8df9db10b1dd46bcee.jpg,g00630
train/fungal/32qw_png_jpg.rf.b971f4269c9e47bdb46a5ae460722782.jpg,train,fungal,32qw_png_jpg.rf.b971f4269c9e47bdb46a5ae460722782.jpg,g00630
train/fungal/32qw_png_jpg.rf.e157b2b7d738ed6c3039f9b4e93df66a.jpg,train,fungal,32qw_png_jpg.rf.e157b2b7d738ed6c3039f9b4e93df66a.jpg,g00630
train/fungal/32qy_png_jpg.rf.1584290888d97fd6b8dd35dd4c4846bc.jpg,train,fungal,32qy_png_jpg.rf.1584290888d97fd6b8dd35dd4c4846bc.jpg,g00631
train/fungal/32qy_png_jpg.rf.52f40f5c66231dd197cc9c24da18c3be.jpg,train,fungal,32qy_png_jpg.rf.52f40f5c66231dd197cc9c24da18c3be.jpg,g00631
train/fungal/32qy_png_jpg.rf.65484694db9199ce1e9d468b7dc7783b.jpg,train,fungal,32qy_png_jpg.rf.65484694db9199ce1e9d468b7dc7783b.jpg,g00631
train/fungal/32qy_png_jpg.rf.6a40c97eafb37ae373ca2184a5929fef.jpg,train,fungal,32qy_png_jpg.rf.6a40c97eafb37ae373ca2184a5929fef.jpg,g00631
train/fungal/32qy_png_jpg.rf.721386924266deecaeff30e99acf1913.jpg,train,fungal,32qy_png_jpg.rf.721386924266deecaeff30e99acf1913.jpg,g00631
train/fungal/32qy_png_jpg.rf.f77463ad4e0a9cf496ef1fe924412180.jpg,train,fungal,32qy_png_jpg.rf.f77463ad4e0a9cf496ef1fe924412180.jpg,g00631
train/fungal/32t_png_jpg.rf.4bccc92892255f5a71bcc6fbdacc43de.jpg,train,fungal,32t_png_jpg.rf.4bccc92892255f5a71bcc6fbdacc43de.jpg,g00632
train/fungal/32t_png_jpg.rf.caf46134e36e99e6ac6b1596b247498a.jpg,train,fungal,32t_png_jpg.rf.caf46134e36e99e6ac6b1596b247498a.jpg,g00632
train/fungal/33068F4F-A898-4A0E-A835-BCDCFCC46903_jpeg_jpg.rf.3da975105d054dc0001c6c188dfc56d5.jpg,train,fungal,33068F4F-A898-4A0E-A835-BCDCFCC46903_jpeg_jpg.rf.3da975105d054dc0001c6c188dfc56d5.jpg,g00633
train/fungal/33068F4F-A898-4A0E-A835-BCDCFCC46903_jpeg_jpg.rf.a1301a626e38ddbb63568de0b5fefdde.jpg,train,fungal,33068F4F-A898-4A0E-A835-BCDCFCC46903_jpeg_jpg.rf.a1301a626e38ddbb63568de0b5fefdde.jpg,g00633
train/fungal/33068F4F-A898-4A0E-A835-BCDCFCC46903_jpeg_jpg.rf.a23b8a93f3a1cb9bd297465cf9ef73fc.jpg,train,fungal,33068F4F-A898-4A0E-A835-BCDCFCC46903_jpeg_jpg.rf.a23b8a93f3a1cb9bd297465cf9ef73fc.jpg,g00633
train/fungal/33D1CE2C-576A-4B08-ACF2-0BA5F727A13D_jpeg_jpg.rf.284a192d051ef1edf71013b9188f5c7b.jpg,train,fungal,33D1CE2C-576A-4B08-ACF2-0BA5F727A13D_jpeg_jpg.rf.284a192d051ef1edf71013b9188f5c7b.jpg,g00634
train/fungal/36_PNG_jpg.rf.69640998d8d247cb4b4c4dbb4e88f7e0.jpg,train,fungal,36_PNG_jpg.rf.69640998d8d247cb4b4c4dbb4e88f7e0.jpg,g00635
train/fungal/36_PNG_jpg.rf.9b43bdd60e90fe88eb880ef4e1434933.jpg,train,fungal,36_PNG_jpg.rf.9b43bdd60e90fe88eb880ef4e1434933.jpg,g00635
train/fungal/36_PNG_jpg.rf.ff3cf1465eeb8fa053332d458c1de53d.jpg,train,fungal,36_PNG_jpg.rf.ff3cf1465eeb8fa053332d458c1de53d.jpg,g00635
train/fungal/36o_png_jpg.rf.bf7677b1e1c9b911f07f506f215ac06b.jpg,train,fungal,36o_png_jpg.rf.bf7677b1e1c9b911f07f506f215ac06b.jpg,g00636
train/fungal/36o_png_jpg.rf.c852f91a53547ccc164dd8fa8440cd79.jpg,train,fungal,36o_png_jpg.rf.c852f91a53547ccc164dd8fa8440cd79.jpg,g00636
train/fungal/36o_png_jpg.rf.ddb57968de3a8dc4387437da14e793fc.jpg,train,fungal,36o_png_jpg.rf.ddb57968de3a8dc4387437da14e793fc.jpg,g00636
train/fungal/36o_png_jpg.rf.fd45ae11f0cc5aefe5af4c3f5d83d288.jpg,train,fungal,36o_png_jpg.rf.fd45ae11f0cc5aefe5af4c3f5d83d288.jpg,g00636
train/fungal/36p_png_jpg.rf.a1c598d0abdb285145d7f6cc711ac328.jpg,train,fungal,36p_png_jpg.rf.a1c598d0abdb285145d7f6cc711ac328.jpg,g00637
train/fungal/36p_png_jpg.rf.af98200f5885451d182329a2a22814c5.jpg,train,fungal,36p_png_jpg.rf.af98200f5885451d182329a2a22814c5.jpg,g00637
train/fungal/36p_png_jpg.rf.dbf7f11d53d48f4425f33a4276793a40.jpg,train,fungal,36p_png_jpg.rf.dbf7f11d53d48f4425f33a4276793a40.jpg,g00637
train/fungal/36p_png_jpg.rf.e590706f5a742db9c6e6dc52af59dfe9.jpg,train,fungal,36p_png_jpg.rf.e590706f5a742db9c6e6dc52af59dfe9.jpg,g00637
train/fungal/36q_png_jpg.rf.06e2547689eb76ad131188f664ad9ac3.jpg,train,fungal,36q_png_jpg.rf.06e2547689eb76ad131188f664ad9ac3.jpg,g00638
train/fungal/36q_png_jpg.rf.32df62cb1bcdb7ad61807416510350ea.jpg,train,fungal,36q_png_jpg.rf.32df62cb1bcdb7ad61807416510350ea.jpg,g00638
train/fungal/36q_png_jpg.rf.8fe97b4f015936f8ca3f3d76cb4f5fb7.jpg,train,fungal,36q_png_jpg.rf.8fe97b4f015936f8ca3f3d76cb4f5fb7.jpg,g00638
train/fungal/36q_png_jpg.rf.c163ecdc1d8a72c19c46c20e68ee7e3b.jpg,train,fungal,36q_png_jpg.rf.c163ecdc1d8a72c19c46c20e68ee7e3b.jpg,g00638
train/fungal/36r_png_jpg.rf.46f803899b6ae515d974e94c18646436.jpg,train,fungal,36r_png_jpg.rf.46f803899b6ae515d974e94c18646436.jpg,g00639
train/fungal/36r_png_jpg.rf.7a2ff0c45957d6ea925f649f16c89cc8.jpg,train,fungal,36r_png_jpg.rf.7a2ff0c45957d6ea925f649f16c89cc8.jpg,g00639
train/fungal/36r_png_jpg.rf.fdd9f09f0ccd3848f1815a06b713186c.jpg,train,fungal,36r_png_jpg.rf.fdd9f09f0ccd3848f1815a06b713186c.jpg,g00639
train/fungal/37DB4683-6FF6-4524-91C8-D48A67917E6F_jpeg_jpg.rf.df0839b529b3453eeb4fd5ff13280330.jpg,train,fungal,37DB4683-6FF6-4524-91C8-D48A67917E6F_jpeg_jpg.rf.df0839b529b3453eeb4fd5ff13280330.jpg,g00640
train/fungal/37w_png_jpg.rf.34b88219c51ac53d4e8c2ac63a0c6df3.jpg,train,fungal,37w_png_jpg.rf.34b88219c51ac53d4e8c2ac63a0c6df3.jpg,g00641
train/fungal/37w_png_jpg.rf.3d8e92c2e99f0f86abf8044bcd0451a6.jpg,train,fungal,37w_png_jpg.rf.3d8e92c2e99f0f86abf8044bcd0451a6.jpg,g00641
train/fungal/37w_png_jpg.rf.a70edd41be76e34dd492fe32dfcd1a62.jpg,train,fungal,37w_png_jpg.rf.a70edd41be76e34dd492fe32dfcd1a62.jpg,g00641
train/fungal/37y_png_jpg.rf.23c915ba291cabf80b32dde90a6bdf5a.jpg,train,fungal,37y_png_jpg.rf.23c915ba291cabf80b32dde90a6bdf5a.jpg,g00642
train/fungal/37y_png_jpg.rf.390fa04bbb619bf1891141876c224925.jpg,train,fungal,37y_png_jpg.rf.390fa04bbb619bf1891141876c224925.jpg,g00642
train/fungal/37y_png_jpg.rf.40f2d0c92cf4e2f201bb7b5cd6b78d31.jpg,train,fungal,37y_png_jpg.rf.40f2d0c92cf4e2f201bb7b5cd6b78d31.jpg,g00642
train/fungal/37y_png_jpg.rf.9aa81a0b5f3f8455a8ab2517c7315641.jpg,train,fungal,37y_png_jpg.rf.9aa81a0b5f3f8455a8ab2517c7315641.jpg,g00642
train/fungal/37y_png_jpg.rf.b01eb07a67c37b9db9201d747069acd0.jpg,train,fungal,37y_png_jpg.rf.b01eb07a67c37b9db9201d747069acd0.jpg,g00642
train/fungal/37y_png_jpg.rf.c5c4db303cc90f785ddb9d277c999f92.jpg,train,fungal,37y_png_jpg.rf.c5c4db303cc90f785ddb9d277c999f92.jpg,g00642
train/fungal/39D9B981-3C51-4FC5-9F5E-D3C1C6627043_jpeg_jpg.rf.9a1ad68a19022cb248a03f4cab96a8ac.jpg,train,fungal,39D9B981-3C51-4FC5-9F5E-D3C1C6627043_jpeg_jpg.rf.9a1ad68a19022cb248a03f4cab96a8ac.jpg,g00643
train/fungal/39D9B981-3C51-4FC5-9F5E-D3C1C6627043_jpeg_jpg.rf.e4a2d177dea8aeae9bc374646a3876e0.jpg,train,fungal,39D9B981-3C51-4FC5-9F5E-D3C1C6627043_jpeg_jpg.rf.e4a2d177dea8aeae9bc374646a3876e0.jpg,g00643
train/fungal/39D9B981-3C51-4FC5-9F5E-D3C1C6627043_jpeg_jpg.rf.fbacc522daa1021fe3af3144c164b771.jpg,train,fungal,39D9B981-3C51-4FC5-9F5E-D3C1C6627043_jpeg_jpg.rf.fbacc522daa1021fe3af3144c164b771.jpg,g00643
train/fungal/3EC7EFF1-CC50-4657-9EF9-75F7EE481072_jpeg_jpg.rf.8d3513a680ba5670817ee92b3522a154.jpg,train,fungal,3EC7EFF1-CC50-4657-9EF9-75F7EE481072_jpeg_jpg.rf.8d3513a680ba5670817ee92b3522a154.jpg,g00644
train/fungal/3EC7EFF1-CC50-4657-9EF9-75F7EE481072_jpeg_jpg.rf.abe689ed16a399f64f8f0693fc3de0d0.jpg,train,fungal,3EC7EFF1-CC50-4657-9EF9-75F7EE481072_jpeg_jpg.rf.abe689ed16a399f64f8f0693fc3de0d0.jpg,g00644
train/fungal/3EC7EFF1-CC50-4657-9EF9-75F7EE481072_jpeg_jpg.rf.d16fb1d38b604906432edd55bd34f71c.jpg,train,fungal,3EC7EFF1-CC50-4657-9EF9-75F7EE481072_jpeg_jpg.rf.d16fb1d38b604906432edd55bd34f71c.jpg,g00644
train/fungal/435439959_796718765339372_81363436625389167_n_jpg.rf.9c8085a5a362e32d943f5fc917ecf6aa.jpg,train,fungal,435439959_796718765339372_81363436625389167_n_jpg.rf.9c8085a5a362e32d943f5fc917ecf6aa.jpg,g00645
train/fungal/435439959_796718765339372_81363436625389167_n_jpg.rf.b0d708e80dd11297a8f9ac9995bf8b4f.jpg,train,fungal,435439959_796718765339372_81363436625389167_n_jpg.rf.b0d708e80dd11297a8f9ac9995bf8b4f.jpg,g00645
train/fungal/435439959_796718765339372_81363436625389167_n_jpg.rf.b245368700961c7a4e337f5ef55a073a.jpg,train,fungal,435439959_796718765339372_81363436625389167_n_jpg.rf.b245368700961c7a4e337f5ef55a073a.jpg,g00645
train/fungal/435504633_961960721958914_4868880275566197502_n_jpg.rf.33d937d39e22fa627addf9629d522ddc.jpg,train,fungal,435504633_961960721958914_4868880275566197502_n_jpg.rf.33d937d39e22fa627addf9629d522ddc.jpg,g00646
train/fungal/435504633_961960721958914_4868880275566197502_n_jpg.rf.a67218176edb309b5500446de1524641.jpg,train,fungal,435504633_961960721958914_4868880275566197502_n_jpg.rf.a67218176edb309b5500446de1524641.jpg,g00646
train/fungal/435504633_961960721958914_4868880275566197502_n_jpg.rf.cf26a8b3ea6484ce24651c7f886b5d56.jpg,train,fungal,435504633_961960721958914_4868880275566197502_n_jpg.rf.cf26a8b3ea6484ce24651c7f886b5d56.jpg,g00646
train/fungal/435603314_5897309250393327_812604312490127687_n_jpg.rf.19a65e6abdc5268e5ed62e6b13d5e5d6.jpg,train,fungal,435603314_5897309250393327_812604312490127687_n_jpg.rf.19a65e6abdc5268e5ed62e6b13d5e5d6.jpg,g00647
train/fungal/435603314_5897309250393327_812604312490127687_n_jpg.rf.46080654e8f1731a5b403cea0ad3bd1f.jpg,train,fungal,435603314_5897309250393327_812604312490127687_n_jpg.rf.46080654e8f1731a5b403cea0ad3bd1f.jpg,g00647
train/fungal/435603314_5897309250393327_812604312490127687_n_jpg.rf.9ced0e009253c5c60b031d09dcd9c3c0.jpg,train,fungal,435603314_5897309250393327_812604312490127687_n_jpg.rf.9ced0e009253c5c60b031d09dcd9c3c0.jpg,g00647
train/fungal/435603314_5897309250393327_812604312490127687_n_jpg.rf.bf108ebcdfaa2044eceacafed7c55b50.jpg,train,fungal,435603314_5897309250393327_812604312490127687_n_jpg.rf.bf108ebcdfaa2044eceacafed7c55b50.jpg,g00647
train/fungal/435603314_5897309250393327_812604312490127687_n_jpg.rf.c1bf4a6b4063810aaa0d6f7ae4dee548.jpg,train,fungal,435603314_5897309250393327_812604312490127687_n_jpg.rf.c1bf4a6b4063810aaa0d6f7ae4dee548.jpg,g00647
train/fungal/435631993_1298352297739815_6625573697958946773_n_jpg.rf.1a6f6f67e371dbcff868fa671cd5c1ac.jpg,train,fungal,435631993_1298352297739815_6625573697958946773_n_jpg.rf.1a6f6f67e371dbcff868fa671cd5c1ac.jpg,g00648
train/fungal/435631993_1298352297739815_6625573697958946773_n_jpg.rf.a587b2846b3bad334e31e04130a4a152.jpg,train,fungal,435631993_1298352297739815_6625573697958946773_n_jpg.rf.a587b2846b3bad334e31e04130a4a152.jpg,g00648
train/fungal/435631993_1298352297739815_6625573697958946773_n_jpg.rf.b15733a9a21d8e14d8293232b6cf8ced.jpg,train,fungal,435631993_1298352297739815_6625573697958946773_n_jpg.rf.b15733a9a21d8e14d8293232b6cf8ced.jpg,g00648
train/fungal/435650633_3861504260748951_6666466989484237884_n-1-_jpg.rf.1bd39060b9cea413b0c389b2ab76586a.jpg,train,fungal,435650633_3861504260748951_6666466989484237884_n-1-_jpg.rf.1bd39060b9cea413b0c389b2ab76586a.jpg,g00649
train/fungal/435650633_3861504260748951_6666466989484237884_n-1-_jpg.rf.387354e51cb3625fbccf4c206888700a.jpg,train,fungal,435650633_3861504260748951_6666466989484237884_n-1-_jpg.rf.387354e51cb3625fbccf4c206888700a.jpg,g00649
train/fungal/435650633_3861504260748951_6666466989484237884_n-1-_jpg.rf.68e1c671570f04c7615b224215751c69.jpg,train,fungal,435650633_3861504260748951_6666466989484237884_n-1-_jpg.rf.68e1c671570f04c7615b224215751c69.jpg,g00649
train/fungal/435664928_1153756869147274_8155501997547220077_n_jpg.rf.1a9b189d68e91ca9163c8d1619ec2819.jpg,train,fungal,435664928_1153756869147274_8155501997547220077_n_jpg.rf.1a9b189d68e91ca9163c8d1619ec2819.jpg,g00650
train/fungal/435664928_1153756869147274_8155501997547220077_n_jpg.rf.29e631a99016b7a15be5ab1f2bdfaeec.jpg,train,fungal,435664928_1153756869147274_8155501997547220077_n_jpg.rf.29e631a99016b7a15be5ab1f2bdfaeec.jpg,g00650
train/fungal/435664928_1153756869147274_8155501997547220077_n_jpg.rf.72e58ec92d3012b980a1e82d2ed1fa83.jpg,train,fungal,435664928_1153756869147274_8155501997547220077_n_jpg.rf.72e58ec92d3012b980a1e82d2ed1fa83.jpg,g00650
train/fungal/435664928_1153756869147274_8155501997547220077_n_jpg.rf.afffaf970d7dd29a0e695394917ca779.jpg,train,fungal,435664928_1153756869147274_8155501997547220077_n_jpg.rf.afffaf970d7dd29a0e695394917ca779.jpg,g00650
train/fungal/435664928_1153756869147274_8155501997547220077_n_jpg.rf.e0b9352a03ed536ebaeeda16556ba806.jpg,train,fungal,435664928_1153756869147274_8155501997547220077_n_jpg.rf.e0b9352a03ed536ebaeeda16556ba806.jpg,g00650
train/fungal/436611250_417959844314512_1076972693256378968_n_jpg.rf.5c6cca00f92cfa005c0114d32e36f35d.jpg,train,fungal,436611250_417959844314512_1076972693256378968_n_jpg.rf.5c6cca00f92cfa005c0114d32e36f35d.jpg,g00651
train/fungal/436611250_417959844314512_1076972693256378968_n_jpg.rf.652d26c39fe9ed9a2948b06a16684dac.jpg,train,fungal,436611250_417959844314512_1076972693256378968_n_jpg.rf.652d26c39fe9ed9a2948b06a16684dac.jpg,g00651
train/fungal/436611250_417959844314512_1076972693256378968_n_jpg.rf.65820685f4e80cff1f1ac92d257c9b10.jpg,train,fungal,436611250_417959844314512_1076972693256378968_n_jpg.rf.65820685f4e80cff1f1ac92d257c9b10.jpg,g00651
train/fungal/436627664_402183386034908_3493737909200169023_n_jpg.rf.1cd35b4bb50028215f8c8ac27eac3563.jpg,train,fungal,436627664_402183386034908_3493737909200169023_n_jpg.rf.1cd35b4bb50028215f8c8ac27eac3563.jpg,g00652
train/fungal/436627664_402183386034908_3493737909200169023_n_jpg.rf.b7ab8b23018d47ae15f317fd1c3929af.jpg,train,fungal,436627664_402183386034908_3493737909200169023_n_jpg.rf.b7ab8b23018d47ae15f317fd1c3929af.jpg,g00652
train/fungal/436627664_402183386034908_3493737909200169023_n_jpg.rf.c2878345f194a731c9191f97ab8da07f.jpg,train,fungal,436627664_402183386034908_3493737909200169023_n_jpg.rf.c2878345f194a731c9191f97ab8da07f.jpg,g00652
train/fungal/436627664_402183386034908_3493737909200169023_n_jpg.rf.c393501556a41b7d90a2f58df1486668.jpg,train,fungal,436627664_402183386034908_3493737909200169023_n_jpg.rf.c393501556a41b7d90a2f58df1486668.jpg,g00652
train/fungal/436627664_402183386034908_3493737909200169023_n_jpg.rf.c9e44223b41d2b210cfc353d4b468e0f.jpg,train,fungal,436627664_402183386034908_3493737909200169023_n_jpg.rf.c9e44223b41d2b210cfc353d4b468e0f.jpg,g00652
train/fungal/436636046_360111827071591_750719804675544335_n_jpg.rf.1b126e978faf58db388a388134b24053.jpg,train,fungal,436636046_360111827071591_750719804675544335_n_jpg.rf.1b126e978faf58db388a388134b24053.jpg,g00653
train/fungal/436636046_360111827071591_750719804675544335_n_jpg.rf.2c58c9fc702b0a5a54559b774ca927d4.jpg,train,fungal,436636046_360111827071591_750719804675544335_n_jpg.rf.2c58c9fc702b0a5a54559b774ca927d4.jpg,g00653
train/fungal/436636046_360111827071591_750719804675544335_n_jpg.rf.e4b427e102d658496aaf8637ffc67c3a.jpg,train,fungal,436636046_360111827071591_750719804675544335_n_jpg.rf.e4b427e102d658496aaf8637ffc67c3a.jpg,g00653
train/fungal/436639986_413245831496612_2113964065260756871_n_jpg.rf.181108b756347bf91e66b099be8b4343.jpg,train,fungal,436639986_413245831496612_2113964065260756871_n_jpg.rf.181108b756347bf91e66b099be8b4343.jpg,g00654
train/fungal/436639986_413245831496612_2113964065260756871_n_jpg.rf.18876687c707c59f9119891e7530e429.jpg,train,fungal,436639986_413245831496612_2113964065260756871_n_jpg.rf.18876687c707c59f9119891e7530e429.jpg,g00654
train/fungal/436639986_413245831496612_2113964065260756871_n_jpg.rf.1dea4838634a71050811d321d31d16ff.jpg,train,fungal,436639986_413245831496612_2113964065260756871_n_jpg.rf.1dea4838634a71050811d321d31d16ff.jpg,g00654
train/fungal/436639986_413245831496612_2113964065260756871_n_jpg.rf.22e9a72b0a394f2a947e980afc575890.jpg,train,fungal,436639986_413245831496612_2113964065260756871_n_jpg.rf.22e9a72b0a394f2a947e980afc575890.jpg,g00654
train/fungal/436639986_413245831496612_2113964065260756871_n_jpg.rf.72e2b8a4ddeb5becdf55b1a72cf81146.jpg,train,fungal,436639986_413245831496612_2113964065260756871_n_jpg.rf.72e2b8a4ddeb5becdf55b1a72cf81146.jpg,g00654
train/fungal/436640003_939449091294830_7683376979877978508_n_jpg.rf.463f35392cf2100dcf139cdc3e20db9c.jpg,train,fungal,436640003_939449091294830_7683376979877978508_n_jpg.rf.463f35392cf2100dcf139cdc3e20db9c.jpg,g00655
train/fungal/436640003_939449091294830_7683376979877978508_n_jpg.rf.af2628219758e1ac7cbc109081b51b91.jpg,train,fungal,436640003_939449091294830_7683376979877978508_n_jpg.rf.af2628219758e1ac7cbc109081b51b91.jpg,g00655
train/fungal/54_jpg.rf.85537e4857ec850d10e0fa547418d377.jpg,train,fungal,54_jpg.rf.85537e4857ec850d10e0fa547418d377.jpg,g00656
train/fungal/54_jpg.rf.8cb8ea3546f6ce776d3b842bc077b64e.jpg,train,fungal,54_jpg.rf.8cb8ea3546f6ce776d3b842bc077b64e.jpg,g00656
train/fungal/flea_allergy-24-_jpg.rf.a2a710b538cb13dd15561ca67ebd783e.jpg,train,fungal,flea_allergy-24-_jpg.rf.a2a710b538cb13dd15561ca67ebd783e.jpg,g00657
train/fungal/flea_allergy-24-_jpg.rf.ae394e476dbc40717dbabc5e34d23b8b.jpg,train,fungal,flea_allergy-24-_jpg.rf.ae394e476dbc40717dbabc5e34d23b8b.jpg,g00657
train/fungal/j21_jpeg_jpg.rf.4e2af2e7d3b167ca3d9c1b824c743234.jpg,train,fungal,j21_jpeg_jpg.rf.4e2af2e7d3b167ca3d9c1b824c743234.jpg,g00658
train/fungal/j21_jpeg_jpg.rf.c0cbe4e9b2b96edd926851cb091ab809.jpg,train,fungal,j21_jpeg_jpg.rf.c0cbe4e9b2b96edd926851cb091ab809.jpg,g00658
train/fungal/j22_jpeg_jpg.rf.628af1d93daca36f1a05d840ec4771be.jpg,train,fungal,j22_jpeg_jpg.rf.628af1d93daca36f1a05d840ec4771be.jpg,g00659
train/fungal/j22_jpeg_jpg.rf.c5092fb3ce97c03dc4d5656ba35eb065.jpg,train,fungal,j22_jpeg_jpg.rf.c5092fb3ce97c03dc4d5656ba35eb065.jpg,g00659
train/fungal/j23_jpeg_jpg.rf.0e16eed6ca600dc4595a59a59024fa5b.jpg,train,fungal,j23_jpeg_jpg.rf.0e16eed6ca600dc4595a59a59024fa5b.jpg,g00660
train/fungal/j23_jpeg_jpg.rf.b8bf0bb765b0b96dd97b0c54a61aed6b.jpg,train,fungal,j23_jpeg_jpg.rf.b8bf0bb765b0b96dd97b0c54a61aed6b.jpg,g00660
train/fungal/j24_jpeg_jpg.rf.77e32fceb42c40dedf998d6ed65cb223.jpg,train,fungal,j24_jpeg_jpg.rf.77e32fceb42c40dedf998d6ed65cb223.jpg,g00661
train/fungal/j25_jpeg_jpg.rf.09cb4c470aa4fb6609d636d24921a5c7.jpg,train,fungal,j25_jpeg_jpg.rf.09cb4c470aa4fb6609d636d24921a5c7.jpg,g00662
train/fungal/j25_jpeg_jpg.rf.aa569c9a1f98e5d22cd4b67d664ef14a.jpg,train,fungal,j25_jpeg_jpg.rf.aa569c9a1f98e5d22cd4b67d664ef14a.jpg,g00662
train/fungal/j26_jpeg_jpg.rf.528d66dbe4f42eb77c6711fd7e8acfb4.jpg,train,fungal,j26_jpeg_jpg.rf.528d66dbe4f42eb77c6711fd7e8acfb4.jpg,g00663
train/fungal/j26_jpeg_jpg.rf.d142d2ff582c6aec06cf0d01af983eb0.jpg,train,fungal,j26_jpeg_jpg.rf.d142d2ff582c6aec06cf0d01af983eb0.jpg,g00663
train/fungal/j27_jpeg_jpg.rf.a1ef90ccb8eb506a91ea4c8eb500a090.jpg,train,fungal,j27_jpeg_jpg.rf.a1ef90ccb8eb506a91ea4c8eb500a090.jpg,g00664
train/fungal/j27_jpeg_jpg.rf.c4b405ec6c9b01c007510b3e7b9d0e99.jpg,train,fungal,j27_jpeg_jpg.rf.c4b405ec6c9b01c007510b3e7b9d0e99.jpg,g00664
train/fungal/j29_jpeg_jpg.rf.6fc07a9fba12e455a695799280f794f4.jpg,train,fungal,j29_jpeg_jpg.rf.6fc07a9fba12e455a695799280f794f4.jpg,g00665
train/fungal/j29_jpeg_jpg.rf.a2fb0323e2d3a660f529d522e57c9a1a.jpg,train,fungal,j29_jpeg_jpg.rf.a2fb0323e2d3a660f529d522e57c9a1a.jpg,g00665
train/fungal/j30_jpeg_jpg.rf.a907abfd195a567daaf69d2849a4ae16.jpg,train,fungal,j30_jpeg_jpg.rf.a907abfd195a567daaf69d2849a4ae16.jpg,g00666
train/fungal/j30_jpeg_jpg.rf.e9d4779acc766110d80601a147efe0c2.jpg,train,fungal,j30_jpeg_jpg.rf.e9d4779acc766110d80601a147efe0c2.jpg,g00666
train/fungal/j31_jpeg_jpg.rf.d79fed382f2ebcf81aac18008ae7c2f2.jpg,train,fungal,j31_jpeg_jpg.rf.d79fed382f2ebcf81aac18008ae7c2f2.jpg,g00667
train/fungal/j31_jpeg_jpg.rf.f7a6bbfd257f5b849971799280840950.jpg,train,fungal,j31_jpeg_jpg.rf.f7a6bbfd257f5b849971799280840950.jpg,g00667
train/fungal/j32_jpeg_jpg.rf.095d61d1ca13feece57aad6322a045f8.jpg,train,fungal,j32_jpeg_jpg.rf.095d61d1ca13feece57aad6322a045f8.jpg,g00668
train/fungal/j32_jpeg_jpg.rf.9d9ee427883469b0108a3ecc5342c9f0.jpg,train,fungal,j32_jpeg_jpg.rf.9d9ee427883469b0108a3ecc5342c9f0.jpg,g00668
train/fungal/j33_jpeg_jpg.rf.b926ce2befa084e66d201475cc009273.jpg,train,fungal,j33_jpeg_jpg.rf.b926ce2befa084e66d201475cc009273.jpg,g00669
train/fungal/j33_jpeg_jpg.rf.f0055db7f8cb14dc637c860635f76371.jpg,train,fungal,j33_jpeg_jpg.rf.f0055db7f8cb14dc637c860635f76371.jpg,g00669
train/fungal/j34_jpeg_jpg.rf.4951cc5fedc1c9405cfdc9dae4b279e6.jpg,train,fungal,j34_jpeg_jpg.rf.4951cc5fedc1c9405cfdc9dae4b279e6.jpg,g00670
train/fungal/j35_jpeg_jpg.rf.6f9b15832bbb5fb4acd678865df04d1e.jpg,train,fungal,j35_jpeg_jpg.rf.6f9b15832bbb5fb4acd678865df04d1e.jpg,g00671
train/fungal/j35_jpeg_jpg.rf.98d0377bbfb888cd9fa40b1115b55d7e.jpg,train,fungal,j35_jpeg_jpg.rf.98d0377bbfb888cd9fa40b1115b55d7e.jpg,g00671
train/fungal/j36_jpeg_jpg.rf.55e6ec368b51fa7e6fd1b2300d801700.jpg,train,fungal,j36_jpeg_jpg.rf.55e6ec368b51fa7e6fd1b2300d801700.jpg,g00672
train/fungal/j36_jpeg_jpg.rf.ccac494163ab4a69c2c0b4db04f9fb72.jpg,train,fungal,j36_jpeg_jpg.rf.ccac494163ab4a69c2c0b4db04f9fb72.jpg,g00672
train/fungal/j37_jpeg_jpg.rf.1dd919ac76b167943931d0f4e5afe846.jpg,train,fungal,j37_jpeg_jpg.rf.1dd919ac76b167943931d0f4e5afe846.jpg,g00673
train/fungal/j37_jpeg_jpg.rf.e9fb3b3c9512bb017d03b04092b26660.jpg,train,fungal,j37_jpeg_jpg.rf.e9fb3b3c9512bb017d03b04092b26660.jpg,g00673
train/fungal/j38_jpeg_jpg.rf.3e6065e0a6d76bd8daefdcdca967998d.jpg,train,fungal,j38_jpeg_jpg.rf.3e6065e0a6d76bd8daefdcdca967998d.jpg,g00674
train/fungal/j38_jpeg_jpg.rf.775fe2a03de4dbbad41299b9070f37cc.jpg,train,fungal,j38_jpeg_jpg.rf.775fe2a03de4dbbad41299b9070f37cc.jpg,g00674
train/fungal/j39_jpeg_jpg.rf.431dd21ba32b6c4d77251b53ed74cc25.jpg,train,fungal,j39_jpeg_jpg.rf.431dd21ba32b6c4d77251b53ed74cc25.jpg,g00675
train/fungal/j39_jpeg_jpg.rf.ae55029216b650243f76d205e37784c9.jpg,train,fungal,j39_jpeg_jpg.rf.ae55029216b650243f76d205e37784c9.jpg,g00675
train/fungal/j40_jpeg_jpg.rf.279c4be66ce3c65c76bfbd69ff863338.jpg,train,fungal,j40_jpeg_jpg.rf.279c4be66ce3c65c76bfbd69ff863338.jpg,g00676
train/fungal/j40_jpeg_jpg.rf.b8d0bef78d5083b85aa4417e3e500a16.jpg,train,fungal,j40_jpeg_jpg.rf.b8d0bef78d5083b85aa4417e3e500a16.jpg,g00676
train/fungal/j41_jpeg_jpg.rf.19b18a4b0db61deb719a571827442f67.jpg,train,fungal,j41_jpeg_jpg.rf.19b18a4b0db61deb719a571827442f67.jpg,g00677
train/fungal/j41_jpeg_jpg.rf.3ad22fa450bdf5e7bdbccb22aae2cbdb.jpg,train,fungal,j41_jpeg_jpg.rf.3ad22fa450bdf5e7bdbccb22aae2cbdb.jpg,g00677
train/fungal/j42_jpeg_jpg.rf.7ddb84a28d65ca36d2807d2ec8f554ae.jpg,train,fungal,j42_jpeg_jpg.rf.7ddb84a28d65ca36d2807d2ec8f554ae.jpg,g00678
train/fungal/j42_jpeg_jpg.rf.eae5a7bb473bf227e3a8ac5a698e6288.jpg,train,fungal,j42_jpeg_jpg.rf.eae5a7bb473bf227e3a8ac5a698e6288.jpg,g00678
train/fungal/j43_jpeg_jpg.rf.07e77ad3c175d9e44c76906f773e66f8.jpg,train,fungal,j43_jpeg_jpg.rf.07e77ad3c175d9e44c76906f773e66f8.jpg,g00679
train/fungal/j43_jpeg_jpg.rf.6afe86059ce8bede6c56b482ac0bf5be.jpg,train,fungal,j43_jpeg_jpg.rf.6afe86059ce8bede6c56b482ac0bf5be.jpg,g00679
train/fungal/j45_jpeg_jpg.rf.3bd1062a73eed0a5a3b1d642847d79ae.jpg,train,fungal,j45_jpeg_jpg.rf.3bd1062a73eed0a5a3b1d642847d79ae.jpg,g00680
train/fungal/j45_jpeg_jpg.rf.ccd945cacf43449f5bc74277b474e2b1.jpg,train,fungal,j45_jpeg_jpg.rf.ccd945cacf43449f5bc74277b474e2b1.jpg,g00680
train/fungal/j46_jpeg_jpg.rf.81402e9c13b7c8399e425021ea6ec084.jpg,train,fungal,j46_jpeg_jpg.rf.81402e9c13b7c8399e425021ea6ec084.jpg,g00681
train/fungal/j46_jpeg_jpg.rf.95223cbf7ecd5222dfe9aac6ba8c249e.jpg,train,fungal,j46_jpeg_jpg.rf.95223cbf7ecd5222dfe9aac6ba8c249e.jpg,g00681
train/fungal/j51_jpeg_jpg.rf.3d73384be6900f80a8c2a761525cb89e.jpg,train,fungal,j51_jpeg_jpg.rf.3d73384be6900f80a8c2a761525cb89e.jpg,g00682
train/fungal/j51_jpeg_jpg.rf.ab3f2b41d2d46e7321244a59a20e4c26.jpg,train,fungal,j51_jpeg_jpg.rf.ab3f2b41d2d46e7321244a59a20e4c26.jpg,g00682
train/fungal/j52_jpeg_jpg.rf.6a9ab13ae9a867aea8004f0edaf01860.jpg,train,fungal,j52_jpeg_jpg.rf.6a9ab13ae9a867aea8004f0edaf01860.jpg,g00683
train/fungal/j52_jpeg_jpg.rf.9727b25b05be14d37f0d2700a86593e1.jpg,train,fungal,j52_jpeg_jpg.rf.9727b25b05be14d37f0d2700a86593e1.jpg,g00683
train/fungal/j54_jpeg_jpg.rf.5b5ffdff8b3464d06f6eeaeadc7e38c6.jpg,train,fungal,j54_jpeg_jpg.rf.5b5ffdff8b3464d06f6eeaeadc7e38c6.jpg,g00684
train/fungal/j54_jpeg_jpg.rf.d9c8b2a447fccce9273a7c5b0d77c2ca.jpg,train,fungal,j54_jpeg_jpg.rf.d9c8b2a447fccce9273a7c5b0d77c2ca.jpg,g00684
train/fungal/j55_jpeg_jpg.rf.c0cf8a3b34013831f56ee07f5a82bf85.jpg,train,fungal,j55_jpeg_jpg.rf.c0cf8a3b34013831f56ee07f5a82bf85.jpg,g00685
train/fungal/j55_jpeg_jpg.rf.fc275db0ff2f1b53261df7f072429e61.jpg,train,fungal,j55_jpeg_jpg.rf.fc275db0ff2f1b53261df7f072429e61.jpg,g00685
train/fungal/jamur10_jpeg_jpg.rf.1a2670bc4dce993ae68b50cb8a42ddcb.jpg,train,fungal,jamur10_jpeg_jpg.rf.1a2670bc4dce993ae68b50cb8a42ddcb.jpg,g00686
train/fungal/jamur10_jpeg_jpg.rf.a99a8f19b9800c54a1dcc2013ac7252e.jpg,train,fungal,jamur10_jpeg_jpg.rf.a99a8f19b9800c54a1dcc2013ac7252e.jpg,g00686
train/fungal/jamur12_jpeg_jpg.rf.fa238d9a81fa20eb9cfb1b888f87a4dc.jpg,train,fungal,jamur12_jpeg_jpg.rf.fa238d9a81fa20eb9cfb1b888f87a4dc.jpg,g00687
train/fungal/jamur15_jpeg_jpg.rf.108640b6d78895006aeeafeedb01a457.jpg,train,fungal,jamur15_jpeg_jpg.rf.108640b6d78895006aeeafeedb01a457.jpg,g00688
train/fungal/jamur15_jpeg_jpg.rf.dd727a22c4f9d307888e4fd24a1df48e.jpg,train,fungal,jamur15_jpeg_jpg.rf.dd727a22c4f9d307888e4fd24a1df48e.jpg,g00688
train/fungal/jamur16_jpeg_jpg.rf.4f6a71c2a37adc71ea65f091799b829d.jpg,train,fungal,jamur16_jpeg_jpg.rf.4f6a71c2a37adc71ea65f091799b829d.jpg,g00689
train/fungal/jamur16_jpeg_jpg.rf.77297523b6a7853231e58c5ac8d33241.jpg,train,fungal,jamur16_jpeg_jpg.rf.77297523b6a7853231e58c5ac8d33241.jpg,g00689
train/fungal/jamur17_jpeg_jpg.rf.7ed7749f2a85af99553fbec1a7e58bfe.jpg,train,fungal,jamur17_jpeg_jpg.rf.7ed7749f2a85af99553fbec1a7e58bfe.jpg,g00690
train/fungal/jamur17_jpeg_jpg.rf.afe5f9009748ec80ae7017aa678633de.jpg,train,fungal,jamur17_jpeg_jpg.rf.afe5f9009748ec80ae7017aa678633de.jpg,g00690
train/fungal/jamur18_jpeg_jpg.rf.173e9f015bd1b9c843df86817b7c8c56.jpg,train,fungal,jamur18_jpeg_jpg.rf.173e9f015bd1b9c843df86817b7c8c56.jpg,g00691
train/fungal/jamur18_jpeg_jpg.rf.9b6c2b57ded127693d6199aa464e3d7a.jpg,train,fungal,jamur18_jpeg_jpg.rf.9b6c2b57ded127693d6199aa464e3d7a.jpg,g00691
train/fungal/jamur21_jpeg_jpg.rf.0de3c6fe784494155be7ec53f6892c25.jpg,train,fungal,jamur21_jpeg_jpg.rf.0de3c6fe784494155be7ec53f6892c25.jpg,g00692
train/fungal/jamur22_jpeg_jpg.rf.766f6a73529d031788635bb79f067e3a.jpg,train,fungal,jamur22_jpeg_jpg.rf.766f6a73529d031788635bb79f067e3a.jpg,g00693
train/fungal/jamur22_jpeg_jpg.rf.c5158404bdea44c2d24fc0c77828bbd9.jpg,train,fungal,jamur22_jpeg_jpg.rf.c5158404bdea44c2d24fc0c77828bbd9.jpg,g00693
train/fungal/jamur23_jpeg_jpg.rf.05682bb97830a0ccd512fe126bba6d02.jpg,train,fungal,jamur23_jpeg_jpg.rf.05682bb97830a0ccd512fe126bba6d02.jpg,g00694
train/fungal/jamur25_jpeg_jpg.rf.cc871351d20fa4f2b9cd3f0c2ce5e1a2.jpg,train,fungal,jamur25_jpeg_jpg.rf.cc871351d20fa4f2b9cd3f0c2ce5e1a2.jpg,g00695
train/fungal/jamur27_jpeg_jpg.rf.c68bf687f74fd9b1b93497db28520303.jpg,train,fungal,jamur27_jpeg_jpg.rf.c68bf687f74fd9b1b93497db28520303.jpg,g00696
train/fungal/jamur28_jpeg_jpg.rf.6d47c7b223063a03528e990f23d2994f.jpg,train,fungal,jamur28_jpeg_jpg.rf.6d47c7b223063a03528e990f23d2994f.jpg,g00697
train/fungal/jamur28_jpeg_jpg.rf.8d4f65efd5e85d46e058e2f40752a362.jpg,train,fungal,jamur28_jpeg_jpg.rf.8d4f65efd5e85d46e058e2f40752a362.jpg,g00697
train/fungal/jamur2_jpeg_jpg.rf.e5ca251e4fe11e2a4318b58b2c283063.jpg,train,fungal,jamur2_jpeg_jpg.rf.e5ca251e4fe11e2a4318b58b2c283063.jpg,g00698
train/fungal/jamur31_jpeg_jpg.rf.255c8ab135eeb1916379d0b35029d5d6.jpg,train,fungal,jamur31_jpeg_jpg.rf.255c8ab135eeb1916379d0b35029d5d6.jpg,g00699
train/fungal/jamur31_jpeg_jpg.rf.c11a1bbe981b95d1d187717949e66c79.jpg,train,fungal,jamur31_jpeg_jpg.rf.c11a1bbe981b95d1d187717949e66c79.jpg,g00699
train/fungal/jamur32_jpeg_jpg.rf.d54338f8c6515ee71d523adf4dc7d9d0.jpg,train,fungal,jamur32_jpeg_jpg.rf.d54338f8c6515ee71d523adf4dc7d9d0.jpg,g00700
train/fungal/jamur32_jpeg_jpg.rf.ec7eec0c343fb0a23bad33c24fedf9dd.jpg,train,fungal,jamur32_jpeg_jpg.rf.ec7eec0c343fb0a23bad33c24fedf9dd.jpg,g00700
train/fungal/jamur34_jpeg_jpg.rf.7ab2fc10c209aa86f6096662f4394aef.jpg,train,fungal,jamur34_jpeg_jpg.rf.7ab2fc10c209aa86f6096662f4394aef.jpg,g00701
train/fungal/jamur34_jpeg_jpg.rf.d4c7a1e0a810910adb32445d7cc4b644.jpg,train,fungal,jamur34_jpeg_jpg.rf.d4c7a1e0a810910adb32445d7cc4b644.jpg,g00701
train/fungal/jamur35_jpeg_jpg.rf.21dec885d9796184651a7de3adf4156f.jpg,train,fungal,jamur35_jpeg_jpg.rf.21dec885d9796184651a7de3adf4156f.jpg,g00702
train/fungal/jamur35_jpeg_jpg.rf.4cccb99eadb3dc7bb6526d790a754b09.jpg,train,fungal,jamur35_jpeg_jpg.rf.4cccb99eadb3dc7bb6526d790a754b09.jpg,g00702
train/fungal/jamur36_jpeg_jpg.rf.4bcba26e17332fff898860f37cfd5c29.jpg,train,fungal,jamur36_jpeg_jpg.rf.4bcba26e17332fff898860f37cfd5c29.jpg,g00703
train/fungal/jamur36_jpeg_jpg.rf.c181581641eb7d96ef7647e6d8826ace.jpg,train,fungal,jamur36_jpeg_jpg.rf.c181581641eb7d96ef7647e6d8826ace.jpg,g00703
train/fungal/jamur37_jpeg_jpg.rf.8141bef8a08efe44e9de8f92520fab66.jpg,train,fungal,jamur37_jpeg_jpg.rf.8141bef8a08efe44e9de8f92520fab66.jpg,g00704
train/fungal/jamur37_jpeg_jpg.rf.f0743a3e14539ebf41eb3aaaaa746e04.jpg,train,fungal,jamur37_jpeg_jpg.rf.f0743a3e14539ebf41eb3aaaaa746e04.jpg,g00704
train/fungal/jamur38_jpeg_jpg.rf.18eaf6df2a687d521131eb6aff9daa21.jpg,train,fungal,jamur38_jpeg_jpg.rf.18eaf6df2a687d521131eb6aff9daa21.jpg,g00705
train/fungal/jamur38_jpeg_jpg.rf.76994f868487c274f9e76a796c2ce918.jpg,train,fungal,jamur38_jpeg_jpg.rf.76994f868487c274f9e76a796c2ce918.jpg,g00705
train/fungal/jamur39_jpeg_jpg.rf.4c0427a392d146bf88353a40f3f20d3e.jpg,train,fungal,jamur39_jpeg_jpg.rf.4c0427a392d146bf88353a40f3f20d3e.jpg,g00706
train/fungal/jamur39_jpeg_jpg.rf.cdcaafb03fc177967a463c4b99f83fa1.jpg,train,fungal,jamur39_jpeg_jpg.rf.cdcaafb03fc177967a463c4b99f83fa1.jpg,g00706
train/fungal/jamur3_jpeg_jpg.rf.25d493a8c94327f1ff1041e29735661b.jpg,train,fungal,jamur3_jpeg_jpg.rf.25d493a8c94327f1ff1041e29735661b.jpg,g00707
train/fungal/jamur3_jpeg_jpg.rf.7032aa554e3c381ee2ca4b700c052943.jpg,train,fungal,jamur3_jpeg_jpg.rf.7032aa554e3c381ee2ca4b700c052943.jpg,g00707
train/fungal/jamur40_jpeg_jpg.rf.14cd2a3995ec948221f74feb302b2e3d.jpg,train,fungal,jamur40_jpeg_jpg.rf.14cd2a3995ec948221f74feb302b2e3d.jpg,g00708
train/fungal/jamur40_jpeg_jpg.rf.d525193e48754aa68eb342a0c8a5589e.jpg,train,fungal,jamur40_jpeg_jpg.rf.d525193e48754aa68eb342a0c8a5589e.jpg,g00708
train/fungal/jamur42_jpeg_jpg.rf.2e34560786c09f88e1e2f4a2d4f284fe.jpg,train,fungal,jamur42_jpeg_jpg.rf.2e34560786c09f88e1e2f4a2d4f284fe.jpg,g00709
train/fungal/jamur42_jpeg_jpg.rf.f41ca1774c6d2c1d0cd6798ffd88bceb.jpg,train,fungal,jamur42_jpeg_jpg.rf.f41ca1774c6d2c1d0cd6798ffd88bceb.jpg,g00709
train/fungal/jamur43_jpeg_jpg.rf.8f03bb3005049ae7cb91799d61b7ff77.jpg,train,fungal,jamur43_jpeg_jpg.rf.8f03bb3005049ae7cb91799d61b7ff77.jpg,g00710
train/fungal/jamur43_jpeg_jpg.rf.db2aabae648a5352c72a5fda01afa360.jpg,train,fungal,jamur43_jpeg_jpg.rf.db2aabae648a5352c72a5fda01afa360.jpg,g00710
train/fungal/jamur44_jpeg_jpg.rf.4429a3efa09c59a60a984ac352f83e2e.jpg,train,fungal,jamur44_jpeg_jpg.rf.4429a3efa09c59a60a984ac352f83e2e.jpg,g00711
train/fungal/jamur44_jpeg_jpg.rf.d7e3d7ce81b8e15e3ffa2b30dd1b4db3.jpg,train,fungal,jamur44_jpeg_jpg.rf.d7e3d7ce81b8e15e3ffa2b30dd1b4db3.jpg,g00711
train/fungal/jamur46_jpeg_jpg.rf.982c0e01dd5812a030a70b8f047acbb9.jpg,train,fungal,jamur46_jpeg_jpg.rf.982c0e01dd5812a030a70b8f047acbb9.jpg,g00712
train/fungal/jamur46_jpeg_jpg.rf.da233cc4cd7b2b6e700eee72abd56191.jpg,train,fungal,jamur46_jpeg_jpg.rf.da233cc4cd7b2b6e700eee72abd56191.jpg,g00712
train/fungal/jamur47_jpeg_jpg.rf.3c1e03a977d5d3e7026711273c50d312.jpg,train,fungal,jamur47_jpeg_jpg.rf.3c1e03a977d5d3e7026711273c50d312.jpg,g00713
train/fungal/jamur47_jpeg_jpg.rf.d1b3dd05c7e58b7c0b3b4f02c33bcbd0.jpg,train,fungal,jamur47_jpeg_jpg.rf.d1b3dd05c7e58b7c0b3b4f02c33bcbd0.jpg,g00713
train/fungal/jamur48_jpeg_jpg.rf.3a85ece9244c2a51f48d114f0e5a5708.jpg,train,fungal,jamur48_jpeg_jpg.rf.3a85ece9244c2a51f48d114f0e5a5708.jpg,g00714
train/fungal/jamur48_jpeg_jpg.rf.45f4474d4c940e0e17a83e7e7b4d6b42.jpg,train,fungal,jamur48_jpeg_jpg.rf.45f4474d4c940e0e17a83e7e7b4d6b42.jpg,g00714
train/fungal/jamur4_jpeg_jpg.rf.2957ce1e6f897e39ed39074fe5269ec7.jpg,train,fungal,jamur4_jpeg_jpg.rf.2957ce1e6f897e39ed39074fe5269ec7.jpg,g00715
train/fungal/jamur4_jpeg_jpg.rf.e001e0986a257fb20f26589151c0a1be.jpg,train,fungal,jamur4_jpeg_jpg.rf.e001e0986a257fb20f26589151c0a1be.jpg,g00715
train/fungal/jamur50_jpeg_jpg.rf.0cc6cbc37c8f6531eeaff8538b737747.jpg,train,fungal,jamur50_jpeg_jpg.rf.0cc6cbc37c8f6531eeaff8538b737747.jpg,g00716
train/fungal/jamur50_jpeg_jpg.rf.b33ebe4294876049fbb9c60b4a685189.jpg,train,fungal,jamur50_jpeg_jpg.rf.b33ebe4294876049fbb9c60b4a685189.jpg,g00716
train/fungal/jamur52_jpeg_jpg.rf.cde5ea961044822aa1fa961cee209d29.jpg,train,fungal,jamur52_jpeg_jpg.rf.cde5ea961044822aa1fa961cee209d29.jpg,g00717
train/fungal/jamur53_jpeg_jpg.rf.1b270b227832c85ccb6247ffe5e48ee3.jpg,train,fungal,jamur53_jpeg_jpg.rf.1b270b227832c85ccb6247ffe5e48ee3.jpg,g00718
train/fungal/jamur53_jpeg_jpg.rf.498d14f273e9f105acd7034d0578f665.jpg,train,fungal,jamur53_jpeg_jpg.rf.498d14f273e9f105acd7034d0578f665.jpg,g00718
train/fungal/jamur54_jpeg_jpg.rf.7ade2619850da90ef05707d1cd515fb2.jpg,train,fungal,jamur54_jpeg_jpg.rf.7ade2619850da90ef05707d1cd515fb2.jpg,g00719
train/fungal/jamur54_jpeg_jpg.rf.e83d2447cdc32c3a9c28e07dfbb9db41.jpg,train,fungal,jamur54_jpeg_jpg.rf.e83d2447cdc32c3a9c28e07dfbb9db41.jpg,g00719
train/fungal/jamur55_jpeg_jpg.rf.447d3c4ebff6d924443bb4e74dbe36f0.jpg,train,fungal,jamur55_jpeg_jpg.rf.447d3c4ebff6d924443bb4e74dbe36f0.jpg,g00720
train/fungal/jamur55_jpeg_jpg.rf.7c56ca5dc3679f6857d4cab61df14e12.jpg,train,fungal,jamur55_jpeg_jpg.rf.7c56ca5dc3679f6857d4cab61df14e12.jpg,g00720
train/fungal/jamur56_jpeg_jpg.rf.b0b97d7b340e013177f34e7ce06e6c05.jpg,train,fungal,jamur56_jpeg_jpg.rf.b0b97d7b340e013177f34e7ce06e6c05.jpg,g00721
train/fungal/jamur57_jpeg_jpg.rf.07db39c01c94798b2cd0370531da154d.jpg,train,fungal,jamur57_jpeg_jpg.rf.07db39c01c94798b2cd0370531da154d.jpg,g00722
train/fungal/jamur57_jpeg_jpg.rf.3345cb2aa05f3d363617cd9ce7b7a5f8.jpg,train,fungal,jamur57_jpeg_jpg.rf.3345cb2aa05f3d363617cd9ce7b7a5f8.jpg,g00722
train/fungal/jamur59_jpeg_jpg.rf.126132d7829a6795af00f2c08798c9f6.jpg,train,fungal,jamur59_jpeg_jpg.rf.126132d7829a6795af00f2c08798c9f6.jpg,g00723
train/fungal/jamur59_jpeg_jpg.rf.17f44a22b65ec854dca37467a4d5dfd4.jpg,train,fungal,jamur59_jpeg_jpg.rf.17f44a22b65ec854dca37467a4d5dfd4.jpg,g00723
train/fungal/jamur5_jpeg_jpg.rf.2a2650630e6cb5f231863e5f6aa91c01.jpg,train,fungal,jamur5_jpeg_jpg.rf.2a2650630e6cb5f231863e5f6aa91c01.jpg,g00724
train/fungal/jamur5_jpeg_jpg.rf.9d12a3a8a911ad319dcf8a572193a954.jpg,train,fungal,jamur5_jpeg_jpg.rf.9d12a3a8a911ad319dcf8a572193a954.jpg,g00724
train/fungal/jamur60_jpeg_jpg.rf.c08eb4c37d2625bc7948ebd7ac8e7454.jpg,train,fungal,jamur60_jpeg_jpg.rf.c08eb4c37d2625bc7948ebd7ac8e7454.jpg,g00725
train/fungal/jamur60_jpeg_jpg.rf.de73e987c0cbedec1fa90c2fb02af54f.jpg,train,fungal,jamur60_jpeg_jpg.rf.de73e987c0cbedec1fa90c2fb02af54f.jpg,g00725
train/fungal/jamur61_jpeg_jpg.rf.f2a9835a271cbb2fb86b5b45cd14ffb6.jpg,train,fungal,jamur61_jpeg_jpg.rf.f2a9835a271cbb2fb86b5b45cd14ffb6.jpg,g00726
train/fungal/jamur62_jpeg_jpg.rf.48c4f0f538874ea437ce085625f7de20.jpg,train,fungal,jamur62_jpeg_jpg.rf.48c4f0f538874ea437ce085625f7de20.jpg,g00727
train/fungal/jamur63_jpeg_jpg.rf.762b396fa39694e7b7c0c197d961756c.jpg,train,fungal,jamur63_jpeg_jpg.rf.762b396fa39694e7b7c0c197d961756c.jpg,g00728
train/fungal/jamur63_jpeg_jpg.rf.a97616ea53f10fc9f0149ac8119bea76.jpg,train,fungal,jamur63_jpeg_jpg.rf.a97616ea53f10fc9f0149ac8119bea76.jpg,g00728
train/fungal/jamur64_jpeg_jpg.rf.97f9d909e930e95866600e51f47eecf5.jpg,train,fungal,jamur64_jpeg_jpg.rf.97f9d909e930e95866600e51f47eecf5.jpg,g00729
train/fungal/jamur64_jpeg_jpg.rf.981ef86995e049b958647b1a91703ede.jpg,train,fungal,jamur64_jpeg_jpg.rf.981ef86995e049b958647b1a91703ede.jpg,g00729
train/fungal/jamur65_jpeg_jpg.rf.a93188f45e9028809e9dffca7929df41.jpg,train,fungal,jamur65_jpeg_jpg.rf.a93188f45e9028809e9dffca7929df41.jpg,g00730
train/fungal/jamur65_jpeg_jpg.rf.e1c5c9b96ad47ce4deaf95a5e3533844.jpg,train,fungal,jamur65_jpeg_jpg.rf.e1c5c9b96ad47ce4deaf95a5e3533844.jpg,g00730
train/fungal/jamur66_jpeg_jpg.rf.0203e6729c8521ddbe19a5400d0345c8.jpg,train,fungal,jamur66_jpeg_jpg.rf.0203e6729c8521ddbe19a5400d0345c8.jpg,g00731
train/fungal/jamur66_jpeg_jpg.rf.628f214247d892428012aaa39faa2162.jpg,train,fungal,jamur66_jpeg_jpg.rf.628f214247d892428012aaa39faa2162.jpg,g00731
train/fungal/jamur67_jpeg_jpg.rf.6755ac702e729e433519637d13bb7a10.jpg,train,fungal,jamur67_jpeg_jpg.rf.6755ac702e729e433519637d13bb7a10.jpg,g00732
train/fungal/jamur67_jpeg_jpg.rf.799012ef49ac152555ef96330edeb565.jpg,train,fungal,jamur67_jpeg_jpg.rf.799012ef49ac152555ef96330edeb565.jpg,g00732
train/fungal/jamur68_jpeg_jpg.rf.7b648c312f07203fc0a19c95df1c06dc.jpg,train,fungal,jamur68_jpeg_jpg.rf.7b648c312f07203fc0a19c95df1c06dc.jpg,g00733
train/fungal/jamur68_jpeg_jpg.rf.aa97646a85fdaa881c17da91931fa9fc.jpg,train,fungal,jamur68_jpeg_jpg.rf.aa97646a85fdaa881c17da91931fa9fc.jpg,g00733
train/fungal/jamur6_jpeg_jpg.rf.56716e25e1a4db34f78e28206f1cab5c.jpg,train,fungal,jamur6_jpeg_jpg.rf.56716e25e1a4db34f78e28206f1cab5c.jpg,g00734
train/fungal/jamur6_jpeg_jpg.rf.be4358bbb6d24577cdb27e073fe1aae7.jpg,train,fungal,jamur6_jpeg_jpg.rf.be4358bbb6d24577cdb27e073fe1aae7.jpg,g00734
train/fungal/jamur71_jpeg_jpg.rf.32d0048747966dddc1bd6c1f7735a2ad.jpg,train,fungal,jamur71_jpeg_jpg.rf.32d0048747966dddc1bd6c1f7735a2ad.jpg,g00735
train/fungal/jamur71_jpeg_jpg.rf.62cc43e223f8c6f28158238fc5744a28.jpg,train,fungal,jamur71_jpeg_jpg.rf.62cc43e223f8c6f28158238fc5744a28.jpg,g00735
train/fungal/jamur72_jpeg_jpg.rf.2ce94952dbf59cf322e4fb24742623d1.jpg,train,fungal,jamur72_jpeg_jpg.rf.2ce94952dbf59cf322e4fb24742623d1.jpg,g00736
train/fungal/jamur72_jpeg_jpg.rf.974758bb850baadc2578ee950b57b8a4.jpg,train,fungal,jamur72_jpeg_jpg.rf.974758bb850baadc2578ee950b57b8a4.jpg,g00736
train/fungal/jamur73_jpeg_jpg.rf.010bd529b993972459fe6f83fe5998bf.jpg,train,fungal,jamur73_jpeg_jpg.rf.010bd529b993972459fe6f83fe5998bf.jpg,g00737
train/fungal/jamur74_jpeg_jpg.rf.a98ff3bf839bd97ee2013cb4570823de.jpg,train,fungal,jamur74_jpeg_jpg.rf.a98ff3bf839bd97ee2013cb4570823de.jpg,g00738
train/fungal/jamur74_jpeg_jpg.rf.d32ccb91dffafc98114c233223477875.jpg,train,fungal,jamur74_jpeg_jpg.rf.d32ccb91dffafc98114c233223477875.jpg,g00738
train/fungal/jamur75_jpeg_jpg.rf.1f710a34aa8cef116a431197202c31db.jpg,train,fungal,jamur75_jpeg_jpg.rf.1f710a34aa8cef116a431197202c31db.jpg,g00739
train/fungal/jamur75_jpeg_jpg.rf.917e20c85841e4e469a977d72409ae83.jpg,train,fungal,jamur75_jpeg_jpg.rf.917e20c85841e4e469a977d72409ae83.jpg,g00739
train/fungal/jamur77_jpeg_jpg.rf.71970423a4c804edb3f38154cbf3afbb.jpg,train,fungal,jamur77_jpeg_jpg.rf.71970423a4c804edb3f38154cbf3afbb.jpg,g00740
train/fungal/jamur77_jpeg_jpg.rf.9f629788323159f84cf74d5209dc5341.jpg,train,fungal,jamur77_jpeg_jpg.rf.9f629788323159f84cf74d5209dc5341.jpg,g00740
train/fungal/jamur7_jpeg_jpg.rf.75be8b3aebe83d100aa746a181c92f6c.jpg,train,fungal,jamur7_jpeg_jpg.rf.75be8b3aebe83d100aa746a181c92f6c.jpg,g00741
train/fungal/jamur7_jpeg_jpg.rf.c9999c389de12cfff6ce4465998c8ddc.jpg,train,fungal,jamur7_jpeg_jpg.rf.c9999c389de12cfff6ce4465998c8ddc.jpg,g00741
train/fungal/jamur81_jpeg_jpg.rf.77f62b425538e711eabc232e1c4c861b.jpg,train,fungal,jamur81_jpeg_jpg.rf.77f62b425538e711eabc232e1c4c861b.jpg,g00742
train/fungal/jamur81_jpeg_jpg.rf.8fe8b02817daafed2ed58d2ff2de4845.jpg,train,fungal,jamur81_jpeg_jpg.rf.8fe8b02817daafed2ed58d2ff2de4845.jpg,g00742
train/fungal/jamur83_jpeg_jpg.rf.e4244be8b0f337a69050cfc6f81687b1.jpg,train,fungal,jamur83_jpeg_jpg.rf.e4244be8b0f337a69050cfc6f81687b1.jpg,g00743
train/fungal/jamur84_jpeg_jpg.rf.4d29116c3bc48c1d91728760b6206276.jpg,train,fungal,jamur84_jpeg_jpg.rf.4d29116c3bc48c1d91728760b6206276.jpg,g00744
train/fungal/jamur84_jpeg_jpg.rf.4ff8ff04d133041217515a9571a1d68c.jpg,train,fungal,jamur84_jpeg_jpg.rf.4ff8ff04d133041217515a9571a1d68c.jpg,g00744
train/fungal/jamur86_jpeg_jpg.rf.8a23a67e86b87122f63d080a7ad6068d.jpg,train,fungal,jamur86_jpeg_jpg.rf.8a23a67e86b87122f63d080a7ad6068d.jpg,g00745
train/fungal/jamur87_jpeg_jpg.rf.a500b4626e21f33aa4bbb2e25848aa3d.jpg,train,fungal,jamur87_jpeg_jpg.rf.a500b4626e21f33aa4bbb2e25848aa3d.jpg,g00746
train/fungal/jamur87_jpeg_jpg.rf.c432a578dcad381ea5d2cae26944d774.jpg,train,fungal,jamur87_jpeg_jpg.rf.c432a578dcad381ea5d2cae26944d774.jpg,g00746
train/fungal/jamur88_jpeg_jpg.rf.dcf819108b2e6fa46edead2ae068893a.jpg,train,fungal,jamur88_jpeg_jpg.rf.dcf819108b2e6fa46edead2ae068893a.jpg,g00747
train/fungal/jamur89_jpeg_jpg.rf.0153fed8ec9545c84103af502f6347a3.jpg,train,fungal,jamur89_jpeg_jpg.rf.0153fed8ec9545c84103af502f6347a3.jpg,g00748
train/fungal/jamur89_jpeg_jpg.rf.915cc4ea1ffb84be878cc1454d4ada35.jpg,train,fungal,jamur89_jpeg_jpg.rf.915cc4ea1ffb84be878cc1454d4ada35.jpg,g00748
train/fungal/jamur91_jpeg_jpg.rf.bcd1dc079a163cbb2fcbb51baecf1ffd.jpg,train,fungal,jamur91_jpeg_jpg.rf.bcd1dc079a163cbb2fcbb51baecf1ffd.jpg,g00749
train/fungal/jamur91_jpeg_jpg.rf.d20c5ee920ebb087d54dbe93c3cce64a.jpg,train,fungal,jamur91_jpeg_jpg.rf.d20c5ee920ebb087d54dbe93c3cce64a.jpg,g00749
train/fungal/jamur92_jpeg_jpg.rf.5e57a6ec2a463ce8ba25ece7a5fbd5d7.jpg,train,fungal,jamur92_jpeg_jpg.rf.5e57a6ec2a463ce8ba25ece7a5fbd5d7.jpg,g00750
train/fungal/jamur94_jpeg_jpg.rf.0b87b1ac6d4eda81eaf6466ad49f3c34.jpg,train,fungal,jamur94_jpeg_jpg.rf.0b87b1ac6d4eda81eaf6466ad49f3c34.jpg,g00751
train/fungal/jamur94_jpeg_jpg.rf.2b3d39ee237bd67345ed62e9a5dd0ab0.jpg,train,fungal,jamur94_jpeg_jpg.rf.2b3d39ee237bd67345ed62e9a5dd0ab0.jpg,g00751
train/fungal/jamur95_jpeg_jpg.rf.43caca4e1166a80b16091641635276e1.jpg,train,fungal,jamur95_jpeg_jpg.rf.43caca4e1166a80b16091641635276e1.jpg,g00752
train/fungal/jamur95_jpeg_jpg.rf.a57838d38916d2f037c106f9cf72043f.jpg,train,fungal,jamur95_jpeg_jpg.rf.a57838d38916d2f037c106f9cf72043f.jpg,g00752
train/fungal/jamur96_jpeg_jpg.rf.1379d7cb48828cb1461d117b945221e1.jpg,train,fungal,jamur96_jpeg_jpg.rf.1379d7cb48828cb1461d117b945221e1.jpg,g00753
train/fungal/jamur96_jpeg_jpg.rf.1adf9b71c5498896997d96bfa522cd31.jpg,train,fungal,jamur96_jpeg_jpg.rf.1adf9b71c5498896997d96bfa522cd31.jpg,g00753
train/fungal/jaur80_jpeg_jpg.rf.ceb0b93c5f895fadb6a700b3dcc5c32b.jpg,train,fungal,jaur80_jpeg_jpg.rf.ceb0b93c5f895fadb6a700b3dcc5c32b.jpg,g00754
train/fungal/waj10_jpeg_jpg.rf.91a1f2b136adc10245ddbbfcfe6ee2ba.jpg,train,fungal,waj10_jpeg_jpg.rf.91a1f2b136adc10245ddbbfcfe6ee2ba.jpg,g00755
train/fungal/waj10_jpeg_jpg.rf.fc36c2a1c930bb6bf68e683af2c98a0d.jpg,train,fungal,waj10_jpeg_jpg.rf.fc36c2a1c930bb6bf68e683af2c98a0d.jpg,g00755
train/fungal/waj11_jpeg_jpg.rf.a5eb56467ef5971a59c70d3ad32a594c.jpg,train,fungal,waj11_jpeg_jpg.rf.a5eb56467ef5971a59c70d3ad32a594c.jpg,g00756
train/fungal/waj11_jpeg_jpg.rf.f2e47d9aab3ea9df377f961719785aaf.jpg,train,fungal,waj11_jpeg_jpg.rf.f2e47d9aab3ea9df377f961719785aaf.jpg,g00756
train/fungal/waj12_jpeg_jpg.rf.9d0721ae3c902923d90429f8fc42ba2a.jpg,train,fungal,waj12_jpeg_jpg.rf.9d0721ae3c902923d90429f8fc42ba2a.jpg,g00757
train/fungal/waj12_jpeg_jpg.rf.b9a4c2629676b2c35a69462c8ac38207.jpg,train,fungal,waj12_jpeg_jpg.rf.b9a4c2629676b2c35a69462c8ac38207.jpg,g00757
train/fungal/waj13_jpeg_jpg.rf.2a22060a9547813b51fc3d2382cc4df4.jpg,train,fungal,waj13_jpeg_jpg.rf.2a22060a9547813b51fc3d2382cc4df4.jpg,g00758
train/fungal/waj13_jpeg_jpg.rf.4037c78a4fdf8888927cd3903cc89680.jpg,train,fungal,waj13_jpeg_jpg.rf.4037c78a4fdf8888927cd3903cc89680.jpg,g00758
train/fungal/waj14_jpeg_jpg.rf.228865488fb2f0e0b2e79f6d58c8fc91.jpg,train,fungal,waj14_jpeg_jpg.rf.228865488fb2f0e0b2e79f6d58c8fc91.jpg,g00759
train/fungal/waj14_jpeg_jpg.rf.6cb10ee5c8b80ee47f0202c5b5c91048.jpg,train,fungal,waj14_jpeg_jpg.rf.6cb10ee5c8b80ee47f0202c5b5c91048.jpg,g00759
train/fungal/waj15_jpeg_jpg.rf.1c3b8ccde0011b5f1e1614d1f0e336c8.jpg,train,fungal,waj15_jpeg_jpg.rf.1c3b8ccde0011b5f1e1614d1f0e336c8.jpg,g00760
train/fungal/waj15_jpeg_jpg.rf.9963cef578acf83d9de84f8dbdecde17.jpg,train,fungal,waj15_jpeg_jpg.rf.9963cef578acf83d9de84f8dbdecde17.jpg,g00760
train/fungal/waj16_jpeg_jpg.rf.41d9a6b9d4f7dd700f3fc641008268dc.jpg,train,fungal,waj16_jpeg_jpg.rf.41d9a6b9d4f7dd700f3fc641008268dc.jpg,g00761
train/fungal/waj16_jpeg_jpg.rf.a9cb8bc2d0da7b04f0c12788f5152501.jpg,train,fungal,waj16_jpeg_jpg.rf.a9cb8bc2d0da7b04f0c12788f5152501.jpg,g00761
train/fungal/waj17_jpeg_jpg.rf.18c37d2baa4793e76241956ac69e5ca1.jpg,train,fungal,waj17_jpeg_jpg.rf.18c37d2baa4793e76241956ac69e5ca1.jpg,g00762
train/fungal/waj17_jpeg_jpg.rf.1df3300b009792fe3af3cbb68d24ca15.jpg,train,fungal,waj17_jpeg_jpg.rf.1df3300b009792fe3af3cbb68d24ca15.jpg,g00762
train/fungal/waj18_jpeg_jpg.rf.7b2ff12358d7995109bf97f61a2808e1.jpg,train,fungal,waj18_jpeg_jpg.rf.7b2ff12358d7995109bf97f61a2808e1.jpg,g00763
train/fungal/waj18_jpeg_jpg.rf.bf5365166ae1e0ac6c9caf8c4639e952.jpg,train,fungal,waj18_jpeg_jpg.rf.bf5365166ae1e0ac6c9caf8c4639e952.jpg,g00763
train/fungal/waj1_jpeg_jpg.rf.2ca874961bebe54b71cab368b2e63aa3.jpg,train,fungal,waj1_jpeg_jpg.rf.2ca874961bebe54b71cab368b2e63aa3.jpg,g00764
train/fungal/waj1_jpeg_jpg.rf.c51fabdcf2f52edaa380297a49d96c9b.jpg,train,fungal,waj1_jpeg_jpg.rf.c51fabdcf2f52edaa380297a49d96c9b.jpg,g00764
train/fungal/waj20_jpeg_jpg.rf.78fa743d413cdd6002eb585b721f02f9.jpg,train,fungal,waj20_jpeg_jpg.rf.78fa743d413cdd6002eb585b721f02f9.jpg,g00765
train/fungal/waj20_jpeg_jpg.rf.c042c83734ed13eafc6c9294c206159c.jpg,train,fungal,waj20_jpeg_jpg.rf.c042c83734ed13eafc6c9294c206159c.jpg,g00765
train/fungal/waj2_jpeg_jpg.rf.3d391e8df70e02dd0d844d5d24852f73.jpg,train,fungal,waj2_jpeg_jpg.rf.3d391e8df70e02dd0d844d5d24852f73.jpg,g00766
train/fungal/waj2_jpeg_jpg.rf.6b7ad4fd795b0026ee3001b63823c359.jpg,train,fungal,waj2_jpeg_jpg.rf.6b7ad4fd795b0026ee3001b63823c359.jpg,g00766
train/fungal/waj3_jpeg_jpg.rf.6b0391016af1ddef3f52fb05278d8c39.jpg,train,fungal,waj3_jpeg_jpg.rf.6b0391016af1ddef3f52fb05278d8c39.jpg,g00767
train/fungal/waj3_jpeg_jpg.rf.e4c8d6b33cc1a89cdf3251d189b922b9.jpg,train,fungal,waj3_jpeg_jpg.rf.e4c8d6b33cc1a89cdf3251d189b922b9.jpg,g00767
train/fungal/waj4_jpeg_jpg.rf.505e97de06e7bc346e99253ae90bbd89.jpg,train,fungal,waj4_jpeg_jpg.rf.505e97de06e7bc346e99253ae90bbd89.jpg,g00768
train/fungal/waj4_jpeg_jpg.rf.9767e4954b02672ee3ee88ab2816a9d5.jpg,train,fungal,waj4_jpeg_jpg.rf.9767e4954b02672ee3ee88ab2816a9d5.jpg,g00768
train/fungal/waj5_jpeg_jpg.rf.9b2d1b9718726625bec98961d8b5d09b.jpg,train,fungal,waj5_jpeg_jpg.rf.9b2d1b9718726625bec98961d8b5d09b.jpg,g00769
train/mange/1000010521_x16_jpg.rf.4436b6703bce56e9b66b059dfa41e435.jpg,train,mange,1000010521_x16_jpg.rf.4436b6703bce56e9b66b059dfa41e435.jpg,g00770
train/mange/1000010521_x16_jpg.rf.bde8d0a27824a37a70f97ce5b691726e.jpg,train,mange,1000010521_x16_jpg.rf.bde8d0a27824a37a70f97ce5b691726e.jpg,g00770
train/mange/1000010530_x16_jpg.rf.4ed7ae4535dbb459298cc614cf995ee6.jpg,train,mange,1000010530_x16_jpg.rf.4ed7ae4535dbb459298cc614cf995ee6.jpg,g00771
train/mange/1000010530_x16_jpg.rf.d6d875f942922d77f9e1fa183cbb0966.jpg,train,mange,1000010530_x16_jpg.rf.d6d875f942922d77f9e1fa183cbb0966.jpg,g00771
train/mange/1000010531_x16_jpg.rf.68c213602b973cde3faabe6809709adf.jpg,train,mange,1000010531_x16_jpg.rf.68c213602b973cde3faabe6809709adf.jpg,g00772
train/mange/1000010531_x16_jpg.rf.fef5a0c1974341d4146e65ff130bac3f.jpg,train,mange,1000010531_x16_jpg.rf.fef5a0c1974341d4146e65ff130bac3f.jpg,g00772
train/mange/1000010548_x16_jpg.rf.3f4a1bf3790e8f726b92acb64b7da785.jpg,train,mange,1000010548_x16_jpg.rf.3f4a1bf3790e8f726b92acb64b7da785.jpg,g00773
train/mange/1000010560_x16_jpg.rf.05446b5d2bb410af764b558798750842.jpg,train,mange,1000010560_x16_jpg.rf.05446b5d2bb410af764b558798750842.jpg,g00774
train/mange/1000010560_x16_jpg.rf.3674c3c6a32bb981af2fecf9defd353d.jpg,train,mange,1000010560_x16_jpg.rf.3674c3c6a32bb981af2fecf9defd353d.jpg,g00774
train/mange/1000010604_x4_jpg.rf.7dbb5a0b1704a800d0a68d0ac609a0bd.jpg,train,mange,1000010604_x4_jpg.rf.7dbb5a0b1704a800d0a68d0ac609a0bd.jpg,g00775
train/mange/1000010604_x4_jpg.rf.88c97adfd86336217921e6684ade1c1c.jpg,train,mange,1000010604_x4_jpg.rf.88c97adfd86336217921e6684ade1c1c.jpg,g00775
train/mange/1000010618_x4_jpg.rf.6015ed9ddc2f5d5c1bd2950d75d22d97.jpg,train,mange,1000010618_x4_jpg.rf.6015ed9ddc2f5d5c1bd2950d75d22d97.jpg,g00776
train/mange/1000010621_x4_jpg.rf.243a6896962db11efeead456ebaf8110.jpg,train,mange,1000010621_x4_jpg.rf.243a6896962db11efeead456ebaf8110.jpg,g00777
train/mange/1000010621_x4_jpg.rf.a259763ef7e2612a67597e6db22d80e1.jpg,train,mange,1000010621_x4_jpg.rf.a259763ef7e2612a67597e6db22d80e1.jpg,g00777
train/mange/1000010624_x4_jpg.rf.498e118fd86e400527e0632f2bdbd500.jpg,train,mange,1000010624_x4_jpg.rf.498e118fd86e400527e0632f2bdbd500.jpg,g00778
train/mange/1000010629_x4_jpg.rf.334fe161b3d7adfaab9121d2ada10161.jpg,train,mange,1000010629_x4_jpg.rf.334fe161b3d7adfaab9121d2ada10161.jpg,g00779
train/mange/1000010629_x4_jpg.rf.9742df0e271a5742522877bd23c69c29.jpg,train,mange,1000010629_x4_jpg.rf.9742df0e271a5742522877bd23c69c29.jpg,g00779
train/mange/1000010631_x4_jpg.rf.3f89ec683d6d7988c3c1c46804aa01bc.jpg,train,mange,1000010631_x4_jpg.rf.3f89ec683d6d7988c3c1c46804aa01bc.jpg,g00780
train/mange/1000010631_x4_jpg.rf.f1f7646bef7396008bc96b614e25353b.jpg,train,mange,1000010631_x4_jpg.rf.f1f7646bef7396008bc96b614e25353b.jpg,g00780
train/mange/1000010633_x16_jpg.rf.4b7d606a78b12616ac8ba2accd6a1d99.jpg,train,mange,1000010633_x16_jpg.rf.4b7d606a78b12616ac8ba2accd6a1d99.jpg,g00781
train/mange/1000010635_x4_jpg.rf.5de0b7f52ee9eb9ff7d0bcd87c18a39b.jpg,train,mange,1000010635_x4_jpg.rf.5de0b7f52ee9eb9ff7d0bcd87c18a39b.jpg,g00782
train/mange/1000010635_x4_jpg.rf.f37bb83933f07b261c6237033d37f15f.jpg,train,mange,1000010635_x4_jpg.rf.f37bb83933f07b261c6237033d37f15f.jpg,g00782
train/mange/1000010669_x16_jpg.rf.43089f0000c7003e4eed1b8c469cfc51.jpg,train,mange,1000010669_x16_jpg.rf.43089f0000c7003e4eed1b8c469cfc51.jpg,g00783
train/mange/1000010678_x16_jpg.rf.1c93bcc595e0c470c7915b237d1f8ad0.jpg,train,mange,1000010678_x16_jpg.rf.1c93bcc595e0c470c7915b237d1f8ad0.jpg,g00784
train/mange/1000010679_x4_jpg.rf.6d476fa1e2c9ad62b8f4c04917aa595d.jpg,train,mange,1000010679_x4_jpg.rf.6d476fa1e2c9ad62b8f4c04917aa595d.jpg,g00785
train/mange/1000010687_x16_jpg.rf.c806d77db7d985e4bb6dca1a4c650ccf.jpg,train,mange,1000010687_x16_jpg.rf.c806d77db7d985e4bb6dca1a4c650ccf.jpg,g00786
train/mange/1000010696_x4_jpg.rf.aae33a43c9f1a169c9062f7c1978841b.jpg,train,mange,1000010696_x4_jpg.rf.aae33a43c9f1a169c9062f7c1978841b.jpg,g00787
train/mange/1000010718_x16_jpg.rf.76ba5cc6abbe095757c7ee3983b9b8a9.jpg,train,mange,1000010718_x16_jpg.rf.76ba5cc6abbe095757c7ee3983b9b8a9.jpg,g00788
train/mange/1000010718_x16_jpg.rf.b7c8aba12dd3830f1c705e6b050148cf.jpg,train,mange,1000010718_x16_jpg.rf.b7c8aba12dd3830f1c705e6b050148cf.jpg,g00788
train/mange/1000010722_x4_jpg.rf.5cefa765ac3b16ccf13a0d5d0c8d2ea2.jpg,train,mange,1000010722_x4_jpg.rf.5cefa765ac3b16ccf13a0d5d0c8d2ea2.jpg,g00789
train/mange/1000010724_x16_jpg.rf.cf451ada4549ace75d85f9394be26d8a.jpg,train,mange,1000010724_x16_jpg.rf.cf451ada4549ace75d85f9394be26d8a.jpg,g00790
train/mange/1000010724_x16_jpg.rf.fc1deda7e1e526cb64fdb0fc5b25bbbb.jpg,train,mange,1000010724_x16_jpg.rf.fc1deda7e1e526cb64fdb0fc5b25bbbb.jpg,g00790
train/mange/1000010731_x16_jpg.rf.1421ba0cd453b5ca5e7b11c21d779795.jpg,train,mange,1000010731_x16_jpg.rf.1421ba0cd453b5ca5e7b11c21d779795.jpg,g00791
train/mange/1000010731_x16_jpg.rf.a8c6ec28c41ea40a5ecd21cff70524b3.jpg,train,mange,1000010731_x16_jpg.rf.a8c6ec28c41ea40a5ecd21cff70524b3.jpg,g00791
train/mange/1000010750_x16_jpg.rf.5d2a43c3b387122166ed57a83c10ec03.jpg,train,mange,1000010750_x16_jpg.rf.5d2a43c3b387122166ed57a83c10ec03.jpg,g00792
train/mange/1000010762_x16_jpg.rf.b3878b16ce96998c9c0c47a1df861381.jpg,train,mange,1000010762_x16_jpg.rf.b3878b16ce96998c9c0c47a1df861381.jpg,g00793
train/mange/1000010762_x16_jpg.rf.d910a7e6c9537ec33058567889afa048.jpg,train,mange,1000010762_x16_jpg.rf.d910a7e6c9537ec33058567889afa048.jpg,g00793
train/mange/1000010763_x16_jpg.rf.c2f2dc897e64e303c5a74300390c1eea.jpg,train,mange,1000010763_x16_jpg.rf.c2f2dc897e64e303c5a74300390c1eea.jpg,g00794
train/mange/1000010764_x16_jpg.rf.83467d81fa9c8f9e0c47d1db13e5d918.jpg,train,mange,1000010764_x16_jpg.rf.83467d81fa9c8f9e0c47d1db13e5d918.jpg,g00795
train/mange/1000010764_x16_jpg.rf.c55f369c94e1bc987aa77f811305fd8d.jpg,train,mange,1000010764_x16_jpg.rf.c55f369c94e1bc987aa77f811305fd8d.jpg,g00795
train/mange/1000010767_x16_jpg.rf.94489b92b801cd2c616a7bd0f4015cf6.jpg,train,mange,1000010767_x16_jpg.rf.94489b92b801cd2c616a7bd0f4015cf6.jpg,g00796
train/mange/1000010767_x16_jpg.rf.e7bda57e4317f96cd34e59543eb444c1.jpg,train,mange,1000010767_x16_jpg.rf.e7bda57e4317f96cd34e59543eb444c1.jpg,g00796
train/mange/1000010768_x4_jpg.rf.6370aabbec647a5fba5838dbe84f8c3c.jpg,train,mange,1000010768_x4_jpg.rf.6370aabbec647a5fba5838dbe84f8c3c.jpg,g00797
train/mange/1000010768_x4_jpg.rf.fe9dcdc3db77904a7ec190baf21a51e6.jpg,train,mange,1000010768_x4_jpg.rf.fe9dcdc3db77904a7ec190baf21a51e6.jpg,g00797
train/mange/1000010777_x4_jpg.rf.349a21669f637bee0475b69b4b189101.jpg,train,mange,1000010777_x4_jpg.rf.349a21669f637bee0475b69b4b189101.jpg,g00798
train/mange/1000010777_x4_jpg.rf.65cd7bbd9772e07786f46340f85c5667.jpg,train,mange,1000010777_x4_jpg.rf.65cd7bbd9772e07786f46340f85c5667.jpg,g00798
train/mange/1000010782_x16_jpg.rf.ecf47b7e3d5281d3946cc0fda3d4ad14.jpg,train,mange,1000010782_x16_jpg.rf.ecf47b7e3d5281d3946cc0fda3d4ad14.jpg,g00799
train/mange/1000010782_x16_jpg.rf.fdbeb9f1ee6d8d584d709f8fb77e1524.jpg,train,mange,1000010782_x16_jpg.rf.fdbeb9f1ee6d8d584d709f8fb77e1524.jpg,g00799
train/mange/1000011952_x4_jpg.rf.00a6246d743429fd9c53492c573d77c4.jpg,train,mange,1000011952_x4_jpg.rf.00a6246d743429fd9c53492c573d77c4.jpg,g00800
train/mange/1000011952_x4_jpg.rf.609e08fe0596d090fd539344f42393a6.jpg,train,mange,1000011952_x4_jpg.rf.609e08fe0596d090fd539344f42393a6.jpg,g00800
train/mange/1000011976_x4_jpg.rf.14dac37053a14672cd26af06895a9bbc.jpg,train,mange,1000011976_x4_jpg.rf.14dac37053a14672cd26af06895a9bbc.jpg,g00801
train/mange/1000011976_x4_jpg.rf.6fcbc6381c194080c7a6fc65076734b9.jpg,train,mange,1000011976_x4_jpg.rf.6fcbc6381c194080c7a6fc65076734b9.jpg,g00801
train/mange/1000011981_x4_jpg.rf.20e8e89a6e98ab906cebfcd14bee6deb.jpg,train,mange,1000011981_x4_jpg.rf.20e8e89a6e98ab906cebfcd14bee6deb.jpg,g00802
train/mange/1000011981_x4_jpg.rf.987c333cf6db76e6ef890dea7f99311f.jpg,train,mange,1000011981_x4_jpg.rf.987c333cf6db76e6ef890dea7f99311f.jpg,g00802
train/mange/1000011983_x4_jpg.rf.9f5bbaec9d2d46b59bf69599f9284d9b.jpg,train,mange,1000011983_x4_jpg.rf.9f5bbaec9d2d46b59bf69599f9284d9b.jpg,g00803
train/mange/10_png_jpg.rf.42b074ee0e9e42a12fc99b798a315184.jpg,train,mange,10_png_jpg.rf.42b074ee0e9e42a12fc99b798a315184.jpg,g00804
train/mange/10_png_jpg.rf.65031197f9e7a7118f418cd273a982f2.jpg,train,mange,10_png_jpg.rf.65031197f9e7a7118f418cd273a982f2.jpg,g00804
train/mange/10_png_jpg.rf.f63587d64e1ea897d6ac6756509e758f.jpg,train,mange,10_png_jpg.rf.f63587d64e1ea897d6ac6756509e758f.jpg,g00804
train/mange/11_png_jpg.rf.0f6faef0e715c8670ef8d621d5a2f236.jpg,train,mange,11_png_jpg.rf.0f6faef0e715c8670ef8d621d5a2f236.jpg,g00805
train/mange/11_png_jpg.rf.588cdadfb7a142b81d499946b201f345.jpg,train,mange,11_png_jpg.rf.588cdadfb7a142b81d499946b201f345.jpg,g00805
train/mange/12_png_jpg.rf.6a24b7fd202ebcca3b18add95ed9ab67.jpg,train,mange,12_png_jpg.rf.6a24b7fd202ebcca3b18add95ed9ab67.jpg,g00806
train/mange/12_png_jpg.rf.80c16851272a7a4c54c81746a51d43b3.jpg,train,mange,12_png_jpg.rf.80c16851272a7a4c54c81746a51d43b3.jpg,g00806
train/mange/12_png_jpg.rf.85f7e54252a6df7287dc5dc6bb15003d.jpg,train,mange,12_png_jpg.rf.85f7e54252a6df7287dc5dc6bb15003d.jpg,g00806
train/mange/12_png_jpg.rf.a06d07e9756705a30930bde3051c39ce.jpg,train,mange,12_png_jpg.rf.a06d07e9756705a30930bde3051c39ce.jpg,g00806
train/mange/13_png_jpg.rf.3bc6fb238ad177910eaf404a5b3040dc.jpg,train,mange,13_png_jpg.rf.3bc6fb238ad177910eaf404a5b3040dc.jpg,g00807
train/mange/13_png_jpg.rf.5e98f908319e167ae52172d8e65e997b.jpg,train,mange,13_png_jpg.rf.5e98f908319e167ae52172d8e65e997b.jpg,g00807
train/mange/13_png_jpg.rf.6a312f42260bd6d1ea3c94f5f7f477a1.jpg,train,mange,13_png_jpg.rf.6a312f42260bd6d1ea3c94f5f7f477a1.jpg,g00807
train/mange/14_png_jpg.rf.76f255a80cf00f2d892c5951b5611ca8.jpg,train,mange,14_png_jpg.rf.76f255a80cf00f2d892c5951b5611ca8.jpg,g00808
train/mange/14_png_jpg.rf.d2b6c75adffc10df1fad495ee2ce3878.jpg,train,mange,14_png_jpg.rf.d2b6c75adffc10df1fad495ee2ce3878.jpg,g00808
train/mange/15_png_jpg.rf.76d16d161502488d0803141aba3eee7e.jpg,train,mange,15_png_jpg.rf.76d16d161502488d0803141aba3eee7e.jpg,g00809
train/mange/15_png_jpg.rf.9ee0f1c4eb87dd2cd319f9699d85d69f.jpg,train,mange,15_png_jpg.rf.9ee0f1c4eb87dd2cd319f9699d85d69f.jpg,g00809
train/mange/15_png_jpg.rf.b289ea85f770d378637a93f518c374ba.jpg,train,mange,15_png_jpg.rf.b289ea85f770d378637a93f518c374ba.jpg,g00809
train/mange/16_png_jpg.rf.46b95dca12d137c6e890792abb29f196.jpg,train,mange,16_png_jpg.rf.46b95dca12d137c6e890792abb29f196.jpg,g00810
train/mange/16_png_jpg.rf.4c73bd9e7738f2a3100732ea23a278f2.jpg,train,mange,16_png_jpg.rf.4c73bd9e7738f2a3100732ea23a278f2.jpg,g00810
train/mange/16_png_jpg.rf.560ac94cb8cb5c2fe889c1e1fc1aea70.jpg,train,mange,16_png_jpg.rf.560ac94cb8cb5c2fe889c1e1fc1aea70.jpg,g00810
train/mange/17098133_1754326824882500_5988218486462016487_o_jpg.rf.59da948bd5e843b44c82340b4bfc954b.jpg,train,mange,17098133_1754326824882500_5988218486462016487_o_jpg.rf.59da948bd5e843b44c82340b4bfc954b.jpg,g00811
train/mange/17098133_1754326824882500_5988218486462016487_o_jpg.rf.bc99122b6a4266e38c65fbf3a299ff4c.jpg,train,mange,17098133_1754326824882500_5988218486462016487_o_jpg.rf.bc99122b6a4266e38c65fbf3a299ff4c.jpg,g00811
train/mange/17_png_jpg.rf.4338758b9a8521d71d66ef1417aa427e.jpg,train,mange,17_png_jpg.rf.4338758b9a8521d71d66ef1417aa427e.jpg,g00812
train/mange/17_png_jpg.rf.a500d34696eea0bd9e6316f6b46e0927.jpg,train,mange,17_png_jpg.rf.a500d34696eea0bd9e6316f6b46e0927.jpg,g00812
train/mange/17_png_jpg.rf.d7e29c153f5503f57009bc05ff8f0a37.jpg,train,mange,17_png_jpg.rf.d7e29c153f5503f57009bc05ff8f0a37.jpg,g00812
train/mange/17_png_jpg.rf.fb9fadb9e315f97ade3dc0344f551072.jpg,train,mange,17_png_jpg.rf.fb9fadb9e315f97ade3dc0344f551072.jpg,g00812
train/mange/18_png_jpg.rf.15a3aa543b42fd65644c4b0b6702af81.jpg,train,mange,18_png_jpg.rf.15a3aa543b42fd65644c4b0b6702af81.jpg,g00813
train/mange/18_png_jpg.rf.73594301fbae88c07b293eda6e5c1dd9.jpg,train,mange,18_png_jpg.rf.73594301fbae88c07b293eda6e5c1dd9.jpg,g00813
train/mange/18_png_jpg.rf.95aaa20c32ca403876ba03a2cc88affe.jpg,train,mange,18_png_jpg.rf.95aaa20c32ca403876ba03a2cc88affe.jpg,g00813
train/mange/1_png_jpg.rf.00b68705ace95935b0213671abf73e4d.jpg,train,mange,1_png_jpg.rf.00b68705ace95935b0213671abf73e4d.jpg,g00814
train/mange/1_png_jpg.rf.12fa7fbe60400a3ef40802bc0eebabbd.jpg,train,mange,1_png_jpg.rf.12fa7fbe60400a3ef40802bc0eebabbd.jpg,g00814
train/mange/1_png_jpg.rf.86300d5d1b89efd9d404e290026be329.jpg,train,mange,1_png_jpg.rf.86300d5d1b89efd9d404e290026be329.jpg,g00814
train/mange/1_png_jpg.rf.94bc9d2126b6f0785139894dacc26560.jpg,train,mange,1_png_jpg.rf.94bc9d2126b6f0785139894dacc26560.jpg,g00814
train/mange/2012-04-16_170016_img_2493_jpg.rf.5c38ea30effce5d9ad1b6a849a2a8ab6.jpg,train,mange,2012-04-16_170016_img_2493_jpg.rf.5c38ea30effce5d9ad1b6a849a2a8ab6.jpg,g00815
train/mange/2012-04-16_170016_img_2493_jpg.rf.6f318bd7d08b42c1449a0f4d4e13e7e7.jpg,train,mange,2012-04-16_170016_img_2493_jpg.rf.6f318bd7d08b42c1449a0f4d4e13e7e7.jpg,g00815
train/mange/2024-05-13-131919_jpg.rf.dee3ad789089de9aada9c0174de4ff1b.jpg,train,mange,2024-05-13-131919_jpg.rf.dee3ad789089de9aada9c0174de4ff1b.jpg,g00816
train/mange/2024-05-13-131919_jpg.rf.edd6c1196937706c4a61d2da83b158ae.jpg,train,mange,2024-05-13-131919_jpg.rf.edd6c1196937706c4a61d2da83b158ae.jpg,g00816
train/mange/2024-05-13-131932_1_jpg.rf.5e0ca1c03a9aa2fb416e2a0245af2dea.jpg,train,mange,2024-05-13-131932_1_jpg.rf.5e0ca1c03a9aa2fb416e2a0245af2dea.jpg,g00817
train/mange/2024-05-13-131932_1_jpg.rf.6b60162f0eb03f5897106665c84a549c.jpg,train,mange,2024-05-13-131932_1_jpg.rf.6b60162f0eb03f5897106665c84a549c.jpg,g00817
train/mange/2024-05-13-131932_1_jpg.rf.736e49d34b03dd8770e3c0630f96f32d.jpg,train,mange,2024-05-13-131932_1_jpg.rf.736e49d34b03dd8770e3c0630f96f32d.jpg,g00817
train/mange/2024-05-13-131932_1_jpg.rf.95cd36c45f02dc370cd9185835d146d2.jpg,train,mange,2024-05-13-131932_1_jpg.rf.95cd36c45f02dc370cd9185835d146d2.jpg,g00817
train/mange/2024-05-13-131932_1_jpg.rf.ea363ef831924712a8bca573017afbe9.jpg,train,mange,2024-05-13-131932_1_jpg.rf.ea363ef831924712a8bca573017afbe9.jpg,g00817
train/mange/2024-05-13-131932_1_jpg.rf.f19b076f60347a8be343aa49884ff094.jpg,train,mange,2024-05-13-131932_1_jpg.rf.f19b076f60347a8be343aa49884ff094.jpg,g00817
train/mange/2024-05-13-131950_1_jpg.rf.207d59e9ada64aa7e3289d90a990fee3.jpg,train,mange,2024-05-13-131950_1_jpg.rf.207d59e9ada64aa7e3289d90a990fee3.jpg,g00818
train/mange/2024-05-13-131950_1_jpg.rf.3a5c86600d1a9b5617d772da21b48c2d.jpg,train,mange,2024-05-13-131950_1_jpg.rf.3a5c86600d1a9b5617d772da21b48c2d.jpg,g00818
train/mange/2024-05-13-131950_1_jpg.rf.7bacaff4153913786352f156d13f815a.jpg,train,mange,2024-05-13-131950_1_jpg.rf.7bacaff4153913786352f156d13f815a.jpg,g00818
train/mange/2024-05-13-131950_1_jpg.rf.971ac4837cd748baa8e8bbb38aa0f1d0.jpg,train,mange,2024-05-13-131950_1_jpg.rf.971ac4837cd748baa8e8bbb38aa0f1d0.jpg,g00818
train/mange/2024-05-13-131950_1_jpg.rf.ed42c2dffce407af9b5aa9a85bb16e0a.jpg,train,mange,2024-05-13-131950_1_jpg.rf.ed42c2dffce407af9b5aa9a85bb16e0a.jpg,g00818
train/mange/2024-05-13-131950_1_jpg.rf.fd6dc7bccaab51245212318712ae07bd.jpg,train,mange,2024-05-13-131950_1_jpg.rf.fd6dc7bccaab51245212318712ae07bd.jpg,g00818
train/mange/2024-05-13-131950_2_jpg.rf.09c69ecb526d88ffbf407ebaaf295fce.jpg,train,mange,2024-05-13-131950_2_jpg.rf.09c69ecb526d88ffbf407ebaaf295fce.jpg,g00818
train/mange/2024-05-13-131950_2_jpg.rf.52423c84b80af98ca6a64449a7b4e48d.jpg,train,mange,2024-05-13-131950_2_jpg.rf.52423c84b80af98ca6a64449a7b4e48d.jpg,g00818
train/mange/2024-05-13-131950_2_jpg.rf.80f4b7a78b88e7dbfefc5279f3ce96a1.jpg,train,mange,2024-05-13-131950_2_jpg.rf.80f4b7a78b88e7dbfefc5279f3ce96a1.jpg,g00818
train/mange/2024-05-13-131950_2_jpg.rf.f846b3bf049c4ebd1b983bb333275bfc.jpg,train,mange,2024-05-13-131950_2_jpg.rf.f846b3bf049c4ebd1b983bb333275bfc.jpg,g00818
train/mange/2024-05-13-132153_2_jpg.rf.05c2821cfe4a42c83172079d0edb1051.jpg,train,mange,2024-05-13-132153_2_jpg.rf.05c2821cfe4a42c83172079d0edb1051.jpg,g00819
train/mange/2024-05-13-132153_2_jpg.rf.12d0584edb46ab271c52cbe3c109797b.jpg,train,mange,2024-05-13-132153_2_jpg.rf.12d0584edb46ab271c52cbe3c109797b.jpg,g00819
train/mange/2024-05-13-132153_2_jpg.rf.4e05f8483e8a56dfee6132d82eaed894.jpg,train,mange,2024-05-13-132153_2_jpg.rf.4e05f8483e8a56dfee6132d82eaed894.jpg,g00819
train/mange/2024-05-13-132153_3_jpg.rf.09b16900e634331d9fa6d1f7fc5e33ef.jpg,train,mange,2024-05-13-132153_3_jpg.rf.09b16900e634331d9fa6d1f7fc5e33ef.jpg,g00819
train/mange/2024-05-13-132153_3_jpg.rf.6fc6b7db72f43a95686f56bfc761d777.jpg,train,mange,2024-05-13-132153_3_jpg.rf.6fc6b7db72f43a95686f56bfc761d777.jpg,g00819
train/mange/2024-05-13-132153_3_jpg.rf.81ed6e01c38683c60a357d2ab62be850.jpg,train,mange,2024-05-13-132153_3_jpg.rf.81ed6e01c38683c60a357d2ab62be850.jpg,g00819
train/mange/2024-05-13-132153_3_jpg.rf.aec61fd374b1c8597f6400e1d0a8e48e.jpg,train,mange,2024-05-13-132153_3_jpg.rf.aec61fd374b1c8597f6400e1d0a8e48e.jpg,g00819
train/mange/2024-05-13-132400_1_jpg.rf.4f5059092cbc327e545f28ac5861ad05.jpg,train,mange,2024-05-13-132400_1_jpg.rf.4f5059092cbc327e545f28ac5861ad05.jpg,g00820
train/mange/2024-05-13-132400_2_jpg.rf.1ca93eb3ad6aa5e080a4f3df8a7aa460.jpg,train,mange,2024-05-13-132400_2_jpg.rf.1ca93eb3ad6aa5e080a4f3df8a7aa460.jpg,g00820
train/mange/2024-05-13-132400_2_jpg.rf.1e879485b3ebcb38052068b3c5ce6db4.jpg,train,mange,2024-05-13-132400_2_jpg.rf.1e879485b3ebcb38052068b3c5ce6db4.jpg,g00820
train/mange/2024-05-13-132400_2_jpg.rf.67ab84e17e09c0e139b82c9107387b3c.jpg,train,mange,2024-05-13-132400_2_jpg.rf.67ab84e17e09c0e139b82c9107387b3c.jpg,g00820
train/mange/2024-05-13-132400_2_jpg.rf.8e901bf8249d8be33b0190285cd2820d.jpg,train,mange,2024-05-13-132400_2_jpg.rf.8e901bf8249d8be33b0190285cd2820d.jpg,g00820
train/mange/2024-05-13-132400_2_jpg.rf.f603359cbb15097e449c5a55de7fef21.jpg,train,mange,2024-05-13-132400_2_jpg.rf.f603359cbb15097e449c5a55de7fef21.jpg,g00820
train/mange/2024-05-13-132428_2_jpg.rf.142d87e44634d7e3f4c39b9376f90ad3.jpg,train,mange,2024-05-13-132428_2_jpg.rf.142d87e44634d7e3f4c39b9376f90ad3.jpg,g00821
train/mange/2024-05-13-132428_2_jpg.rf.2ad7927bd2f20104f97a17b0130d7c2f.jpg,train,mange,2024-05-13-132428_2_jpg.rf.2ad7927bd2f20104f97a17b0130d7c2f.jpg,g00821
train/mange/2024-05-13-132428_2_jpg.rf.410cc30a18c9870068ae71388c935b44.jpg,train,mange,2024-05-13-132428_2_jpg.rf.410cc30a18c9870068ae71388c935b44.jpg,g00821
train/mange/2024-05-13-132428_2_jpg.rf.b5d6c1b5d8b074c7df3be840f3bee2be.jpg,train,mange,2024-05-13-132428_2_jpg.rf.b5d6c1b5d8b074c7df3be840f3bee2be.jpg,g00821
train/mange/2024-05-13-132428_2_jpg.rf.d443177cb9f4316bbe9e4048849a77d0.jpg,train,mange,2024-05-13-132428_2_jpg.rf.d443177cb9f4316bbe9e4048849a77d0.jpg,g00821
train/mange/2024-05-13-132428_2_jpg.rf.d93066d368da1cd3e08888934da80fda.jpg,train,mange,2024-05-13-132428_2_jpg.rf.d93066d368da1cd3e08888934da80fda.jpg,g00821
train/mange/2024-05-13-132508_1_jpg.rf.5511eae5e948895b7fd1ccc1528f1e61.jpg,train,mange,2024-05-13-132508_1_jpg.rf.5511eae5e948895b7fd1ccc1528f1e61.jpg,g00822
train/mange/2024-05-13-132508_1_jpg.rf.61d75bb093f162663f310fc403a1dcdd.jpg,train,mange,2024-05-13-132508_1_jpg.rf.61d75bb093f162663f310fc403a1dcdd.jpg,g00822
train/mange/2024-05-13-132508_1_jpg.rf.8a2ed535a675f8e52c750fa73deed583.jpg,train,mange,2024-05-13-132508_1_jpg.rf.8a2ed535a675f8e52c750fa73deed583.jpg,g00822
train/mange/2024-05-13-132508_1_jpg.rf.941f9c93d00747f0cba7c455bf5e783d.jpg,train,mange,2024-05-13-132508_1_jpg.rf.941f9c93d00747f0cba7c455bf5e783d.jpg,g00822
train/mange/2024-05-13-132508_1_jpg.rf.f209ee50b5148a0e54b58e2e871cc9f2.jpg,train,mange,2024-05-13-132508_1_jpg.rf.f209ee50b5148a0e54b58e2e871cc9f2.jpg,g00822
train/mange/2024-05-13-132545_1_jpg.rf.01eb55974e1956d667e156d55e1451e9.jpg,train,mange,2024-05-13-132545_1_jpg.rf.01eb55974e1956d667e156d55e1451e9.jpg,g00823
train/mange/2024-05-13-132545_1_jpg.rf.123dbe43de565787bcbcd4f47bb70e01.jpg,train,mange,2024-05-13-132545_1_jpg.rf.123dbe43de565787bcbcd4f47bb70e01.jpg,g00823
train/mange/2024-05-13-132545_1_jpg.rf.2665e223c01f590da5bdce412153caf0.jpg,train,mange,2024-05-13-132545_1_jpg.rf.2665e223c01f590da5bdce412153caf0.jpg,g00823
train/mange/2024-05-13-132545_1_jpg.rf.f223821bda835de3ea5536253c905402.jpg,train,mange,2024-05-13-132545_1_jpg.rf.f223821bda835de3ea5536253c905402.jpg,g00823
train/mange/2024-05-13-132545_2_jpg.rf.3d4e9fb63c19cc423f69574e30f6238a.jpg,train,mange,2024-05-13-132545_2_jpg.rf.3d4e9fb63c19cc423f69574e30f6238a.jpg,g00823
train/mange/2024-05-13-132545_2_jpg.rf.4b9e1f673dec8def5140c819c2e7cbd6.jpg,train,mange,2024-05-13-132545_2_jpg.rf.4b9e1f673dec8def5140c819c2e7cbd6.jpg,g00823
train/mange/2024-05-13-132545_2_jpg.rf.4eaeb02c3d1bbf2c6bb2d40047df7c4e.jpg,train,mange,2024-05-13-132545_2_jpg.rf.4eaeb02c3d1bbf2c6bb2d40047df7c4e.jpg,g00823
train/mange/2024-05-13-132545_2_jpg.rf.9739778b3fa631eecb3f28fb48386df9.jpg,train,mange,2024-05-13-132545_2_jpg.rf.9739778b3fa631eecb3f28fb48386df9.jpg,g00823
train/mange/2024-05-13-132545_2_jpg.rf.d66e9742663d4db055f5348adce7c606.jpg,train,mange,2024-05-13-132545_2_jpg.rf.d66e9742663d4db055f5348adce7c606.jpg,g00823
train/mange/2024-05-13-132545_3_jpg.rf.7825cebacb65ecac089d273b093fb786.jpg,train,mange,2024-05-13-132545_3_jpg.rf.7825cebacb65ecac089d273b093fb786.jpg,g00823
train/mange/2024-05-13-132545_3_jpg.rf.aad3437890763137d21d782cd57c3c98.jpg,train,mange,2024-05-13-132545_3_jpg.rf.aad3437890763137d21d782cd57c3c98.jpg,g00823
train/mange/2024-05-13-132545_3_jpg.rf.cbde5705aca3a940b53f9a0c819e0957.jpg,train,mange,2024-05-13-132545_3_jpg.rf.cbde5705aca3a940b53f9a0c819e0957.jpg,g00823
train/mange/2024-05-13-132545_3_jpg.rf.fbd62219b59e547f32828ee68d0f1c19.jpg,train,mange,2024-05-13-132545_3_jpg.rf.fbd62219b59e547f32828ee68d0f1c19.jpg,g00823
train/mange/2024-05-13-132627_4_jpg.rf.a3c23d1bf5f5c32474dbcd069c0a9ca9.jpg,train,mange,2024-05-13-132627_4_jpg.rf.a3c23d1bf5f5c32474dbcd069c0a9ca9.jpg,g00824
train/mange/2024-05-13-132647_1_jpg.rf.4ad78b32ee59d0e768d5412feaa74ac5.jpg,train,mange,2024-05-13-132647_1_jpg.rf.4ad78b32ee59d0e768d5412feaa74ac5.jpg,g00825
train/mange/2024-05-13-132647_1_jpg.rf.bdc15f949203829344c6b376f5de74a6.jpg,train,mange,2024-05-13-132647_1_jpg.rf.bdc15f949203829344c6b376f5de74a6.jpg,g00825
train/mange/2024-05-13-132647_1_jpg.rf.e74983647ebfad8c0e4a3fbe99767e1c.jpg,train,mange,2024-05-13-132647_1_jpg.rf.e74983647ebfad8c0e4a3fbe99767e1c.jpg,g00825
train/mange/2024-05-13-132647_4_jpg.rf.c18a2da8531ebe33c71f9c0f97f447bb.jpg,train,mange,2024-05-13-132647_4_jpg.rf.c18a2da8531ebe33c71f9c0f97f447bb.jpg,g00825
train/mange/2024-05-13-132731_3_jpg.rf.12d0facc2840672281235357501f17ed.jpg,train,mange,2024-05-13-132731_3_jpg.rf.12d0facc2840672281235357501f17ed.jpg,g00826
train/mange/2024-05-13-132731_3_jpg.rf.4631cc2baa55bda509b4f4d33dfefa60.jpg,train,mange,2024-05-13-132731_3_jpg.rf.4631cc2baa55bda509b4f4d33dfefa60.jpg,g00826
train/mange/2024-05-13-132731_3_jpg.rf.51b32708d1ead6bef905361eb7024207.jpg,train,mange,2024-05-13-132731_3_jpg.rf.51b32708d1ead6bef905361eb7024207.jpg,g00826
train/mange/2024-05-13-132731_3_jpg.rf.5e74381875b32535a8ab39febaca613f.jpg,train,mange,2024-05-13-132731_3_jpg.rf.5e74381875b32535a8ab39febaca613f.jpg,g00826
train/mange/2024-05-13-132731_3_jpg.rf.8832086aed9c6a002f6ed346c2cfad24.jpg,train,mange,2024-05-13-132731_3_jpg.rf.8832086aed9c6a002f6ed346c2cfad24.jpg,g00826
train/mange/2024-05-13-132858_2_jpg.rf.cd6ef8326f2f8c262987231dba043b82.jpg,train,mange,2024-05-13-132858_2_jpg.rf.cd6ef8326f2f8c262987231dba043b82.jpg,g00827
train/mange/2024-05-13-132858_4_jpg.rf.3fddeeaae22b24c68ebd05cf70920bdf.jpg,train,mange,2024-05-13-132858_4_jpg.rf.3fddeeaae22b24c68ebd05cf70920bdf.jpg,g00827
train/mange/2024-05-13-132858_4_jpg.rf.7afef4e8e5dd3d55913393805f36edf4.jpg,train,mange,2024-05-13-132858_4_jpg.rf.7afef4e8e5dd3d55913393805f36edf4.jpg,g00827
train/mange/2024-05-13-132858_4_jpg.rf.a47cd7a6f53dd8dced00ef10a495844c.jpg,train,mange,2024-05-13-132858_4_jpg.rf.a47cd7a6f53dd8dced00ef10a495844c.jpg,g00827
train/mange/2024-05-13-132858_4_jpg.rf.aee4ad8152a45a98d0a626f98efd8bde.jpg,train,mange,2024-05-13-132858_4_jpg.rf.aee4ad8152a45a98d0a626f98efd8bde.jpg,g00827
train/mange/2024-05-13-132858_4_jpg.rf.be93fa3d56b6d4bfb93a0b0041d39432.jpg,train,mange,2024-05-13-132858_4_jpg.rf.be93fa3d56b6d4bfb93a0b0041d39432.jpg,g00827
train/mange/2024-05-13-132935_2_jpg.rf.a10652ead36ed0387a0090be615fba1a.jpg,train,mange,2024-05-13-132935_2_jpg.rf.a10652ead36ed0387a0090be615fba1a.jpg,g00828
train/mange/2024-05-13-132935_2_jpg.rf.b696243a747b6efa082abd454d143400.jpg,train,mange,2024-05-13-132935_2_jpg.rf.b696243a747b6efa082abd454d143400.jpg,g00828
train/mange/2024-05-13-132935_2_jpg.rf.caf1f4325390954a41b01fed173a7e1e.jpg,train,mange,2024-05-13-132935_2_jpg.rf.caf1f4325390954a41b01fed173a7e1e.jpg,g00828
train/mange/2024-05-13-132935_2_jpg.rf.d86b2a6318e60a88a6c8189ba2d5dbe1.jpg,train,mange,2024-05-13-132935_2_jpg.rf.d86b2a6318e60a88a6c8189ba2d5dbe1.jpg,g00828
train/mange/2024-05-13-132935_2_jpg.rf.f0be8153e6503dad6545b5a89c6f054a.jpg,train,mange,2024-05-13-132935_2_jpg.rf.f0be8153e6503dad6545b5a89c6f054a.jpg,g00828
train/mange/2024-05-13-133001_2_jpg.rf.4dcf9f924c486c18a428fdc8ff09e96e.jpg,train,mange,2024-05-13-133001_2_jpg.rf.4dcf9f924c486c18a428fdc8ff09e96e.jpg,g00829
train/mange/2024-05-13-133001_2_jpg.rf.c8b3bdcef1ff415501faa124e842f05b.jpg,train,mange,2024-05-13-133001_2_jpg.rf.c8b3bdcef1ff415501faa124e842f05b.jpg,g00829
train/mange/2024-05-13-133001_3_jpg.rf.564c4882dd249311324a456f5e18d516.jpg,train,mange,2024-05-13-133001_3_jpg.rf.564c4882dd249311324a456f5e18d516.jpg,g00829
train/mange/2024-05-13-133001_3_jpg.rf.569e349522aeb3623738ad3573b8aa48.jpg,train,mange,2024-05-13-133001_3_jpg.rf.569e349522aeb3623738ad3573b8aa48.jpg,g00829
train/mange/2024-05-13-133035_4_jpg.rf.43c02f7edea93072f394b6133ecde17c.jpg,train,mange,2024-05-13-133035_4_jpg.rf.43c02f7edea93072f394b6133ecde17c.jpg,g00830
train/mange/2024-05-13-133035_4_jpg.rf.83564ba4e77dadd9b125f2b8404f49b3.jpg,train,mange,2024-05-13-133035_4_jpg.rf.83564ba4e77dadd9b125f2b8404f49b3.jpg,g00830
train/mange/2024-05-13-133035_4_jpg.rf.b134a266a724308b56008df4c34c19ee.jpg,train,mange,2024-05-13-133035_4_jpg.rf.b134a266a724308b56008df4c34c19ee.jpg,g00830
train/mange/2024-05-13-133035_4_jpg.rf.eff68e0f89897511a20a91c66792b1e2.jpg,train,mange,2024-05-13-133035_4_jpg.rf.eff68e0f89897511a20a91c66792b1e2.jpg,g00830
train/mange/2024-05-13-133035_4_jpg.rf.f9b422f49b1efda767a1174e0d345a43.jpg,train,mange,2024-05-13-133035_4_jpg.rf.f9b422f49b1efda767a1174e0d345a43.jpg,g00830
train/mange/2024-05-13-133056_3_jpg.rf.c56ac16bd41608ee855a256dc7e7afce.jpg,train,mange,2024-05-13-133056_3_jpg.rf.c56ac16bd41608ee855a256dc7e7afce.jpg,g00831
train/mange/2024-05-13-133056_4_jpg.rf.0aa6cf106ec14dd6491159617c4f30b8.jpg,train,mange,2024-05-13-133056_4_jpg.rf.0aa6cf106ec14dd6491159617c4f30b8.jpg,g00831
train/mange/2024-05-13-133056_4_jpg.rf.7cd0bb70ddf4d4093f8cf05133ecf7ce.jpg,train,mange,2024-05-13-133056_4_jpg.rf.7cd0bb70ddf4d4093f8cf05133ecf7ce.jpg,g00831
train/mange/2024-05-13-133056_4_jpg.rf.980b250bd3eb86de02165d2d2bdacd12.jpg,train,mange,2024-05-13-133056_4_jpg.rf.980b250bd3eb86de02165d2d2bdacd12.jpg,g00831
train/mange/2024-05-13-133056_4_jpg.rf.e8b5721ad39faf683610d4d08bce9965.jpg,train,mange,2024-05-13-133056_4_jpg.rf.e8b5721ad39faf683610d4d08bce9965.jpg,g00831
train/mange/2024-05-13-133056_4_jpg.rf.fca3f2b8a55defdb13cffa925b6d0d19.jpg,train,mange,2024-05-13-133056_4_jpg.rf.fca3f2b8a55defdb13cffa925b6d0d19.jpg,g00831
train/mange/2024-05-13-133135_1_jpg.rf.36fbdff4aa6cbc7bc71641e2cd036385.jpg,train,mange,2024-05-13-133135_1_jpg.rf.36fbdff4aa6cbc7bc71641e2cd036385.jpg,g00832
train/mange/2024-05-13-133135_1_jpg.rf.40ce40ea5d06e060a602afef77f38da1.jpg,train,mange,2024-05-13-133135_1_jpg.rf.40ce40ea5d06e060a602afef77f38da1.jpg,g00832
train/mange/2024-05-13-133135_1_jpg.rf.5653153795aca130182913d7bb3b1095.jpg,train,mange,2024-05-13-133135_1_jpg.rf.5653153795aca130182913d7bb3b1095.jpg,g00832
train/mange/2024-05-13-133135_1_jpg.rf.a2717d15903c32c792210dc9f2f3549e.jpg,train,mange,2024-05-13-133135_1_jpg.rf.a2717d15903c32c792210dc9f2f3549e.jpg,g00832
train/mange/2024-05-13-133135_1_jpg.rf.c1d31fe1a11a862c387aa8981b43c3aa.jpg,train,mange,2024-05-13-133135_1_jpg.rf.c1d31fe1a11a862c387aa8981b43c3aa.jpg,g00832
train/mange/2024-05-13-133135_3_jpg.rf.25330c47f7d34cb4665ec7d667277c70.jpg,train,mange,2024-05-13-133135_3_jpg.rf.25330c47f7d34cb4665ec7d667277c70.jpg,g00832
train/mange/2024-05-13-133135_3_jpg.rf.55dfcd25da23288932ada0445f51d53f.jpg,train,mange,2024-05-13-133135_3_jpg.rf.55dfcd25da23288932ada0445f51d53f.jpg,g00832
train/mange/2024-05-13-133135_3_jpg.rf.862865055ce9af7fe21440a890e9d4e1.jpg,train,mange,2024-05-13-133135_3_jpg.rf.862865055ce9af7fe21440a890e9d4e1.jpg,g00832
train/mange/2024-05-13-133135_3_jpg.rf.86be239721ad805467189f22d358b9a5.jpg,train,mange,2024-05-13-133135_3_jpg.rf.86be239721ad805467189f22d358b9a5.jpg,g00832
train/mange/2024-05-13-133135_3_jpg.rf.bc53c83071d8dbb7651f176c25e8a771.jpg,train,mange,2024-05-13-133135_3_jpg.rf.bc53c83071d8dbb7651f176c25e8a771.jpg,g00832
train/mange/2024-05-13-133205_2_jpg.rf.12aacb982b6739df30bedb144c2cf1f8.jpg,train,mange,2024-05-13-133205_2_jpg.rf.12aacb982b6739df30bedb144c2cf1f8.jpg,g00833
train/mange/2024-05-13-133205_2_jpg.rf.4ca7340d7317b2acfd5082ddfee87f6d.jpg,train,mange,2024-05-13-133205_2_jpg.rf.4ca7340d7317b2acfd5082ddfee87f6d.jpg,g00833
train/mange/2024-05-13-133205_2_jpg.rf.557b663e210a4c2a3693fb1782bd7def.jpg,train,mange,2024-05-13-133205_2_jpg.rf.557b663e210a4c2a3693fb1782bd7def.jpg,g00833
train/mange/2024-05-13-133205_2_jpg.rf.72afcde84dd83d586c92c97a32565c6a.jpg,train,mange,2024-05-13-133205_2_jpg.rf.72afcde84dd83d586c92c97a32565c6a.jpg,g00833
train/mange/2024-05-13-133205_2_jpg.rf.f578d8e506465c12d167b3bd89ed3949.jpg,train,mange,2024-05-13-133205_2_jpg.rf.f578d8e506465c12d167b3bd89ed3949.jpg,g00833
train/mange/2024-05-13-133205_3_jpg.rf.4cc078b148c304a89f7376a2e7352a00.jpg,train,mange,2024-05-13-133205_3_jpg.rf.4cc078b148c304a89f7376a2e7352a00.jpg,g00833
train/mange/2024-05-13-133205_3_jpg.rf.7722272d075cc42ae99ec6cd86efffbd.jpg,train,mange,2024-05-13-133205_3_jpg.rf.7722272d075cc42ae99ec6cd86efffbd.jpg,g00833
train/mange/2024-05-13-133332_2_jpg.rf.0511f47b9c49346519d4be9956f550e2.jpg,train,mange,2024-05-13-133332_2_jpg.rf.0511f47b9c49346519d4be9956f550e2.jpg,g00834
train/mange/2024-05-13-133332_2_jpg.rf.25cd3b1e407fafdac4d8c28b61f466cf.jpg,train,mange,2024-05-13-133332_2_jpg.rf.25cd3b1e407fafdac4d8c28b61f466cf.jpg,g00834
train/mange/2024-05-13-133332_2_jpg.rf.556d432f75ac460f6681ba8da8fd3f3f.jpg,train,mange,2024-05-13-133332_2_jpg.rf.556d432f75ac460f6681ba8da8fd3f3f.jpg,g00834
train/mange/2024-05-13-133332_2_jpg.rf.5e648a3abef68a250d1c740dcf929c35.jpg,train,mange,2024-05-13-133332_2_jpg.rf.5e648a3abef68a250d1c740dcf929c35.jpg,g00834
train/mange/2024-05-13-133458_3_jpg.rf.078e0e1ce7ee506c1acc3fac53fe95e6.jpg,train,mange,2024-05-13-133458_3_jpg.rf.078e0e1ce7ee506c1acc3fac53fe95e6.jpg,g00835
train/mange/2024-05-13-133458_3_jpg.rf.4b81aae0f6e05f63e13d1af209032b61.jpg,train,mange,2024-05-13-133458_3_jpg.rf.4b81aae0f6e05f63e13d1af209032b61.jpg,g00835
train/mange/2024-05-13-133458_3_jpg.rf.7300c19e7cce11e629f385666e031043.jpg,train,mange,2024-05-13-133458_3_jpg.rf.7300c19e7cce11e629f385666e031043.jpg,g00835
train/mange/2024-05-13-133458_3_jpg.rf.e662172b4e7e00b1e9fa0deb41c19b64.jpg,train,mange,2024-05-13-133458_3_jpg.rf.e662172b4e7e00b1e9fa0deb41c19b64.jpg,g00835
train/mange/2024-05-13-133458_4_jpg.rf.4f1724789b1aa5a6b4f0766d2df08dad.jpg,train,mange,2024-05-13-133458_4_jpg.rf.4f1724789b1aa5a6b4f0766d2df08dad.jpg,g00835
train/mange/2024-05-13-133458_4_jpg.rf.512f4d321fd3bb77f874b261468f0382.jpg,train,mange,2024-05-13-133458_4_jpg.rf.512f4d321fd3bb77f874b261468f0382.jpg,g00835
train/mange/2024-05-13-133458_4_jpg.rf.9ec1eb6b0b2bd0da4bd5e8a8d43bde4a.jpg,train,mange,2024-05-13-133458_4_jpg.rf.9ec1eb6b0b2bd0da4bd5e8a8d43bde4a.jpg,g00835
train/mange/2024-05-13-133458_4_jpg.rf.d721163248657ed5668e2c38862838a1.jpg,train,mange,2024-05-13-133458_4_jpg.rf.d721163248657ed5668e2c38862838a1.jpg,g00835
train/mange/2024-05-13-133458_4_jpg.rf.dba3ae64c250461309e3a89a60c969dd.jpg,train,mange,2024-05-13-133458_4_jpg.rf.dba3ae64c250461309e3a89a60c969dd.jpg,g00835
train/mange/2024-05-13-133620_4_jpg.rf.a47ee6bd1d1609b582f86cc1e1ba647e.jpg,train,mange,2024-05-13-133620_4_jpg.rf.a47ee6bd1d1609b582f86cc1e1ba647e.jpg,g00836
train/mange/2024-05-13-133823_1_jpg.rf.1edb3c37ceabf3393dacf7cd092b32dc.jpg,train,mange,2024-05-13-133823_1_jpg.rf.1edb3c37ceabf3393dacf7cd092b32dc.jpg,g00837
train/mange/2024-05-13-133823_1_jpg.rf.f9c15c4f0c480d7fd5f3998ee52a9af5.jpg,train,mange,2024-05-13-133823_1_jpg.rf.f9c15c4f0c480d7fd5f3998ee52a9af5.jpg,g00837
train/mange/2024-05-13-133853_2_jpg.rf.00bd61f89ce4ae907c658820ba6e0a26.jpg,train,mange,2024-05-13-133853_2_jpg.rf.00bd61f89ce4ae907c658820ba6e0a26.jpg,g00838
train/mange/2024-05-13-133853_2_jpg.rf.24626bec2a155399312d334105e3d2ed.jpg,train,mange,2024-05-13-133853_2_jpg.rf.24626bec2a155399312d334105e3d2ed.jpg,g00838
train/mange/2024-05-13-133853_2_jpg.rf.4f6554c62b68b468aa24ecc808c4ff95.jpg,train,mange,2024-05-13-133853_2_jpg.rf.4f6554c62b68b468aa24ecc808c4ff95.jpg,g00838
train/mange/2024-05-13-133853_2_jpg.rf.95418d5f06b080cfcc62c1a0f164024d.jpg,train,mange,2024-05-13-133853_2_jpg.rf.95418d5f06b080cfcc62c1a0f164024d.jpg,g00838
train/mange/2024-05-13-133853_2_jpg.rf.a3f77b1d9597ef16404e6898ab710d46.jpg,train,mange,2024-05-13-133853_2_jpg.rf.a3f77b1d9597ef16404e6898ab710d46.jpg,g00838
train/mange/2024-05-13-133853_2_jpg.rf.cb21464f4cdd711827106cd17a6bf226.jpg,train,mange,2024-05-13-133853_2_jpg.rf.cb21464f4cdd711827106cd17a6bf226.jpg,g00838
train/mange/2024-05-13-133920_2_jpg.rf.209bfc33517335c76a8ba012b0155ab3.jpg,train,mange,2024-05-13-133920_2_jpg.rf.209bfc33517335c76a8ba012b0155ab3.jpg,g00839
train/mange/2024-05-13-133920_2_jpg.rf.532c525a400c5b24c563cb6b7967d77e.jpg,train,mange,2024-05-13-133920_2_jpg.rf.532c525a400c5b24c563cb6b7967d77e.jpg,g00839
train/mange/2024-05-13-133920_2_jpg.rf.a0cd4397dc01032257d495b6680476dc.jpg,train,mange,2024-05-13-133920_2_jpg.rf.a0cd4397dc01032257d495b6680476dc.jpg,g00839
train/mange/2024-05-13-133920_2_jpg.rf.b2b31e81edffc7db05069c2f5cad6d1e.jpg,train,mange,2024-05-13-133920_2_jpg.rf.b2b31e81edffc7db05069c2f5cad6d1e.jpg,g00839
train/mange/2024-05-13-133940_2_jpg.rf.4e964b1b2a48959126534c9ce3be0a50.jpg,train,mange,2024-05-13-133940_2_jpg.rf.4e964b1b2a48959126534c9ce3be0a50.jpg,g00840
train/mange/2024-05-13-133940_2_jpg.rf.95ce2efb4d29ada2b414464984e5e565.jpg,train,mange,2024-05-13-133940_2_jpg.rf.95ce2efb4d29ada2b414464984e5e565.jpg,g00840
train/mange/2024-05-13-133940_4_jpg.rf.0a241007298cff8b066a09d2815bd550.jpg,train,mange,2024-05-13-133940_4_jpg.rf.0a241007298cff8b066a09d2815bd550.jpg,g00840
train/mange/2024-05-13-133940_4_jpg.rf.3766740dbc462b3aa859a9a1baa39088.jpg,train,mange,2024-05-13-133940_4_jpg.rf.3766740dbc462b3aa859a9a1baa39088.jpg,g00840
train/mange/2024-05-13-134023_1_jpg.rf.687b0ec7f0e2e5eb806324094cdc8f44.jpg,train,mange,2024-05-13-134023_1_jpg.rf.687b0ec7f0e2e5eb806324094cdc8f44.jpg,g00841
train/mange/2024-05-13-134023_1_jpg.rf.9f83ec355a96a54e6e4f33bde2308533.jpg,train,mange,2024-05-13-134023_1_jpg.rf.9f83ec355a96a54e6e4f33bde2308533.jpg,g00841
train/mange/2024-05-13-134023_1_jpg.rf.e5b59a100ff8e5837b8797f307d5ab4a.jpg,train,mange,2024-05-13-134023_1_jpg.rf.e5b59a100ff8e5837b8797f307d5ab4a.jpg,g00841
train/mange/2024-05-13-134023_1_jpg.rf.ebbdbbd0c071c7b54f6e9269e9289ffc.jpg,train,mange,2024-05-13-134023_1_jpg.rf.ebbdbbd0c071c7b54f6e9269e9289ffc.jpg,g00841
train/mange/2024-05-13-134023_4_jpg.rf.021eccd7878053fb073d4cf1cbda725c.jpg,train,mange,2024-05-13-134023_4_jpg.rf.021eccd7878053fb073d4cf1cbda725c.jpg,g00841
train/mange/2024-05-13-134023_4_jpg.rf.4b2134ffafb62fee37482323a5ea5797.jpg,train,mange,2024-05-13-134023_4_jpg.rf.4b2134ffafb62fee37482323a5ea5797.jpg,g00841
train/mange/2024-05-13-134023_4_jpg.rf.571b48491eaa7331b49ffb6c5099f714.jpg,train,mange,2024-05-13-134023_4_jpg.rf.571b48491eaa7331b49ffb6c5099f714.jpg,g00841
train/mange/2024-05-13-134023_4_jpg.rf.85ef77d14f8f24ab4ffaee3d15f73873.jpg,train,mange,2024-05-13-134023_4_jpg.rf.85ef77d14f8f24ab4ffaee3d15f73873.jpg,g00841
train/mange/2024-05-13-134023_4_jpg.rf.9edf4a0ff406d5abebb2bb06c5f67d43.jpg,train,mange,2024-05-13-134023_4_jpg.rf.9edf4a0ff406d5abebb2bb06c5f67d43.jpg,g00841
train/mange/2024-05-13-134130_1_jpg.rf.441ae8f701775ae200b504bf8fb31b42.jpg,train,mange,2024-05-13-134130_1_jpg.rf.441ae8f701775ae200b504bf8fb31b42.jpg,g00842
train/mange/2024-05-13-134130_1_jpg.rf.608a53f1e6fb2d639ae92a7026656560.jpg,train,mange,2024-05-13-134130_1_jpg.rf.608a53f1e6fb2d639ae92a7026656560.jpg,g00842
train/mange/2024-05-13-134130_1_jpg.rf.70d9d757299a95c017f9b012a74e0888.jpg,train,mange,2024-05-13-134130_1_jpg.rf.70d9d757299a95c017f9b012a74e0888.jpg,g00842
train/mange/2024-05-13-134130_1_jpg.rf.99a15b05dc79141c60762c8f91d98327.jpg,train,mange,2024-05-13-134130_1_jpg.rf.99a15b05dc79141c60762c8f91d98327.jpg,g00842
train/mange/2024-05-13-134130_1_jpg.rf.b55373d63eb5814fc1928e62f8562140.jpg,train,mange,2024-05-13-134130_1_jpg.rf.b55373d63eb5814fc1928e62f8562140.jpg,g00842
train/mange/2024-05-13-134130_2_jpg.rf.1b6c680eb32b78e30dac19d1e0fb9b45.jpg,train,mange,2024-05-13-134130_2_jpg.rf.1b6c680eb32b78e30dac19d1e0fb9b45.jpg,g00842
train/mange/2024-05-13-134130_2_jpg.rf.3f5b2fa576a61248b75622122066c84e.jpg,train,mange,2024-05-13-134130_2_jpg.rf.3f5b2fa576a61248b75622122066c84e.jpg,g00842
train/mange/2024-05-13-134130_2_jpg.rf.458c8496ebd3f88f44e8a323f973fd80.jpg,train,mange,2024-05-13-134130_2_jpg.rf.458c8496ebd3f88f44e8a323f973fd80.jpg,g00842
train/mange/2024-05-13-134130_2_jpg.rf.af66fc96e8c0eceac9b59b4855b61d07.jpg,train,mange,2024-05-13-134130_2_jpg.rf.af66fc96e8c0eceac9b59b4855b61d07.jpg,g00842
train/mange/2024-05-13-134130_2_jpg.rf.d953e76b56cfa1dba7006aeb4dafe742.jpg,train,mange,2024-05-13-134130_2_jpg.rf.d953e76b56cfa1dba7006aeb4dafe742.jpg,g00842
train/mange/2024-05-13-134130_4_jpg.rf.0e68b5c79228481eea9fe12cd328145c.jpg,train,mange,2024-05-13-134130_4_jpg.rf.0e68b5c79228481eea9fe12cd328145c.jpg,g00842
train/mange/2024-05-13-134130_4_jpg.rf.26672c5a63046d3d75247bd910b7f0fa.jpg,train,mange,2024-05-13-134130_4_jpg.rf.26672c5a63046d3d75247bd910b7f0fa.jpg,g00842
train/mange/2024-05-13-134153_3_jpg.rf.138a10ce15f25bb2a8bf4cb43434aacd.jpg,train,mange,2024-05-13-134153_3_jpg.rf.138a10ce15f25bb2a8bf4cb43434aacd.jpg,g00843
train/mange/2024-05-13-134153_3_jpg.rf.2e0de8c6f8885be8baab96cb57805005.jpg,train,mange,2024-05-13-134153_3_jpg.rf.2e0de8c6f8885be8baab96cb57805005.jpg,g00843
train/mange/2024-05-13-134153_3_jpg.rf.366cbd2e8a324f24f0061a01e3282085.jpg,train,mange,2024-05-13-134153_3_jpg.rf.366cbd2e8a324f24f0061a01e3282085.jpg,g00843
train/mange/2024-05-13-134153_3_jpg.rf.4aa8d78c535405e7308ca4a0c73a5357.jpg,train,mange,2024-05-13-134153_3_jpg.rf.4aa8d78c535405e7308ca4a0c73a5357.jpg,g00843
train/mange/2024-05-13-134153_3_jpg.rf.75813c7200771b94d559191f3e51e747.jpg,train,mange,2024-05-13-134153_3_jpg.rf.75813c7200771b94d559191f3e51e747.jpg,g00843
train/mange/2024-05-13-134153_3_jpg.rf.a75635e43e8c0283e7998ec10f7efa25.jpg,train,mange,2024-05-13-134153_3_jpg.rf.a75635e43e8c0283e7998ec10f7efa25.jpg,g00843
train/mange/2024-05-13-134214_4_jpg.rf.336608dee2011558f71f1fdd925cc993.jpg,train,mange,2024-05-13-134214_4_jpg.rf.336608dee2011558f71f1fdd925cc993.jpg,g00844
train/mange/2024-05-13-134258_3_jpg.rf.17711a7d2a659561fabfa45ac5744e5d.jpg,train,mange,2024-05-13-134258_3_jpg.rf.17711a7d2a659561fabfa45ac5744e5d.jpg,g00845
train/mange/2024-05-13-134258_3_jpg.rf.4ff89d2671469a1a44966ddf2b375b5a.jpg,train,mange,2024-05-13-134258_3_jpg.rf.4ff89d2671469a1a44966ddf2b375b5a.jpg,g00845
train/mange/2024-05-13-134258_3_jpg.rf.d33d4e9c8ad4e76efffc99a37f2913fd.jpg,train,mange,2024-05-13-134258_3_jpg.rf.d33d4e9c8ad4e76efffc99a37f2913fd.jpg,g00845
train/mange/2024-05-13-134258_3_jpg.rf.d9269c22bfaf077baf94b312d8476880.jpg,train,mange,2024-05-13-134258_3_jpg.rf.d9269c22bfaf077baf94b312d8476880.jpg,g00845
train/mange/2024-05-13-134258_3_jpg.rf.fe68f2d49a58ff575160f0838b7860e8.jpg,train,mange,2024-05-13-134258_3_jpg.rf.fe68f2d49a58ff575160f0838b7860e8.jpg,g00845
train/mange/2024-05-13-134258_4_jpg.rf.215c454662c12b2a768d1f201675d22d.jpg,train,mange,2024-05-13-134258_4_jpg.rf.215c454662c12b2a768d1f201675d22d.jpg,g00845
train/mange/2024-05-13-134258_4_jpg.rf.5dadc68ae0b6201220f16c86f9087f89.jpg,train,mange,2024-05-13-134258_4_jpg.rf.5dadc68ae0b6201220f16c86f9087f89.jpg,g00845
train/mange/2024-05-13-134258_4_jpg.rf.8b43075ade1b9292675d77106c1d160b.jpg,train,mange,2024-05-13-134258_4_jpg.rf.8b43075ade1b9292675d77106c1d160b.jpg,g00845
train/mange/2024-05-13-134258_4_jpg.rf.a1803eb2fd589cab2aec965a90f0145a.jpg,train,mange,2024-05-13-134258_4_jpg.rf.a1803eb2fd589cab2aec965a90f0145a.jpg,g00845
train/mange/2024-05-13-134258_4_jpg.rf.e524c9da8af4a5ad7d3ffa71a9faeaa8.jpg,train,mange,2024-05-13-134258_4_jpg.rf.e524c9da8af4a5ad7d3ffa71a9faeaa8.jpg,g00845
train/mange/2024-05-13-134316_2_jpg.rf.96afa7117ce42d26881063cc31c634dc.jpg,train,mange,2024-05-13-134316_2_jpg.rf.96afa7117ce42d26881063cc31c634dc.jpg,g00846
train/mange/2024-05-13-134316_2_jpg.rf.f0bc4f75e900846f75e443ff649e5649.jpg,train,mange,2024-05-13-134316_2_jpg.rf.f0bc4f75e900846f75e443ff649e5649.jpg,g00846
train/mange/2024-05-13-134316_4_jpg.rf.b5a182faaf1737bb65e10b2a132aa0f7.jpg,train,mange,2024-05-13-134316_4_jpg.rf.b5a182faaf1737bb65e10b2a132aa0f7.jpg,g00846
train/mange/2024-05-13-134316_4_jpg.rf.de644fae9844278dc23c3f9f7ccd7798.jpg,train,mange,2024-05-13-134316_4_jpg.rf.de644fae9844278dc23c3f9f7ccd7798.jpg,g00846
train/mange/2024-05-13-134336_2_jpg.rf.7a670818f81098b3c3265bb449466b92.jpg,train,mange,2024-05-13-134336_2_jpg.rf.7a670818f81098b3c3265bb449466b92.jpg,g00847
train/mange/2024-05-13-134336_2_jpg.rf.a3880f388ad1f8745f19f31b4391d6a1.jpg,train,mange,2024-05-13-134336_2_jpg.rf.a3880f388ad1f8745f19f31b4391d6a1.jpg,g00847
train/mange/2024-05-13-134336_2_jpg.rf.b6bface764f4633e6bd6c1452b3b5dc6.jpg,train,mange,2024-05-13-134336_2_jpg.rf.b6bface764f4633e6bd6c1452b3b5dc6.jpg,g00847
train/mange/208280465_5954987487874609_5454884803927939563_n_jpg.rf.d2bf9903825129340be46193b9aaba12.jpg,train,mange,208280465_5954987487874609_5454884803927939563_n_jpg.rf.d2bf9903825129340be46193b9aaba12.jpg,g00848
train/mange/208280465_5954987487874609_5454884803927939563_n_jpg.rf.e4d5db519c91aa28ffb38db00d55605c.jpg,train,mange,208280465_5954987487874609_5454884803927939563_n_jpg.rf.e4d5db519c91aa28ffb38db00d55605c.jpg,g00848
train/mange/20_png_jpg.rf.5032630d5bf5510c2cd7a8968016b178.jpg,train,mange,20_png_jpg.rf.5032630d5bf5510c2cd7a8968016b178.jpg,g00849
train/mange/20_png_jpg.rf.ba39e24c1697cc7e21069a3fb4767496.jpg,train,mange,20_png_jpg.rf.ba39e24c1697cc7e21069a3fb4767496.jpg,g00849
train/mange/225285168_549389086105304_2027840201124893596_n_jpg.rf.18adc5492cc3b0ed8c74db408e5ed41b.jpg,train,mange,225285168_549389086105304_2027840201124893596_n_jpg.rf.18adc5492cc3b0ed8c74db408e5ed41b.jpg,g00850
train/mange/225285168_549389086105304_2027840201124893596_n_jpg.rf.d3b5b97cc1d910fee402f340d87cee57.jpg,train,mange,225285168_549389086105304_2027840201124893596_n_jpg.rf.d3b5b97cc1d910fee402f340d87cee57.jpg,g00850
train/mange/23_png_jpg.rf.114517e74d15ea256e3134417d44c10e.jpg,train,mange,23_png_jpg.rf.114517e74d15ea256e3134417d44c10e.jpg,g00851
train/mange/23_png_jpg.rf.20a35bc949435f420c1d6d2894c79c9e.jpg,train,mange,23_png_jpg.rf.20a35bc949435f420c1d6d2894c79c9e.jpg,g00851
train/mange/23_png_jpg.rf.58f62253bc75c20a6550df9065e1a4ba.jpg,train,mange,23_png_jpg.rf.58f62253bc75c20a6550df9065e1a4ba.jpg,g00851
train/mange/23_png_jpg.rf.966f9c9164c4ecd4f80f32ab19818eba.jpg,train,mange,23_png_jpg.rf.966f9c9164c4ecd4f80f32ab19818eba.jpg,g00851
train/mange/25_png_jpg.rf.ebe09132f1270329c195281e39260b03.jpg,train,mange,25_png_jpg.rf.ebe09132f1270329c195281e39260b03.jpg,g00852
train/mange/26_png_jpg.rf.67d78f94ae20892a0131eddfb910629b.jpg,train,mange,26_png_jpg.rf.67d78f94ae20892a0131eddfb910629b.jpg,g00853
train/mange/26_png_jpg.rf.802710ae2ddbb4911a44257eda85d72e.jpg,train,mange,26_png_jpg.rf.802710ae2ddbb4911a44257eda85d72e.jpg,g00853
train/mange/26_png_jpg.rf.ca72f1a4e0fb75228d3a9d8506cd751c.jpg,train,mange,26_png_jpg.rf.ca72f1a4e0fb75228d3a9d8506cd751c.jpg,g00853
train/mange/27_png_jpg.rf.6971bb758bdd75fff25607335020c6b5.jpg,train,mange,27_png_jpg.rf.6971bb758bdd75fff25607335020c6b5.jpg,g00854
train/mange/27_png_jpg.rf.d684e6d274ee2049041c59bc2137c205.jpg,train,mange,27_png_jpg.rf.d684e6d274ee2049041c59bc2137c205.jpg,g00854
train/mange/28_png_jpg.rf.e79455ead2688661704e2dd8e1accbea.jpg,train,mange,28_png_jpg.rf.e79455ead2688661704e2dd8e1accbea.jpg,g00855
train/mange/29_png_jpg.rf.463ecb9625eb7a7cecb0e9f8be32ec3f.jpg,train,mange,29_png_jpg.rf.463ecb9625eb7a7cecb0e9f8be32ec3f.jpg,g00856
train/mange/29_png_jpg.rf.978600bb997d31bab382214aeebea131.jpg,train,mange,29_png_jpg.rf.978600bb997d31bab382214aeebea131.jpg,g00856
train/mange/2_png_jpg.rf.4d186526d184029f5c447eee2e7d1bb6.jpg,train,mange,2_png_jpg.rf.4d186526d184029f5c447eee2e7d1bb6.jpg,g00857
train/mange/2_png_jpg.rf.6416d4cdd4d9e5d47aa090389033cdda.jpg,train,mange,2_png_jpg.rf.6416d4cdd4d9e5d47aa090389033cdda.jpg,g00857
train/mange/30_png_jpg.rf.19697b6be67c6230c66d5372a97353dd.jpg,train,mange,30_png_jpg.rf.19697b6be67c6230c66d5372a97353dd.jpg,g00858
train/mange/30_png_jpg.rf.b7d64e39f3a252c84218d054e4b02afc.jpg,train,mange,30_png_jpg.rf.b7d64e39f3a252c84218d054e4b02afc.jpg,g00858
train/mange/31_png_jpg.rf.4d1e7d5816f2cd078ff36e5363fabfea.jpg,train,mange,31_png_jpg.rf.4d1e7d5816f2cd078ff36e5363fabfea.jpg,g00859
train/mange/31_png_jpg.rf.5dc883c7e276f66485dd58dbd2497207.jpg,train,mange,31_png_jpg.rf.5dc883c7e276f66485dd58dbd2497207.jpg,g00859
train/mange/31_png_jpg.rf.b3c7fbd41564f9a715fed5e722879179.jpg,train,mange,31_png_jpg.rf.b3c7fbd41564f9a715fed5e722879179.jpg,g00859
train/mange/31_png_jpg.rf.d5956f81891bb2350046e5fd45c88168.jpg,train,mange,31_png_jpg.rf.d5956f81891bb2350046e5fd45c88168.jpg,g00859
train/mange/340935545_1564725817350843_3975094440924812534_n_jpg.rf.e649656a6f3633df4f22ee569672a59f.jpg,train,mange,340935545_1564725817350843_3975094440924812534_n_jpg.rf.e649656a6f3633df4f22ee569672a59f.jpg,g00860
train/mange/340935545_1564725817350843_3975094440924812534_n_jpg.rf.fe00f4107546176093c642a1a50b3060.jpg,train,mange,340935545_1564725817350843_3975094440924812534_n_jpg.rf.fe00f4107546176093c642a1a50b3060.jpg,g00860
train/mange/3_png_jpg.rf.0e2d32bbffa8043e112995fd99f822d2.jpg,train,mange,3_png_jpg.rf.0e2d32bbffa8043e112995fd99f822d2.jpg,g00861
train/mange/3_png_jpg.rf.239c27bf25f8303e1d9aa03e08cf9952.jpg,train,mange,3_png_jpg.rf.239c27bf25f8303e1d9aa03e08cf9952.jpg,g00861
train/mange/4_png_jpg.rf.c0be87d5388bb257d414eb0908187984.jpg,train,mange,4_png_jpg.rf.c0be87d5388bb257d414eb0908187984.jpg,g00862
train/mange/54_jpg.rf.85537e4857ec850d10e0fa547418d377.jpg,train,mange,54_jpg.rf.85537e4857ec850d10e0fa547418d377.jpg,g00863
train/mange/54_jpg.rf.8cb8ea3546f6ce776d3b842bc077b64e.jpg,train,mange,54_jpg.rf.8cb8ea3546f6ce776d3b842bc077b64e.jpg,g00863
train/mange/6_png_jpg.rf.6dcca5ba6efb254d36bb9d126abe31da.jpg,train,mange,6_png_jpg.rf.6dcca5ba6efb254d36bb9d126abe31da.jpg,g00864
train/mange/6_png_jpg.rf.92f67014c3c477ed26e5ac36d4055f83.jpg,train,mange,6_png_jpg.rf.92f67014c3c477ed26e5ac36d4055f83.jpg,g00864
train/mange/6a6ac96f0e9d7d1d4fbbd07f1b4da7fa_jpg.rf.87fb1a252cb4aca14a8133fe5a7fdc8c.jpg,train,mange,6a6ac96f0e9d7d1d4fbbd07f1b4da7fa_jpg.rf.87fb1a252cb4aca14a8133fe5a7fdc8c.jpg,g00865
train/mange/6a6ac96f0e9d7d1d4fbbd07f1b4da7fa_jpg.rf.d7fffb38c7fecec3f1e79f2d72090d74.jpg,train,mange,6a6ac96f0e9d7d1d4fbbd07f1b4da7fa_jpg.rf.d7fffb38c7fecec3f1e79f2d72090d74.jpg,g00865
train/mange/70600559_2813720901974687_5512732589049249792_n_jpg.rf.951fd374054907d93d13d44059e29f05.jpg,train,mange,70600559_2813720901974687_5512732589049249792_n_jpg.rf.951fd374054907d93d13d44059e29f05.jpg,g00866
train/mange/7_png_jpg.rf.b9ebc6c277b047fac54427cf01bf6c1e.jpg,train,mange,7_png_jpg.rf.b9ebc6c277b047fac54427cf01bf6c1e.jpg,g00867
train/mange/7_png_jpg.rf.fca5523304a0cca404955e41ee23531a.jpg,train,mange,7_png_jpg.rf.fca5523304a0cca404955e41ee23531a.jpg,g00867
train/mange/8_png_jpg.rf.936d92177ad94a549179c6cf16a545a2.jpg,train,mange,8_png_jpg.rf.936d92177ad94a549179c6cf16a545a2.jpg,g00868
train/mange/8_png_jpg.rf.f023183e1cd5fc6c6a6dad3d922f383b.jpg,train,mange,8_png_jpg.rf.f023183e1cd5fc6c6a6dad3d922f383b.jpg,g00868
train/mange/9-Bulla-Q9-jpg_jpg.rf.7f98534cad64bedd076e8b8ba869ca68.jpg,train,mange,9-Bulla-Q9-jpg_jpg.rf.7f98534cad64bedd076e8b8ba869ca68.jpg,g00869
train/mange/95170520_2787671877998576_422400661942960128_n_jpg.rf.b3b1ec6c7b4975f9952b4126d9c349fd.jpg,train,mange,95170520_2787671877998576_422400661942960128_n_jpg.rf.b3b1ec6c7b4975f9952b4126d9c349fd.jpg,g00870
train/mange/A9uzGiVCIAAUFC2_jpg.rf.4bb504001cf4a4f8b46495d53c4b1530.jpg,train,mange,A9uzGiVCIAAUFC2_jpg.rf.4bb504001cf4a4f8b46495d53c4b1530.jpg,g00871
train/mange/A9uzGiVCIAAUFC2_jpg.rf.927ce895b5492ee04795187c1f796f24.jpg,train,mange,A9uzGiVCIAAUFC2_jpg.rf.927ce895b5492ee04795187c1f796f24.jpg,g00871
train/mange/aug1_jpg.rf.b7dd4b5d9ec5f3f8f8874f4eff281708.jpg,train,mange,aug1_jpg.rf.b7dd4b5d9ec5f3f8f8874f4eff281708.jpg,g00872
train/mange/aug1_jpg.rf.b8bf58355237570641cf2347d850e5b3.jpg,train,mange,aug1_jpg.rf.b8bf58355237570641cf2347d850e5b3.jpg,g00872
train/mange/aug2_jpg.rf.efa92660c9ec1a8d264a3c1c5145d832.jpg,train,mange,aug2_jpg.rf.efa92660c9ec1a8d264a3c1c5145d832.jpg,g00873
train/mange/aug3_jpg.rf.081e69f7e7d74c691326a12b8ef6b0d7.jpg,train,mange,aug3_jpg.rf.081e69f7e7d74c691326a12b8ef6b0d7.jpg,g00874
train/mange/aug3_jpg.rf.a0c1d3dace797709881ba93a96fe0d26.jpg,train,mange,aug3_jpg.rf.a0c1d3dace797709881ba93a96fe0d26.jpg,g00874
train/mange/aug4_jpg.rf.7e9edf20cc3240676984649448ca6327.jpg,train,mange,aug4_jpg.rf.7e9edf20cc3240676984649448ca6327.jpg,g00875
train/mange/aug4_jpg.rf.ba2981ac987884146903ed2c71d84935.jpg,train,mange,aug4_jpg.rf.ba2981ac987884146903ed2c71d84935.jpg,g00875
train/mange/aug5_JPG_jpg.rf.fc56310f78c321edaacc341f9dffc926.jpg,train,mange,aug5_JPG_jpg.rf.fc56310f78c321edaacc341f9dffc926.jpg,g00876
train/mange/aug_0_1026_jpeg_jpg.rf.6e85b46fe6e103fe7f5593b155b4acff.jpg,train,mange,aug_0_1026_jpeg_jpg.rf.6e85b46fe6e103fe7f5593b155b4acff.jpg,g00877
train/mange/aug_0_1060_jpeg_jpg.rf.223fa5f283371a53b5aa50d1d9ee33b2.jpg,train,mange,aug_0_1060_jpeg_jpg.rf.223fa5f283371a53b5aa50d1d9ee33b2.jpg,g00878
train/mange/aug_0_1060_jpeg_jpg.rf.e7b35ab1f9cf7449a7c742f9a92b0ea5.jpg,train,mange,aug_0_1060_jpeg_jpg.rf.e7b35ab1f9cf7449a7c742f9a92b0ea5.jpg,g00878
train/mange/aug_0_1105_jpeg_jpg.rf.5dedba2a00b8adcbde0c864c98474179.jpg,train,mange,aug_0_1105_jpeg_jpg.rf.5dedba2a00b8adcbde0c864c98474179.jpg,g00879
train/mange/aug_0_1105_jpeg_jpg.rf.7eaee7cd163bd1e11e898eb3bd2c0f61.jpg,train,mange,aug_0_1105_jpeg_jpg.rf.7eaee7cd163bd1e11e898eb3bd2c0f61.jpg,g00879
train/mange/aug_0_123_jpeg_jpg.rf.eb8eae498704468793c4d564b5619c54.jpg,train,mange,aug_0_123_jpeg_jpg.rf.eb8eae498704468793c4d564b5619c54.jpg,g00880
train/mange/aug_0_1241_jpeg_jpg.rf.a8fe5831fedc83e0e7476a58f9c8b414.jpg,train,mange,aug_0_1241_jpeg_jpg.rf.a8fe5831fedc83e0e7476a58f9c8b414.jpg,g00881
train/mange/aug_0_1241_jpeg_jpg.rf.dd99ce1ae168aa0416bf31b69bfd57c5.jpg,train,mange,aug_0_1241_jpeg_jpg.rf.dd99ce1ae168aa0416bf31b69bfd57c5.jpg,g00881
train/mange/aug_0_1250_jpeg_jpg.rf.8485b1d03ab16c4be8ab86752b9599ff.jpg,train,mange,aug_0_1250_jpeg_jpg.rf.8485b1d03ab16c4be8ab86752b9599ff.jpg,g00882
train/mange/aug_0_1257_jpeg_jpg.rf.6368b86e736aa439380e0a9a10aa6e8b.jpg,train,mange,aug_0_1257_jpeg_jpg.rf.6368b86e736aa439380e0a9a10aa6e8b.jpg,g00883
train/mange/aug_0_1257_jpeg_jpg.rf.8d5d40f74c505bc53a8681c9b575e41b.jpg,train,mange,aug_0_1257_jpeg_jpg.rf.8d5d40f74c505bc53a8681c9b575e41b.jpg,g00883
train/mange/aug_0_1271_jpeg_jpg.rf.2a4bf57093102c6c91e5fa95feb66262.jpg,train,mange,aug_0_1271_jpeg_jpg.rf.2a4bf57093102c6c91e5fa95feb66262.jpg,g00884
train/mange/aug_0_1271_jpeg_jpg.rf.afe400ed593db268ed8b1496ad5af1d5.jpg,train,mange,aug_0_1271_jpeg_jpg.rf.afe400ed593db268ed8b1496ad5af1d5.jpg,g00884
train/mange/aug_0_1635_jpeg_jpg.rf.d0df472e5471c019dbc2429f7626d74b.jpg,train,mange,aug_0_1635_jpeg_jpg.rf.d0df472e5471c019dbc2429f7626d74b.jpg,g00885
train/mange/aug_0_167_jpeg_jpg.rf.ff9118f1ec4f8ce6b976bd9f8279baa0.jpg,train,mange,aug_0_167_jpeg_jpg.rf.ff9118f1ec4f8ce6b976bd9f8279baa0.jpg,g00886
train/mange/aug_0_1699_jpeg_jpg.rf.50f535b86b4644b175c7c421603856d4.jpg,train,mange,aug_0_1699_jpeg_jpg.rf.50f535b86b4644b175c7c421603856d4.jpg,g00887
train/mange/aug_0_1699_jpeg_jpg.rf.8db7cc50c329e2e84b34c71846e905a8.jpg,train,mange,aug_0_1699_jpeg_jpg.rf.8db7cc50c329e2e84b34c71846e905a8.jpg,g00887
train/mange/aug_0_1920_jpeg_jpg.rf.b8a279e3a628c1212a9ce2184d957022.jpg,train,mange,aug_0_1920_jpeg_jpg.rf.b8a279e3a628c1212a9ce2184d957022.jpg,g00888
train/mange/aug_0_2147_jpeg_jpg.rf.52781bf486a0c7c466d25e367cfec11f.jpg,train,mange,aug_0_2147_jpeg_jpg.rf.52781bf486a0c7c466d25e367cfec11f.jpg,g00889
train/mange/aug_0_2147_jpeg_jpg.rf.f0f0b0cbb9d67fee6afc270b4169460a.jpg,train,mange,aug_0_2147_jpeg_jpg.rf.f0f0b0cbb9d67fee6afc270b4169460a.jpg,g00889
train/mange/aug_0_2218_jpeg_jpg.rf.134f135af2a2ab1415c0db339a60ec46.jpg,train,mange,aug_0_2218_jpeg_jpg.rf.134f135af2a2ab1415c0db339a60ec46.jpg,g00890
train/mange/aug_0_2218_jpeg_jpg.rf.e432646ef584b986917d357b8006f5f6.jpg,train,mange,aug_0_2218_jpeg_jpg.rf.e432646ef584b986917d357b8006f5f6.jpg,g00890
train/mange/aug_0_2430_jpeg_jpg.rf.cdf2333ed822e5835895c66d563642f4.jpg,train,mange,aug_0_2430_jpeg_jpg.rf.cdf2333ed822e5835895c66d563642f4.jpg,g00891
train/mange/aug_0_2450_jpeg_jpg.rf.051132ed1c6ec1dd54653f6a80e8921c.jpg,train,mange,aug_0_2450_jpeg_jpg.rf.051132ed1c6ec1dd54653f6a80e8921c.jpg,g00892
train/mange/aug_0_2450_jpeg_jpg.rf.cba519ff0a1ed8c05634fa542f409898.jpg,train,mange,aug_0_2450_jpeg_jpg.rf.cba519ff0a1ed8c05634fa542f409898.jpg,g00892
train/mange/aug_0_2681_jpeg_jpg.rf.29d1f7fa921bb0a577f061f0f30c0d38.jpg,train,mange,aug_0_2681_jpeg_jpg.rf.29d1f7fa921bb0a577f061f0f30c0d38.jpg,g00893
train/mange/aug_0_2681_jpeg_jpg.rf.cee82714fdca894db383f47888112a72.jpg,train,mange,aug_0_2681_jpeg_jpg.rf.cee82714fdca894db383f47888112a72.jpg,g00893
train/mange/aug_0_3041_jpeg_jpg.rf.191cefa7a6ba8b7a96ee5b24ac1a02b0.jpg,train,mange,aug_0_3041_jpeg_jpg.rf.191cefa7a6ba8b7a96ee5b24ac1a02b0.jpg,g00894
train/mange/aug_0_3041_jpeg_jpg.rf.918a116d32b7416497172a773c0439f3.jpg,train,mange,aug_0_3041_jpeg_jpg.rf.918a116d32b7416497172a773c0439f3.jpg,g00894
train/mange/aug_0_3063_jpeg_jpg.rf.22f3918f1d9109e4d6a4827c88ec544d.jpg,train,mange,aug_0_3063_jpeg_jpg.rf.22f3918f1d9109e4d6a4827c88ec544d.jpg,g00895
train/mange/aug_0_3063_jpeg_jpg.rf.b23fd3ad6776ec4ed2dc5327affa4d29.jpg,train,mange,aug_0_3063_jpeg_jpg.rf.b23fd3ad6776ec4ed2dc5327affa4d29.jpg,g00895
train/mange/aug_0_3649_jpeg_jpg.rf.8308a1f498fcf536b1a90055f4715d47.jpg,train,mange,aug_0_3649_jpeg_jpg.rf.8308a1f498fcf536b1a90055f4715d47.jpg,g00896
train/mange/aug_0_3703_jpeg_jpg.rf.4e51ba5f6a3c871548323110ad72d17e.jpg,train,mange,aug_0_3703_jpeg_jpg.rf.4e51ba5f6a3c871548323110ad72d17e.jpg,g00897
train/mange/aug_0_3703_jpeg_jpg.rf.e594cbc1dbf33ada56fe0d90032a0bd0.jpg,train,mange,aug_0_3703_jpeg_jpg.rf.e594cbc1dbf33ada56fe0d90032a0bd0.jpg,g00897
train/mange/aug_0_3859_jpeg_jpg.rf.35089b86067d5cd584ad1abc6bdf8552.jpg,train,mange,aug_0_3859_jpeg_jpg.rf.35089b86067d5cd584ad1abc6bdf8552.jpg,g00898
train/mange/aug_0_3859_jpeg_jpg.rf.8f3acf4c571dc41dc8d952703d4fbc59.jpg,train,mange,aug_0_3859_jpeg_jpg.rf.8f3acf4c571dc41dc8d952703d4fbc59.jpg,g00898
train/mange/aug_0_4253_jpeg_jpg.rf.eeeb21a95432c8db2d44d47147d3714a.jpg,train,mange,aug_0_4253_jpeg_jpg.rf.eeeb21a95432c8db2d44d47147d3714a.jpg,g00899
train/mange/aug_0_4306_jpeg_jpg.rf.6e4c0e1b653775279319b91abaae1c73.jpg,train,mange,aug_0_4306_jpeg_jpg.rf.6e4c0e1b653775279319b91abaae1c73.jpg,g00900
train/mange/aug_0_4306_jpeg_jpg.rf.b1d9b8f5fd1df4451dae8110bd3178f7.jpg,train,mange,aug_0_4306_jpeg_jpg.rf.b1d9b8f5fd1df4451dae8110bd3178f7.jpg,g00900
train/mange/aug_0_4326_jpeg_jpg.rf.16618c4424f1dda6c04579b44d90ae82.jpg,train,mange,aug_0_4326_jpeg_jpg.rf.16618c4424f1dda6c04579b44d90ae82.jpg,g00901
train/mange/aug_0_4326_jpeg_jpg.rf.b92154ccd357170208d27628a9516eae.jpg,train,mange,aug_0_4326_jpeg_jpg.rf.b92154ccd357170208d27628a9516eae.jpg,g00901
train/mange/aug_0_435_jpeg_jpg.rf.3f2edb9178e8fd5a1e1e20c15d2d8fe0.jpg,train,mange,aug_0_435_jpeg_jpg.rf.3f2edb9178e8fd5a1e1e20c15d2d8fe0.jpg,g00902
train/mange/aug_0_435_jpeg_jpg.rf.502be8cc15c50a1b883763ce7af2decd.jpg,train,mange,aug_0_435_jpeg_jpg.rf.502be8cc15c50a1b883763ce7af2decd.jpg,g00902
train/mange/aug_0_4486_jpeg_jpg.rf.2b3464684d808f9610012169ee9ce69e.jpg,train,mange,aug_0_4486_jpeg_jpg.rf.2b3464684d808f9610012169ee9ce69e.jpg,g00903
train/mange/aug_0_4486_jpeg_jpg.rf.d9b670fdbce91f873e4a717a43d65a94.jpg,train,mange,aug_0_4486_jpeg_jpg.rf.d9b670fdbce91f873e4a717a43d65a94.jpg,g00903
train/mange/aug_0_4936_jpeg_jpg.rf.e9b110035940099bce0bc53c7dd3eee3.jpg,train,mange,aug_0_4936_jpeg_jpg.rf.e9b110035940099bce0bc53c7dd3eee3.jpg,g00904
train/mange/aug_0_4984_jpeg_jpg.rf.125f20df52eafbe008da435cdb77ed11.jpg,train,mange,aug_0_4984_jpeg_jpg.rf.125f20df52eafbe008da435cdb77ed11.jpg,g00905
train/mange/aug_0_4988_jpeg_jpg.rf.9019e9cd897ea697dccc5247e826e28f.jpg,train,mange,aug_0_4988_jpeg_jpg.rf.9019e9cd897ea697dccc5247e826e28f.jpg,g00906
train/mange/aug_0_4988_jpeg_jpg.rf.bde9f206def85e32b86dde2b4ebaf517.jpg,train,mange,aug_0_4988_jpeg_jpg.rf.bde9f206def85e32b86dde2b4ebaf517.jpg,g00906
train/mange/aug_0_5032_jpeg_jpg.rf.b224dd3b8a7b531e22f71163101cd275.jpg,train,mange,aug_0_5032_jpeg_jpg.rf.b224dd3b8a7b531e22f71163101cd275.jpg,g00907
train/mange/aug_0_5032_jpeg_jpg.rf.dd5b1b2ebc2267009afb3ed28e72a6ed.jpg,train,mange,aug_0_5032_jpeg_jpg.rf.dd5b1b2ebc2267009afb3ed28e72a6ed.jpg,g00907
train/mange/aug_0_5065_jpeg_jpg.rf.32b4e9d07871925912eefaa4a235d221.jpg,train,mange,aug_0_5065_jpeg_jpg.rf.32b4e9d07871925912eefaa4a235d221.jpg,g00908
train/mange/aug_0_5065_jpeg_jpg.rf.fadad8c377230974d5823017e0c11f1d.jpg,train,mange,aug_0_5065_jpeg_jpg.rf.fadad8c377230974d5823017e0c11f1d.jpg,g00908
train/mange/aug_0_530_jpeg_jpg.rf.5142dce3a4455d5a4d3a662a14625787.jpg,train,mange,aug_0_530_jpeg_jpg.rf.5142dce3a4455d5a4d3a662a14625787.jpg,g00909
train/mange/aug_0_530_jpeg_jpg.rf.86f4145e55a9852a012e224a9a6949c5.jpg,train,mange,aug_0_530_jpeg_jpg.rf.86f4145e55a9852a012e224a9a6949c5.jpg,g00909
train/mange/aug_0_5504_jpeg_jpg.rf.25c465548956deb2385ec378baefeb42.jpg,train,mange,aug_0_5504_jpeg_jpg.rf.25c465548956deb2385ec378baefeb42.jpg,g00910
train/mange/aug_0_5504_jpeg_jpg.rf.79c07fafa8b476aafe7d3dee81824419.jpg,train,mange,aug_0_5504_jpeg_jpg.rf.79c07fafa8b476aafe7d3dee81824419.jpg,g00910
train/mange/aug_0_5570_jpeg_jpg.rf.45df45aad1d85bf1967808de59b20534.jpg,train,mange,aug_0_5570_jpeg_jpg.rf.45df45aad1d85bf1967808de59b20534.jpg,g00911
train/mange/aug_0_5570_jpeg_jpg.rf.9e50fe0c802630454302e569f8f0b8c9.jpg,train,mange,aug_0_5570_jpeg_jpg.rf.9e50fe0c802630454302e569f8f0b8c9.jpg,g00911
train/mange/aug_0_5630_jpeg_jpg.rf.776760634ff3bfc403b57f3625434500.jpg,train,mange,aug_0_5630_jpeg_jpg.rf.776760634ff3bfc403b57f3625434500.jpg,g00912
train/mange/aug_0_5630_jpeg_jpg.rf.e2decc84865242ad410cdcc5bc2d1469.jpg,train,mange,aug_0_5630_jpeg_jpg.rf.e2decc84865242ad410cdcc5bc2d1469.jpg,g00912
train/mange/aug_0_5733_jpeg_jpg.rf.881085f407b966891612a88294cd5500.jpg,train,mange,aug_0_5733_jpeg_jpg.rf.881085f407b966891612a88294cd5500.jpg,g00913
train/mange/aug_0_5890_jpeg_jpg.rf.605315f4b94d0d4b09edbd6bb9fac2b4.jpg,train,mange,aug_0_5890_jpeg_jpg.rf.605315f4b94d0d4b09edbd6bb9fac2b4.jpg,g00914
train/mange/aug_0_5890_jpeg_jpg.rf.f8ad23a9c2eef17533464147fb325c70.jpg,train,mange,aug_0_5890_jpeg_jpg.rf.f8ad23a9c2eef17533464147fb325c70.jpg,g00914
train/mange/aug_0_5912_jpeg_jpg.rf.2fb8a0a2b48e56160eaf8c5ae4eda9b7.jpg,train,mange,aug_0_5912_jpeg_jpg.rf.2fb8a0a2b48e56160eaf8c5ae4eda9b7.jpg,g00915
train/mange/aug_0_5912_jpeg_jpg.rf.a5ea2ba8f8d21a6a790132ff576dddf4.jpg,train,mange,aug_0_5912_jpeg_jpg.rf.a5ea2ba8f8d21a6a790132ff576dddf4.jpg,g00915
train/mange/aug_0_6085_jpeg_jpg.rf.69a3929d20965f8db0dd8c3b59540757.jpg,train,mange,aug_0_6085_jpeg_jpg.rf.69a3929d20965f8db0dd8c3b59540757.jpg,g00916
train/mange/aug_0_6149_jpeg_jpg.rf.6db3bf8f0f873248ab07012e2a0230d8.jpg,train,mange,aug_0_6149_jpeg_jpg.rf.6db3bf8f0f873248ab07012e2a0230d8.jpg,g00917
train/mange/aug_0_6149_jpeg_jpg.rf.847fe8ec5702e4554e00ce05a43b71dd.jpg,train,mange,aug_0_6149_jpeg_jpg.rf.847fe8ec5702e4554e00ce05a43b71dd.jpg,g00917
train/mange/aug_0_6361_jpeg_jpg.rf.0d365ad6e7cb381f6ab2c18e8f4d085b.jpg,train,mange,aug_0_6361_jpeg_jpg.rf.0d365ad6e7cb381f6ab2c18e8f4d085b.jpg,g00918
train/mange/aug_0_6629_jpeg_jpg.rf.03ca09563e50f49075b390a9d71f15ef.jpg,train,mange,aug_0_6629_jpeg_jpg.rf.03ca09563e50f49075b390a9d71f15ef.jpg,g00919
train/other/-e0QDP4sFro_jpg.rf.60B0L2tCTCuc73C7rVed.jpg,train,other,-e0QDP4sFro_jpg.rf.60B0L2tCTCuc73C7rVed.jpg,g00920
train/other/0012-Zg5-63ZY_f0_jpg.rf.e2MFYVqZfGcMfKr59QdZ.jpg,train,other,0012-Zg5-63ZY_f0_jpg.rf.e2MFYVqZfGcMfKr59QdZ.jpg,g00921
train/other/0050-q-V23Q0lOkg_jpg.rf.cxqZh1cKM3uy9cvFonWL.jpg,train,other,0050-q-V23Q0lOkg_jpg.rf.cxqZh1cKM3uy9cvFonWL.jpg,g00922
train/other/0059-thtSvXd1VyI_jpg.rf.R353NZyEOYVPXkFGzTT0.jpg,train,other,0059-thtSvXd1VyI_jpg.rf.R353NZyEOYVPXkFGzTT0.jpg,g00923
train/other/0062-mhmp3ymlr0k_jpg.rf.K93wrzIVT3h18XPiowCM.jpg,train,other,0062-mhmp3ymlr0k_jpg.rf.K93wrzIVT3h18XPiowCM.jpg,g00924
train/other/0067-5lItam5zCPc_jpg.rf.SRDJs91SGgL5qMyaImt9.jpg,train,other,0067-5lItam5zCPc_jpg.rf.SRDJs91SGgL5qMyaImt9.jpg,g00925
train/other/0068-bdqT3-g2rks_jpg.rf.aqAIcou4LKNWQRBK3Zb5.jpg,train,other,0068-bdqT3-g2rks_jpg.rf.aqAIcou4LKNWQRBK3Zb5.jpg,g00926
train/other/0072-vUbsU6RZ1qE_jpg.rf.jEQDhLD9aLOATGtZti2j.jpg,train,other,0072-vUbsU6RZ1qE_jpg.rf.jEQDhLD9aLOATGtZti2j.jpg,g00927
train/other/0081-Ejqii9Q6dPI_jpg.rf.cqNHMwhdcfKXllr208Rb.jpg,train,other,0081-Ejqii9Q6dPI_jpg.rf.cqNHMwhdcfKXllr208Rb.jpg,g00928
train/other/0208-Jw7gaROGLig_jpg.rf.R12R0QVmzEryezGhF2h3.jpg,train,other,0208-Jw7gaROGLig_jpg.rf.R12R0QVmzEryezGhF2h3.jpg,g00929
train/other/0278-B8s_Uv9iwWQ_jpg.rf.SgksAlHVKBXazuBkzJxT.jpg,train,other,0278-B8s_Uv9iwWQ_jpg.rf.SgksAlHVKBXazuBkzJxT.jpg,g00930
train/other/0424-Q64SQDVtEqM_jpg.rf.fLsngQ9dR6k9RoparniT.jpg,train,other,0424-Q64SQDVtEqM_jpg.rf.fLsngQ9dR6k9RoparniT.jpg,g00931
train/other/0447-8lj58-Px0TU_jpg.rf.64nLUPRrWdQF4XcvBjIt.jpg,train,other,0447-8lj58-Px0TU_jpg.rf.64nLUPRrWdQF4XcvBjIt.jpg,g00932
train/other/04ab5725b230e3d3e76031f9cf1c95f9_jpg.rf.sW0yKmU1JuXlkjRgjCzV.jpg,train,other,04ab5725b230e3d3e76031f9cf1c95f9_jpg.rf.sW0yKmU1JuXlkjRgjCzV.jpg,g00933
train/other/0502-xxdTZFljIfw_jpg.rf.hrVBqs039DW4lQ64QeFU.jpg,train,other,0502-xxdTZFljIfw_jpg.rf.hrVBqs039DW4lQ64QeFU.jpg,g00934
train/other/0537-c6jEQZW2NOM_jpg.rf.cICOy911HjbH2AiDEp7a.jpg,train,other,0537-c6jEQZW2NOM_jpg.rf.cICOy911HjbH2AiDEp7a.jpg,g00935
train/other/0567-85oWUFWKez8_jpg.rf.KVj0BAbxkVZ1fsTUDlQc.jpg,train,other,0567-85oWUFWKez8_jpg.rf.KVj0BAbxkVZ1fsTUDlQc.jpg,g00936
train/other/0567-85oWUFWKez8_jpg.rf.dDmjMBO0Cm7U9xYLLJNu.jpg,train,other,0567-85oWUFWKez8_jpg.rf.dDmjMBO0Cm7U9xYLLJNu.jpg,g00937
train/other/0611-mHP1sTk2yAg_jpg.rf.4NF8Y2XCcUbP3lbsJ7kn.jpg,train,other,0611-mHP1sTk2yAg_jpg.rf.4NF8Y2XCcUbP3lbsJ7kn.jpg,g00938
train/other/0624-I8hYu24qC5I_jpg.rf.LPTy4zKLHC0r3w6zev04.jpg,train,other,0624-I8hYu24qC5I_jpg.rf.LPTy4zKLHC0r3w6zev04.jpg,g00939
train/other/0626-Wtqc78zzq3I_jpg.rf.BrvvkiWXwgFeTKdqRy5G.jpg,train,other,0626-Wtqc78zzq3I_jpg.rf.BrvvkiWXwgFeTKdqRy5G.jpg,g00940
train/other/0655-plAzmHbc6VE_jpg.rf.Wm9nxykPFmH1WxuYKyEu.jpg,train,other,0655-plAzmHbc6VE_jpg.rf.Wm9nxykPFmH1WxuYKyEu.jpg,g00941
train/other/0658-6XF5w5wcN_g_jpg.rf.pkdDqTxXg7iYMlKxItmS.jpg,train,other,0658-6XF5w5wcN_g_jpg.rf.pkdDqTxXg7iYMlKxItmS.jpg,g00942
train/other/0666-AgEERrPtLgA_jpg.rf.7ESnDWdSCk62O3lYuqkt.jpg,train,other,0666-AgEERrPtLgA_jpg.rf.7ESnDWdSCk62O3lYuqkt.jpg,g00943
train/other/0670-bvF7FyjdPTM_jpg.rf.vy1cDXKfOWKka74p2hne.jpg,train,other,0670-bvF7FyjdPTM_jpg.rf.vy1cDXKfOWKka74p2hne.jpg,g00944
train/other/0674-sBoCWJLs8uY_jpg.rf.XInvtJbl4YnjXRjuqIZP.jpg,train,other,0674-sBoCWJLs8uY_jpg.rf.XInvtJbl4YnjXRjuqIZP.jpg,g00945
train/other/0710-Lc2lnNHUqP8_jpg.rf.MSEQM4b8hrtHln7K1XGe.jpg,train,other,0710-Lc2lnNHUqP8_jpg.rf.MSEQM4b8hrtHln7K1XGe.jpg,g00946
train/other/0716-kSZXp5_fltQ_jpg.rf.pjyDEZoy74myqon00REN.jpg,train,other,0716-kSZXp5_fltQ_jpg.rf.pjyDEZoy74myqon00REN.jpg,g00947
train/other/0717-9MuSp4pGMWY_jpg.rf.lJwMiBTs2O28lhCe80Tx.jpg,train,other,0717-9MuSp4pGMWY_jpg.rf.lJwMiBTs2O28lhCe80Tx.jpg,g00948
train/other/0728-XOcH-bl46R0_jpg.rf.QjxpXVE7uc6ZxJKAhnET.jpg,train,other,0728-XOcH-bl46R0_jpg.rf.QjxpXVE7uc6ZxJKAhnET.jpg,g00949
train/other/0768-AVmcu7Jqr8_jpg.rf.HXzOW7B3AgjypUTdkMBT.jpg,train,other,0768-AVmcu7Jqr8_jpg.rf.HXzOW7B3AgjypUTdkMBT.jpg,g00950
train/other/0768-AVmcu7Jqr8_jpg.rf.ifhcYHmncdsPUZo4nREM.jpg,train,other,0768-AVmcu7Jqr8_jpg.rf.ifhcYHmncdsPUZo4nREM.jpg,g00951
train/other/0768-AVmcu7Jqr8_jpg.rf.pcPCeD1bJHWuzUDoOVxE.jpg,train,other,0768-AVmcu7Jqr8_jpg.rf.pcPCeD1bJHWuzUDoOVxE.jpg,g00952
train/other/0770-CtmcsbfWZLY_jpg.rf.G2sWDvFXa9wqwteB0bKv.jpg,train,other,0770-CtmcsbfWZLY_jpg.rf.G2sWDvFXa9wqwteB0bKv.jpg,g00953
train/other/0770-CtmcsbfWZLY_jpg.rf.q7rQi4a70NkXlZms0KtP.jpg,train,other,0770-CtmcsbfWZLY_jpg.rf.q7rQi4a70NkXlZms0KtP.jpg,g00954
train/other/0bc984c93228017f4727e0c852126f7d_jpg.rf.Y9h0xAd3syAibDilgZre.jpg,train,other,0bc984c93228017f4727e0c852126f7d_jpg.rf.Y9h0xAd3syAibDilgZre.jpg,g00955
train/other/0f210d552b92c7204442138de5151b55_jpg.rf.LbF41bEQlxfuuWqp5B4O.jpg,train,other,0f210d552b92c7204442138de5151b55_jpg.rf.LbF41bEQlxfuuWqp5B4O.jpg,g00956
train/other/1030_ykprNtnrzg_jpg.rf.4lnzkzk3m5j64SQGaaMk.jpg,train,other,1030_ykprNtnrzg_jpg.rf.4lnzkzk3m5j64SQGaaMk.jpg,g00957
train/other/1030_ykprNtnrzg_jpg.rf.5h69hndC2E21couE1oFC.jpg,train,other,1030_ykprNtnrzg_jpg.rf.5h69hndC2E21couE1oFC.jpg,g00958
train/other/1065-BTV0XTL8r2M_jpg.rf.OPmaMyUmihH5YXTuxaCg.jpg,train,other,1065-BTV0XTL8r2M_jpg.rf.OPmaMyUmihH5YXTuxaCg.jpg,g00959
train/other/1065-BTV0XTL8r2M_jpg.rf.S6CRNCwPLycHeMlIXXEz.jpg,train,other,1065-BTV0XTL8r2M_jpg.rf.S6CRNCwPLycHeMlIXXEz.jpg,g00960
train/other/1084-W9waicpPppI_jpg.rf.8snDTiWzBG3w8u0UG9oN.jpg,train,other,1084-W9waicpPppI_jpg.rf.8snDTiWzBG3w8u0UG9oN.jpg,g00961
train/other/1101-WMH1xzEznuY_jpg.rf.fYx8BXXDDw1mj9wAGQsf.jpg,train,other,1101-WMH1xzEznuY_jpg.rf.fYx8BXXDDw1mj9wAGQsf.jpg,g00962
train/other/1137-3J_oYC8fPvI_jpg.rf.QwCRnfm2UsbtJbhuo6DC.jpg,train,other,1137-3J_oYC8fPvI_jpg.rf.QwCRnfm2UsbtJbhuo6DC.jpg,g00963
train/other/1139-ZTx9fYs4VUk_jpg.rf.7EOc6nigLJAt5HFrdDV0.jpg,train,other,1139-ZTx9fYs4VUk_jpg.rf.7EOc6nigLJAt5HFrdDV0.jpg,g00964
train/other/1139-ZTx9fYs4VUk_jpg.rf.SMebp9NWV6T9p61rCRWr.jpg,train,other,1139-ZTx9fYs4VUk_jpg.rf.SMebp9NWV6T9p61rCRWr.jpg,g00965
train/other/1159-oSNxTbiOGPs_jpg.rf.CTvSmOayuJK0AWltBg8e.jpg,train,other,1159-oSNxTbiOGPs_jpg.rf.CTvSmOayuJK0AWltBg8e.jpg,g00966
train/other/1165-BFCBVXDmRNE_jpg.rf.VOdt6A2DbwQSO5DWM1zO.jpg,train,other,1165-BFCBVXDmRNE_jpg.rf.VOdt6A2DbwQSO5DWM1zO.jpg,g00967
train/other/1181-xl6lWeHCXxo_jpg.rf.Ekskjf5s9s3pJF1T0Mwu.jpg,train,other,1181-xl6lWeHCXxo_jpg.rf.Ekskjf5s9s3pJF1T0Mwu.jpg,g00968
train/other/1181-xl6lWeHCXxo_jpg.rf.gHzmX91Od0EDij9XCIv1.jpg,train,other,1181-xl6lWeHCXxo_jpg.rf.gHzmX91Od0EDij9XCIv1.jpg,g00969
train/other/1205-3h_tdwofZyE_jpg.rf.Ka3NFAPMSxcSLRjSqFFn.jpg,train,other,1205-3h_tdwofZyE_jpg.rf.Ka3NFAPMSxcSLRjSqFFn.jpg,g00970
train/other/1244-B_WWi7H_sA_jpg.rf.AXFRhmGa5eQggwfcc2W5.jpg,train,other,1244-B_WWi7H_sA_jpg.rf.AXFRhmGa5eQggwfcc2W5.jpg,g00971
train/other/1299-42enLcmtxQg_jpg.rf.V6y2559ByQmj69RxBO26.jpg,train,other,1299-42enLcmtxQg_jpg.rf.V6y2559ByQmj69RxBO26.jpg,g00972
train/other/1299-42enLcmtxQg_jpg.rf.ji1QveZ6Pm2VwDljguzq.jpg,train,other,1299-42enLcmtxQg_jpg.rf.ji1QveZ6Pm2VwDljguzq.jpg,g00973
train/other/1354-9eDYQ1fX1hk_jpg.rf.uxzvuybOlWkpZX5DCMSa.jpg,train,other,1354-9eDYQ1fX1hk_jpg.rf.uxzvuybOlWkpZX5DCMSa.jpg,g00974
train/other/1377-QvqfyLHM6GM_jpg.rf.nfqp0cpOWdk3ztIyaxGL.jpg,train,other,1377-QvqfyLHM6GM_jpg.rf.nfqp0cpOWdk3ztIyaxGL.jpg,g00975
train/other/1381-XBXb4WKj_dY_jpg.rf.z3QLYiQM6u7CD7YJWdZ1.jpg,train,other,1381-XBXb4WKj_dY_jpg.rf.z3QLYiQM6u7CD7YJWdZ1.jpg,g00976
train/other/1391-sDlvKTZhNVM_jpg.rf.PgEw1rAc7fmydiuI4pD7.jpg,train,other,1391-sDlvKTZhNVM_jpg.rf.PgEw1rAc7fmydiuI4pD7.jpg,g00977
train/other/1421-Xu4q19OQZIU_jpg.rf.UojOsqYMaVxI7yazAuov.jpg,train,other,1421-Xu4q19OQZIU_jpg.rf.UojOsqYMaVxI7yazAuov.jpg,g00978
train/other/1421-Xu4q19OQZIU_jpg.rf.h8iZ8X8hIRHI7CzsDfcS.jpg,train,other,1421-Xu4q19OQZIU_jpg.rf.h8iZ8X8hIRHI7CzsDfcS.jpg,g00979
train/other/1481-fkTRkmVShJo_jpg.rf.90asTdFhfHi9lfP3tMul.jpg,train,other,1481-fkTRkmVShJo_jpg.rf.90asTdFhfHi9lfP3tMul.jpg,g00980
train/other/1495-VJiD_y4uTbw_jpg.rf.4NpZPKz7aiZWKuWz892F.jpg,train,other,1495-VJiD_y4uTbw_jpg.rf.4NpZPKz7aiZWKuWz892F.jpg,g00981
train/other/1538-jDY-V52FMkU_jpg.rf.Xw1IN1CEboQNLX4794Yk.jpg,train,other,1538-jDY-V52FMkU_jpg.rf.Xw1IN1CEboQNLX4794Yk.jpg,g00982
train/other/1547-5Gxvyyj3m-w_jpg.rf.gb4edVnXhdGBQs6lecY9.jpg,train,other,1547-5Gxvyyj3m-w_jpg.rf.gb4edVnXhdGBQs6lecY9.jpg,g00983
train/other/1561-rlgeWm3U5I8_jpg.rf.h8kmBPJsCsDdL2MlZiIF.jpg,train,other,1561-rlgeWm3U5I8_jpg.rf.h8kmBPJsCsDdL2MlZiIF.jpg,g00984
train/other/1588-zxKZf4429yI_jpg.rf.FrYWMMClIBClDwGrgHxt.jpg,train,other,1588-zxKZf4429yI_jpg.rf.FrYWMMClIBClDwGrgHxt.jpg,g00985
train/other/1588-zxKZf4429yI_jpg.rf.UAnRN5rkUrFY074SMOkT.jpg,train,other,1588-zxKZf4429yI_jpg.rf.UAnRN5rkUrFY074SMOkT.jpg,g00986
train/other/15a8e5d7bc0011c973b3fa37e490bd7a_jpg.rf.hMW1DyrkrsyRh2BnFNPM.jpg,train,other,15a8e5d7bc0011c973b3fa37e490bd7a_jpg.rf.hMW1DyrkrsyRh2BnFNPM.jpg,g00987
train/other/1600-jmRuaCphygw_jpg.rf.xfGGnqpOnXuvd52N7ejI.jpg,train,other,1600-jmRuaCphygw_jpg.rf.xfGGnqpOnXuvd52N7ejI.jpg,g00988
train/other/1609-3vtS11IsSU0_jpg.rf.Gnjr5O2sGCzGH8lBS0cm.jpg,train,other,1609-3vtS11IsSU0_jpg.rf.Gnjr5O2sGCzGH8lBS0cm.jpg,g00989
train/other/1614-7xSWybUM7l0_jpg.rf.HlEbgp7wqwVWbYsKZWVY.jpg,train,other,1614-7xSWybUM7l0_jpg.rf.HlEbgp7wqwVWbYsKZWVY.jpg,g00990
train/other/1621-TysJ1W34klk_jpg.rf.2QMEieaUuOJ0pgKLu6aH.jpg,train,other,1621-TysJ1W34klk_jpg.rf.2QMEieaUuOJ0pgKLu6aH.jpg,g00991
train/other/1696-BWDKugpKq64_jpg.rf.T2vBq2ZDfhzZk3kuYld8.jpg,train,other,1696-BWDKugpKq64_jpg.rf.T2vBq2ZDfhzZk3kuYld8.jpg,g00992
train/other/1753-RVDosen40Bg_jpg.rf.Dvt6WNhvDlftYPg2YROU.jpg,train,other,1753-RVDosen40Bg_jpg.rf.Dvt6WNhvDlftYPg2YROU.jpg,g00993
train/other/1774-a3-hwa3FvfQ_jpg.rf.ji4DPay6qmD2QmQ2q5Gk.jpg,train,other,1774-a3-hwa3FvfQ_jpg.rf.ji4DPay6qmD2QmQ2q5Gk.jpg,g00994
train/other/1836-UH6jun2MyNU_jpg.rf.O3GiEMPHYz3rHIhYbTpu.jpg,train,other,1836-UH6jun2MyNU_jpg.rf.O3GiEMPHYz3rHIhYbTpu.jpg,g00995
train/other/1836-UH6jun2MyNU_jpg.rf.wZYT1o98iVr6CwCATFMV.jpg,train,other,1836-UH6jun2MyNU_jpg.rf.wZYT1o98iVr6CwCATFMV.jpg,g00996
train/other/1924-fyo7Kl4bfig_jpg.rf.aD4QJv4Po2m9NQ8aAVbQ.jpg,train,other,1924-fyo7Kl4bfig_jpg.rf.aD4QJv4Po2m9NQ8aAVbQ.jpg,g00997
train/other/1977-4LQfxtdrkKQ_jpg.rf.tyjvvY73pc59ypQkzaJ1.jpg,train,other,1977-4LQfxtdrkKQ_jpg.rf.tyjvvY73pc59ypQkzaJ1.jpg,g00998
train/other/20d4646247bd7033d6d76f64566f0052_jpg.rf.STcXbgmVdA8KaUFL4o3f.jpg,train,other,20d4646247bd7033d6d76f64566f0052_jpg.rf.STcXbgmVdA8KaUFL4o3f.jpg,g00999
train/other/2105-2S7R9IEqFeQ_jpg.rf.oqPpwLKIquhLFMfys3bE.jpg,train,other,2105-2S7R9IEqFeQ_jpg.rf.oqPpwLKIquhLFMfys3bE.jpg,g01000
train/other/2155-Lyyc2NGmz4c_jpg.rf.ItizQAUCzTLYj1Z4nKXT.jpg,train,other,2155-Lyyc2NGmz4c_jpg.rf.ItizQAUCzTLYj1Z4nKXT.jpg,g01001
train/other/2157-0UGcnqOh_DU_jpg.rf.KA7tfX39gd96xhBKBgOq.jpg,train,other,2157-0UGcnqOh_DU_jpg.rf.KA7tfX39gd96xhBKBgOq.jpg,g01002
train/other/2177-ZT0jLxf1GMs_jpg.rf.yY5lgbOdSmgneWcgY7f9.jpg,train,other,2177-ZT0jLxf1GMs_jpg.rf.yY5lgbOdSmgneWcgY7f9.jpg,g01003
train/other/2182-6zP7pV0EUlQ_jpg.rf.dSFclfWAiDseHTN2diY5.jpg,train,other,2182-6zP7pV0EUlQ_jpg.rf.dSFclfWAiDseHTN2diY5.jpg,g01004
train/other/26da1f8b744ccff35a3cba4026407b9d_jpg.rf.8S0MmlVVqXXcpfdwFjMs.jpg,train,other,26da1f8b744ccff35a3cba4026407b9d_jpg.rf.8S0MmlVVqXXcpfdwFjMs.jpg,g01005
train/other/2979-wbyrklebyy0_jpg.rf.RqhGXfgyd7JV7cxnusur.jpg,train,other,2979-wbyrklebyy0_jpg.rf.RqhGXfgyd7JV7cxnusur.jpg,g01006
train/other/2994-PkiC4VucYaI_jpg.rf.SD5byRhPEcu6MhGUbSRZ.jpg,train,other,2994-PkiC4VucYaI_jpg.rf.SD5byRhPEcu6MhGUbSRZ.jpg,g01007
train/other/2c85e63346ca13e1e1b1e54c92340a89_jpg.rf.74ap8FoeNUqpf6kuBBuv.jpg,train,other,2c85e63346ca13e1e1b1e54c92340a89_jpg.rf.74ap8FoeNUqpf6kuBBuv.jpg,g01008
train/other/2fc10b855b8df21d7fd215521728b577_jpg.rf.okTqxteJAUoc4qu4XRdH.jpg,train,other,2fc10b855b8df21d7fd215521728b577_jpg.rf.okTqxteJAUoc4qu4XRdH.jpg,g01009
train/other/30af1d1369816f5ef01f948452a0195d_jpg.rf.zo3FnJOOwM6Ezt8DtB2H.jpg,train,other,30af1d1369816f5ef01f948452a0195d_jpg.rf.zo3FnJOOwM6Ezt8DtB2H.jpg,g01010
train/other/3108-uvG-KYvlZFo_jpg.rf.6zHx1T3ZVMXDpkL9sYsA.jpg,train,other,3108-uvG-KYvlZFo_jpg.rf.6zHx1T3ZVMXDpkL9sYsA.jpg,g01011
train/other/3109-LDREJLa_icM_jpg.rf.EzvS9AdYiBbVOFzXcp8v.jpg,train,other,3109-LDREJLa_icM_jpg.rf.EzvS9AdYiBbVOFzXcp8v.jpg,g01012
train/other/3114-rl9BwBQJv9U_jpg.rf.DP70VAnaTtp0oRisaTRj.jpg,train,other,3114-rl9BwBQJv9U_jpg.rf.DP70VAnaTtp0oRisaTRj.jpg,g01013
train/other/3139-ytASZdDVrpQ_jpg.rf.FtN2tsGfSKdTkw49HlHo.jpg,train,other,3139-ytASZdDVrpQ_jpg.rf.FtN2tsGfSKdTkw49HlHo.jpg,g01014
train/other/3177-uaCap9HgRbM_jpg.rf.Mm5C9IDTahbalY07v66r.jpg,train,other,3177-uaCap9HgRbM_jpg.rf.Mm5C9IDTahbalY07v66r.jpg,g01015
train/other/3177-uaCap9HgRbM_jpg.rf.lC4rTBBbPjjVTF2bID0a.jpg,train,other,3177-uaCap9HgRbM_jpg.rf.lC4rTBBbPjjVTF2bID0a.jpg,g01016
train/other/317HcKXUPVs_jpg.rf.R8UhBmD75D3slBRTqwaM.jpg,train,other,317HcKXUPVs_jpg.rf.R8UhBmD75D3slBRTqwaM.jpg,g01017
train/other/3186-c9dRAR0_nE8_jpg.rf.n43RzlG2PrZw158XqTAI.jpg,train,other,3186-c9dRAR0_nE8_jpg.rf.n43RzlG2PrZw158XqTAI.jpg,g01018
train/other/3211-5L5crTsCpqg_jpg.rf.UB9VoLb2ji7NtIQ4bT7X.jpg,train,other,3211-5L5crTsCpqg_jpg.rf.UB9VoLb2ji7NtIQ4bT7X.jpg,g01019
train/other/3224-KQdvva2keSU_jpg.rf.5Q0KalI1LXwIQ4ENZ0EF.jpg,train,other,3224-KQdvva2keSU_jpg.rf.5Q0KalI1LXwIQ4ENZ0EF.jpg,g01020
train/other/3233-0wi5HvE0H34_jpg.rf.f9XiCqFWGcBOBDS9T3dH.jpg,train,other,3233-0wi5HvE0H34_jpg.rf.f9XiCqFWGcBOBDS9T3dH.jpg,g01021
train/other/3273-yoCVgT5wCDs_jpg.rf.4Rbz2OcmL8VYAUsknSYt.jpg,train,other,3273-yoCVgT5wCDs_jpg.rf.4Rbz2OcmL8VYAUsknSYt.jpg,g01022
train/other/3274-1ynq-hjl_1M_jpg.rf.QlWPbvU61nw0Vzvaydg1.jpg,train,other,3274-1ynq-hjl_1M_jpg.rf.QlWPbvU61nw0Vzvaydg1.jpg,g01023
train/other/38f9cde113502f28c513e4f93223e86f_jpg.rf.LdRdSyzz37X43EQovXD1.jpg,train,other,38f9cde113502f28c513e4f93223e86f_jpg.rf.LdRdSyzz37X43EQovXD1.jpg,g01024
train/other/3d1bc6285ea03f59e6aecefce1424aaf_jpg.rf.6cxzFGt5l38XQL1KXxCC.jpg,train,other,3d1bc6285ea03f59e6aecefce1424aaf_jpg.rf.6cxzFGt5l38XQL1KXxCC.jpg,g01025
train/other/3da195d0e61b1dfe670f7170de1ff582_jpg.rf.3nxJczi9FaG7hVkByhUW.jpg,train,other,3da195d0e61b1dfe670f7170de1ff582_jpg.rf.3nxJczi9FaG7hVkByhUW.jpg,g01026
train/other/40ab8a1be541621bb21685d24406ab26_jpg.rf.2lssmKf2OWFRtB81U7KA.jpg,train,other,40ab8a1be541621bb21685d24406ab26_jpg.rf.2lssmKf2OWFRtB81U7KA.jpg,g01027
train/other/438065128_1131683351211331_1845213034057261747_n_jpg.rf.Q90TBj7dl4kiDbqzYKLc.jpg,train,other,438065128_1131683351211331_1845213034057261747_n_jpg.rf.Q90TBj7dl4kiDbqzYKLc.jpg,g01028
train/other/4b2234a47e698f2f38dfef71285ecf3a_jpg.rf.fP1Fp8zWGpzmuqeE6vTY.jpg,train,other,4b2234a47e698f2f38dfef71285ecf3a_jpg.rf.fP1Fp8zWGpzmuqeE6vTY.jpg,g01029
train/other/4ddc9f56508d6bbc44da8283bf794832_jpg.rf.O9dPjbDOZSvWxTgMRflt.jpg,train,other,4ddc9f56508d6bbc44da8283bf794832_jpg.rf.O9dPjbDOZSvWxTgMRflt.jpg,g01030
train/other/50e4663e7cad6e71a18dd978c478590d_jpg.rf.aE2JWpJ10tQUNUYO7ac9.jpg,train,other,50e4663e7cad6e71a18dd978c478590d_jpg.rf.aE2JWpJ10tQUNUYO7ac9.jpg,g01031
train/other/56ec96192c803dbcb139a1f127f70aa8_jpg.rf.1a13ChjpGHGSNLYCQAJa.jpg,train,other,56ec96192c803dbcb139a1f127f70aa8_jpg.rf.1a13ChjpGHGSNLYCQAJa.jpg,g01032
train/other/59b0dc5c8f3af34a5919be93faabdbd3_jpg.rf.rrlrEQp2lR1a5vKeRPpn.jpg,train,other,59b0dc5c8f3af34a5919be93faabdbd3_jpg.rf.rrlrEQp2lR1a5vKeRPpn.jpg,g01033
train/other/5ef74787ad831a21f06d8ceed8e52ac7_jpg.rf.dElferbd6Y8DcEgMa8KP.jpg,train,other,5ef74787ad831a21f06d8ceed8e52ac7_jpg.rf.dElferbd6Y8DcEgMa8KP.jpg,g01034
train/other/5f5c9d5060d709b62cdd4fb228c36eac_jpg.rf.ffpc6GTlieDCe1kmMEBa.jpg,train,other,5f5c9d5060d709b62cdd4fb228c36eac_jpg.rf.ffpc6GTlieDCe1kmMEBa.jpg,g01035
train/other/6a4cf74fbd8d1b48755f31aeffed91c9_jpg.rf.xGAoh3fq6kKf3VCtTf6z.jpg,train,other,6a4cf74fbd8d1b48755f31aeffed91c9_jpg.rf.xGAoh3fq6kKf3VCtTf6z.jpg,g01036
train/other/6ff22b4fdacac179f2d239629c06541e_jpg.rf.Blll6O8IPUHqtxD1fNDh.jpg,train,other,6ff22b4fdacac179f2d239629c06541e_jpg.rf.Blll6O8IPUHqtxD1fNDh.jpg,g01037
train/other/78a8cfa08a4086616ef910ccd8614c94_jpg.rf.wtS4KeWjmaooMTLcLfsI.jpg,train,other,78a8cfa08a4086616ef910ccd8614c94_jpg.rf.wtS4KeWjmaooMTLcLfsI.jpg,g01038
train/other/8c9130046d4b6d8c692d51252ba5e662_jpg.rf.cqsnhCdJyZTYeAbFsBo0.jpg,train,other,8c9130046d4b6d8c692d51252ba5e662_jpg.rf.cqsnhCdJyZTYeAbFsBo0.jpg,g01039
train/other/99cf57fdf0371ddc1ef01ee714182e0b_jpg.rf.8NzburljqHRbF1XrkMMy.jpg,train,other,99cf57fdf0371ddc1ef01ee714182e0b_jpg.rf.8NzburljqHRbF1XrkMMy.jpg,g01040
train/other/9d1f14e8fa8d5439b8e2b805c486bfe4_jpg.rf.nPwwgXSqQ8pSu7Qq2VSG.jpg,train,other,9d1f14e8fa8d5439b8e2b805c486bfe4_jpg.rf.nPwwgXSqQ8pSu7Qq2VSG.jpg,g01041
train/other/COCO_train2014_000000000009_jpg.rf.a09ZUOYISFFDNf8bp4M8.jpg,train,other,COCO_train2014_000000000009_jpg.rf.a09ZUOYISFFDNf8bp4M8.jpg,g01042
train/other/COCO_train2014_000000000025_jpg.rf.CUcDUkCwwes15rLMQupV.jpg,train,other,COCO_train2014_000000000025_jpg.rf.CUcDUkCwwes15rLMQupV.jpg,g01043
train/other/COCO_train2014_000000000030_jpg.rf.lkbxJeXKVlA0yFCBsPms.jpg,train,other,COCO_train2014_000000000030_jpg.rf.lkbxJeXKVlA0yFCBsPms.jpg,g01044
train/other/COCO_train2014_000000000034_jpg.rf.F2a3bSGBrZbxnXkOxO4o.jpg,train,other,COCO_train2014_000000000034_jpg.rf.F2a3bSGBrZbxnXkOxO4o.jpg,g01045
train/other/COCO_train2014_000000000061_jpg.rf.IhsnACLGnw4TGxHYuB3N.jpg,train,other,COCO_train2014_000000000061_jpg.rf.IhsnACLGnw4TGxHYuB3N.jpg,g01046
train/other/COCO_train2014_000000000064_jpg.rf.DHWjoLlcS0u7eJJa9Dot.jpg,train,other,COCO_train2014_000000000064_jpg.rf.DHWjoLlcS0u7eJJa9Dot.jpg,g01047
train/other/COCO_train2014_000000000081_jpg.rf.HXuktcM0hp1aUKD6uZBq.jpg,train,other,COCO_train2014_000000000081_jpg.rf.HXuktcM0hp1aUKD6uZBq.jpg,g01048
train/other/COCO_train2014_000000000086_jpg.rf.Zedn27eI7i31t7KRYA5r.jpg,train,other,COCO_train2014_000000000086_jpg.rf.Zedn27eI7i31t7KRYA5r.jpg,g01049
train/other/COCO_train2014_000000000089_jpg.rf.UkOtp6OW1bWXtSfwIbOy.jpg,train,other,COCO_train2014_000000000089_jpg.rf.UkOtp6OW1bWXtSfwIbOy.jpg,g01050
train/other/COCO_train2014_000000000092_jpg.rf.oSaBNbJbBILJkeSDmlzQ.jpg,train,other,COCO_train2014_000000000092_jpg.rf.oSaBNbJbBILJkeSDmlzQ.jpg,g01051
train/other/COCO_train2014_000000000094_jpg.rf.18fdDEdbfZlr5F00nCd2.jpg,train,other,COCO_train2014_000000000094_jpg.rf.18fdDEdbfZlr5F00nCd2.jpg,g01052
train/other/COCO_train2014_000000000151_jpg.rf.lJVuUPuCcNl4KABq8Bhg.jpg,train,other,COCO_train2014_000000000151_jpg.rf.lJVuUPuCcNl4KABq8Bhg.jpg,g01053
train/other/COCO_train2014_000000000165_jpg.rf.qCwWJpfpLiLSXPfRKAuF.jpg,train,other,COCO_train2014_000000000165_jpg.rf.qCwWJpfpLiLSXPfRKAuF.jpg,g01054
train/other/COCO_train2014_000000000250_jpg.rf.hSPlf5H8f4fYX8CFuf52.jpg,train,other,COCO_train2014_000000000250_jpg.rf.hSPlf5H8f4fYX8CFuf52.jpg,g01055
train/other/COCO_train2014_000000000260_jpg.rf.VWs3gwstfq2AN9l27NAW.jpg,train,other,COCO_train2014_000000000260_jpg.rf.VWs3gwstfq2AN9l27NAW.jpg,g01056
train/other/COCO_train2014_000000000307_jpg.rf.rOdZ85KAzIVU7pDdt3iW.jpg,train,other,COCO_train2014_000000000307_jpg.rf.rOdZ85KAzIVU7pDdt3iW.jpg,g01057
train/other/COCO_train2014_000000000349_jpg.rf.GhEkTB4nEgvqG6T4A5gY.jpg,train,other,COCO_train2014_000000000349_jpg.rf.GhEkTB4nEgvqG6T4A5gY.jpg,g01058
train/other/COCO_train2014_000000000368_jpg.rf.bVKK9b7MzuBvh6KWpKNR.jpg,train,other,COCO_train2014_000000000368_jpg.rf.bVKK9b7MzuBvh6KWpKNR.jpg,g01059
train/other/COCO_train2014_000000000370_jpg.rf.ytTCb97EoQgeUYGZJ77k.jpg,train,other,COCO_train2014_000000000370_jpg.rf.ytTCb97EoQgeUYGZJ77k.jpg,g01060
train/other/COCO_train2014_000000000389_jpg.rf.utkyQCtdnB8OSAkh3Qp5.jpg,train,other,COCO_train2014_000000000389_jpg.rf.utkyQCtdnB8OSAkh3Qp5.jpg,g01061
train/other/COCO_train2014_000000000394_jpg.rf.6tP5MTz0qbl8b8YSqLf9.jpg,train,other,COCO_train2014_000000000394_jpg.rf.6tP5MTz0qbl8b8YSqLf9.jpg,g01062
train/other/COCO_train2014_000000000404_jpg.rf.nI2oVoxuUdTJTGMXoNmO.jpg,train,other,COCO_train2014_000000000404_jpg.rf.nI2oVoxuUdTJTGMXoNmO.jpg,g01063
train/other/COCO_train2014_000000000419_jpg.rf.HekNEMH7ZndfLfGtYmla.jpg,train,other,COCO_train2014_000000000419_jpg.rf.HekNEMH7ZndfLfGtYmla.jpg,g01064
train/other/COCO_train2014_000000000431_jpg.rf.oBPHmELrLwrRLHJGLrc2.jpg,train,other,COCO_train2014_000000000431_jpg.rf.oBPHmELrLwrRLHJGLrc2.jpg,g01065
train/other/COCO_train2014_000000000443_jpg.rf.5xUEiII7zZmLmHSw8U3j.jpg,train,other,COCO_train2014_000000000443_jpg.rf.5xUEiII7zZmLmHSw8U3j.jpg,g01066
train/other/COCO_train2014_000000000446_jpg.rf.z6gyXFfws4aHU7CqgMpu.jpg,train,other,COCO_train2014_000000000446_jpg.rf.z6gyXFfws4aHU7CqgMpu.jpg,g01067
train/other/COCO_train2014_000000000471_jpg.rf.ZD8yeTu9IC9C3Zl3AhZy.jpg,train,other,COCO_train2014_000000000471_jpg.rf.ZD8yeTu9IC9C3Zl3AhZy.jpg,g01068
train/other/COCO_train2014_000000000490_jpg.rf.GDMuYf5m7A3B8LCCoYMW.jpg,train,other,COCO_train2014_000000000490_jpg.rf.GDMuYf5m7A3B8LCCoYMW.jpg,g01069
train/other/COCO_train2014_000000000491_jpg.rf.HSqtZ7JRs6KuwdyBLX4a.jpg,train,other,COCO_train2014_000000000491_jpg.rf.HSqtZ7JRs6KuwdyBLX4a.jpg,g01070
train/other/COCO_train2014_000000000510_jpg.rf.RQuXrrQO7LHEKoDxCWW4.jpg,train,other,COCO_train2014_000000000510_jpg.rf.RQuXrrQO7LHEKoDxCWW4.jpg,g01071
train/other/COCO_train2014_000000000514_jpg.rf.6kNpNVb6eDLFEiQQyTQr.jpg,train,other,COCO_train2014_000000000514_jpg.rf.6kNpNVb6eDLFEiQQyTQr.jpg,g01072
train/other/COCO_train2014_000000000529_jpg.rf.NVdBPEc9Ny1MGLHDVOut.jpg,train,other,COCO_train2014_000000000529_jpg.rf.NVdBPEc9Ny1MGLHDVOut.jpg,g01073
train/other/COCO_train2014_000000000531_jpg.rf.XdvtX67GYkt7CIg7YjYg.jpg,train,other,COCO_train2014_000000000531_jpg.rf.XdvtX67GYkt7CIg7YjYg.jpg,g01074
train/other/COCO_train2014_000000000542_jpg.rf.AyRAUyRejKdpLm9FNF6f.jpg,train,other,COCO_train2014_000000000542_jpg.rf.AyRAUyRejKdpLm9FNF6f.jpg,g01075
train/other/COCO_train2014_000000000560_jpg.rf.LCgmzsRWSwttQ343H0Ia.jpg,train,other,COCO_train2014_000000000560_jpg.rf.LCgmzsRWSwttQ343H0Ia.jpg,g01076
train/other/COCO_train2014_000000000562_jpg.rf.z6FROHVpaOUgWf6IbdW3.jpg,train,other,COCO_train2014_000000000562_jpg.rf.z6FROHVpaOUgWf6IbdW3.jpg,g01077
train/other/COCO_train2014_000000000572_jpg.rf.2T5MNS0EF1bAMHs3ElnE.jpg,train,other,COCO_train2014_000000000572_jpg.rf.2T5MNS0EF1bAMHs3ElnE.jpg,g01078
train/other/COCO_train2014_000000000575_jpg.rf.PiiXyDS0f2lsNyaY4u3x.jpg,train,other,COCO_train2014_000000000575_jpg.rf.PiiXyDS0f2lsNyaY4u3x.jpg,g01079
train/other/COCO_train2014_000000000581_jpg.rf.Uxzp6MDqWz7Hk3EovT7y.jpg,train,other,COCO_train2014_000000000581_jpg.rf.Uxzp6MDqWz7Hk3EovT7y.jpg,g01080
train/other/COCO_train2014_000000000595_jpg.rf.q14EAK4Fv0xJRp6g3B9k.jpg,train,other,COCO_train2014_000000000595_jpg.rf.q14EAK4Fv0xJRp6g3B9k.jpg,g01081
train/other/COCO_train2014_000000000597_jpg.rf.zDXYTi6TjGgOWNFyiIX4.jpg,train,other,COCO_train2014_000000000597_jpg.rf.zDXYTi6TjGgOWNFyiIX4.jpg,g01082
train/other/COCO_train2014_000000000605_jpg.rf.erz4YMmsMMuMrtjQGLeD.jpg,train,other,COCO_train2014_000000000605_jpg.rf.erz4YMmsMMuMrtjQGLeD.jpg,g01083
train/other/COCO_train2014_000000000620_jpg.rf.HJFok0oAb2mxS3tuHRRv.jpg,train,other,COCO_train2014_000000000620_jpg.rf.HJFok0oAb2mxS3tuHRRv.jpg,g01084
train/other/COCO_train2014_000000000625_jpg.rf.ebSKHfKMBsuuiApYQNp0.jpg,train,other,COCO_train2014_000000000625_jpg.rf.ebSKHfKMBsuuiApYQNp0.jpg,g01085
train/other/COCO_train2014_000000000634_jpg.rf.ElaxOlQMiayqk5Smrmrt.jpg,train,other,COCO_train2014_000000000634_jpg.rf.ElaxOlQMiayqk5Smrmrt.jpg,g01086
train/other/COCO_train2014_000000000670_jpg.rf.FtkD508EvurOzItqJQnv.jpg,train,other,COCO_train2014_000000000670_jpg.rf.FtkD508EvurOzItqJQnv.jpg,g01087
train/other/COCO_train2014_000000000690_jpg.rf.CiANF6gM0KoalOiMF2eC.jpg,train,other,COCO_train2014_000000000690_jpg.rf.CiANF6gM0KoalOiMF2eC.jpg,g01088
train/other/COCO_train2014_000000000722_jpg.rf.iYRptg9QLVpXXbe6dB5v.jpg,train,other,COCO_train2014_000000000722_jpg.rf.iYRptg9QLVpXXbe6dB5v.jpg,g01089
train/other/COCO_train2014_000000000723_jpg.rf.vCHR0QEfLCIgMC3KekDo.jpg,train,other,COCO_train2014_000000000723_jpg.rf.vCHR0QEfLCIgMC3KekDo.jpg,g01090
train/other/COCO_train2014_000000000731_jpg.rf.9glYmeXYUlTQGdOENWAk.jpg,train,other,COCO_train2014_000000000731_jpg.rf.9glYmeXYUlTQGdOENWAk.jpg,g01091
train/other/COCO_train2014_000000000753_jpg.rf.z4zTQEnF1ba9mQgnpoYe.jpg,train,other,COCO_train2014_000000000753_jpg.rf.z4zTQEnF1ba9mQgnpoYe.jpg,g01092
train/other/COCO_train2014_000000000762_jpg.rf.FJusUGCs7YwfWs9rwaOz.jpg,train,other,COCO_train2014_000000000762_jpg.rf.FJusUGCs7YwfWs9rwaOz.jpg,g01093
train/other/COCO_train2014_000000000781_jpg.rf.NXRMuuLG8GA4ndyomaOt.jpg,train,other,COCO_train2014_000000000781_jpg.rf.NXRMuuLG8GA4ndyomaOt.jpg,g01094
train/other/COCO_train2014_000000000790_jpg.rf.VX1UyH1fmJGewp3YvFbN.jpg,train,other,COCO_train2014_000000000790_jpg.rf.VX1UyH1fmJGewp3YvFbN.jpg,g01095
train/other/COCO_train2014_000000000795_jpg.rf.rfkDjFKIzdHnZzZJCJHF.jpg,train,other,COCO_train2014_000000000795_jpg.rf.rfkDjFKIzdHnZzZJCJHF.jpg,g01096
train/other/COCO_train2014_000000000797_jpg.rf.3Ey14vPOFnET5EFvZCrp.jpg,train,other,COCO_train2014_000000000797_jpg.rf.3Ey14vPOFnET5EFvZCrp.jpg,g01097
train/other/COCO_train2014_000000000813_jpg.rf.RlnjzX56ZuNrIvgbyLMR.jpg,train,other,COCO_train2014_000000000813_jpg.rf.RlnjzX56ZuNrIvgbyLMR.jpg,g01098
train/other/COCO_train2014_000000000821_jpg.rf.cFREyi8ABvvX4S7pDD3v.jpg,train,other,COCO_train2014_000000000821_jpg.rf.cFREyi8ABvvX4S7pDD3v.jpg,g01099
train/other/COCO_train2014_000000000825_jpg.rf.tByQRL3wXTvzBXNJIyQF.jpg,train,other,COCO_train2014_000000000825_jpg.rf.tByQRL3wXTvzBXNJIyQF.jpg,g01100
train/other/COCO_train2014_000000000853_jpg.rf.BboqBlCWjMOGTAGQnbkK.jpg,train,other,COCO_train2014_000000000853_jpg.rf.BboqBlCWjMOGTAGQnbkK.jpg,g01101
train/other/COCO_train2014_000000000882_jpg.rf.3Pui86xeIf44fTqgojiB.jpg,train,other,COCO_train2014_000000000882_jpg.rf.3Pui86xeIf44fTqgojiB.jpg,g01102
train/other/COCO_train2014_000000000897_jpg.rf.FpIxgjix7U9KcLAFr8Lq.jpg,train,other,COCO_train2014_000000000897_jpg.rf.FpIxgjix7U9KcLAFr8Lq.jpg,g01103
train/other/COCO_train2014_000000000901_jpg.rf.fUX6FLTM0Gz8PDLVB8DA.jpg,train,other,COCO_train2014_000000000901_jpg.rf.fUX6FLTM0Gz8PDLVB8DA.jpg,g01104
train/other/COCO_train2014_000000000908_jpg.rf.JTPtDnyakFI8o00BIm1P.jpg,train,other,COCO_train2014_000000000908_jpg.rf.JTPtDnyakFI8o00BIm1P.jpg,g01105
train/other/COCO_train2014_000000000909_jpg.rf.RpyN60iNO7ZHowWy4esh.jpg,train,other,COCO_train2014_000000000909_jpg.rf.RpyN60iNO7ZHowWy4esh.jpg,g01106
train/other/COCO_train2014_000000000941_jpg.rf.b2cTq01MuNrFRsFOiFPo.jpg,train,other,COCO_train2014_000000000941_jpg.rf.b2cTq01MuNrFRsFOiFPo.jpg,g01107
train/other/COCO_train2014_000000000943_jpg.rf.gXnwEK0mJLDxkyAJqCPN.jpg,train,other,COCO_train2014_000000000943_jpg.rf.gXnwEK0mJLDxkyAJqCPN.jpg,g01108
train/other/COCO_train2014_000000000955_jpg.rf.V5DQXO9DAfPXwvVQMijE.jpg,train,other,COCO_train2014_000000000955_jpg.rf.V5DQXO9DAfPXwvVQMijE.jpg,g01109
train/other/COCO_train2014_000000000960_jpg.rf.e6EMHj819RPrtTU6XesG.jpg,train,other,COCO_train2014_000000000960_jpg.rf.e6EMHj819RPrtTU6XesG.jpg,g01110
train/other/COCO_train2014_000000000965_jpg.rf.2rqOt91yKbHCp9m7x7za.jpg,train,other,COCO_train2014_000000000965_jpg.rf.2rqOt91yKbHCp9m7x7za.jpg,g01111
train/other/COCO_train2014_000000000977_jpg.rf.nJjxuKFSmXojDqUzoCKR.jpg,train,other,COCO_train2014_000000000977_jpg.rf.nJjxuKFSmXojDqUzoCKR.jpg,g01112
train/other/COCO_train2014_000000000982_jpg.rf.0GdXTBKRBQUg2WhodbmF.jpg,train,other,COCO_train2014_000000000982_jpg.rf.0GdXTBKRBQUg2WhodbmF.jpg,g01113
train/other/COCO_train2014_000000000984_jpg.rf.OAJ0rfoQvFpsToacCbbx.jpg,train,other,COCO_train2014_000000000984_jpg.rf.OAJ0rfoQvFpsToacCbbx.jpg,g01114
train/other/COCO_train2014_000000000996_jpg.rf.iBCBbgY81drxX6hQFpZy.jpg,train,other,COCO_train2014_000000000996_jpg.rf.iBCBbgY81drxX6hQFpZy.jpg,g01115
train/other/COCO_train2014_000000001006_jpg.rf.CGTfcGGnQdIEoDkcqKXH.jpg,train,other,COCO_train2014_000000001006_jpg.rf.CGTfcGGnQdIEoDkcqKXH.jpg,g01116
train/other/COCO_train2014_000000001014_jpg.rf.Lk59YSkEQVCVFEr7MJ8m.jpg,train,other,COCO_train2014_000000001014_jpg.rf.Lk59YSkEQVCVFEr7MJ8m.jpg,g01117
train/other/COCO_train2014_000000001025_jpg.rf.nrgfPCA3glxWkfRq7TlV.jpg,train,other,COCO_train2014_000000001025_jpg.rf.nrgfPCA3glxWkfRq7TlV.jpg,g01118
train/other/COCO_train2014_000000001036_jpg.rf.RRyR3rVs26UN5zpongXC.jpg,train,other,COCO_train2014_000000001036_jpg.rf.RRyR3rVs26UN5zpongXC.jpg,g01119
train/other/COCO_train2014_000000001053_jpg.rf.NqB9TH7AOR70RtpnkCYC.jpg,train,other,COCO_train2014_000000001053_jpg.rf.NqB9TH7AOR70RtpnkCYC.jpg,g01120
train/other/COCO_train2014_000000001072_jpg.rf.tfRRyvH1xzD1J4xUZduy.jpg,train,other,COCO_train2014_000000001072_jpg.rf.tfRRyvH1xzD1J4xUZduy.jpg,g01121
train/other/COCO_train2014_000000001085_jpg.rf.BNjVH3IvWZasV5gzrERt.jpg,train,other,COCO_train2014_000000001085_jpg.rf.BNjVH3IvWZasV5gzrERt.jpg,g01122
train/other/COCO_train2014_000000001098_jpg.rf.aYwCIGMQeWcZqv1aNO2C.jpg,train,other,COCO_train2014_000000001098_jpg.rf.aYwCIGMQeWcZqv1aNO2C.jpg,g01123
train/other/COCO_train2014_000000001102_jpg.rf.3yCJO0PhQ7b1f2Nwfoo3.jpg,train,other,COCO_train2014_000000001102_jpg.rf.3yCJO0PhQ7b1f2Nwfoo3.jpg,g01124
train/other/COCO_train2014_000000001107_jpg.rf.c1CQRPOyugJ3LVnNNoNA.jpg,train,other,COCO_train2014_000000001107_jpg.rf.c1CQRPOyugJ3LVnNNoNA.jpg,g01125
train/other/COCO_train2014_000000001108_jpg.rf.B7oUPE2Ki8zmW5NYJk3f.jpg,train,other,COCO_train2014_000000001108_jpg.rf.B7oUPE2Ki8zmW5NYJk3f.jpg,g01126
train/other/COCO_train2014_000000001111_jpg.rf.oVIHWDaf6CNe39e47oRR.jpg,train,other,COCO_train2014_000000001111_jpg.rf.oVIHWDaf6CNe39e47oRR.jpg,g01127
train/other/COCO_train2014_000000001122_jpg.rf.FWtBkM8H7EPdCF0dru7c.jpg,train,other,COCO_train2014_000000001122_jpg.rf.FWtBkM8H7EPdCF0dru7c.jpg,g01128
train/other/COCO_train2014_000000001145_jpg.rf.9gJnXsp3KpAEk0DVjadz.jpg,train,other,COCO_train2014_000000001145_jpg.rf.9gJnXsp3KpAEk0DVjadz.jpg,g01129
train/other/COCO_train2014_000000001155_jpg.rf.fu1xIEHJ3MefKOo0nA51.jpg,train,other,COCO_train2014_000000001155_jpg.rf.fu1xIEHJ3MefKOo0nA51.jpg,g01130
train/other/COCO_train2014_000000001166_jpg.rf.4OQjaTtiKO3DrCUb05vS.jpg,train,other,COCO_train2014_000000001166_jpg.rf.4OQjaTtiKO3DrCUb05vS.jpg,g01131
train/other/COCO_train2014_000000001213_jpg.rf.BAvwvhxUdhhTWgSY4BL3.jpg,train,other,COCO_train2014_000000001213_jpg.rf.BAvwvhxUdhhTWgSY4BL3.jpg,g01132
train/other/COCO_train2014_000000001216_jpg.rf.pdTMoFoMqSudiORhVaTH.jpg,train,other,COCO_train2014_000000001216_jpg.rf.pdTMoFoMqSudiORhVaTH.jpg,g01133
train/other/COCO_train2014_000000001224_jpg.rf.7DonN7aKx0H7arCkDSpc.jpg,train,other,COCO_train2014_000000001224_jpg.rf.7DonN7aKx0H7arCkDSpc.jpg,g01134
train/other/COCO_train2014_000000001264_jpg.rf.oMU0dKhc3canrZSsHN8R.jpg,train,other,COCO_train2014_000000001264_jpg.rf.oMU0dKhc3canrZSsHN8R.jpg,g01135
train/other/COCO_train2014_000000001271_jpg.rf.PGUWUBjVT8PrRiwHk4xk.jpg,train,other,COCO_train2014_000000001271_jpg.rf.PGUWUBjVT8PrRiwHk4xk.jpg,g01136
train/other/COCO_train2014_000000001282_jpg.rf.QEKQBnPz1i2JID1TSBou.jpg,train,other,COCO_train2014_000000001282_jpg.rf.QEKQBnPz1i2JID1TSBou.jpg,g01137
train/other/COCO_train2014_000000001295_jpg.rf.5DvQECX3zuVLr8BtBZjt.jpg,train,other,COCO_train2014_000000001295_jpg.rf.5DvQECX3zuVLr8BtBZjt.jpg,g01138
train/other/COCO_train2014_000000001298_jpg.rf.PufxxfeHCe0DYvcKH1JP.jpg,train,other,COCO_train2014_000000001298_jpg.rf.PufxxfeHCe0DYvcKH1JP.jpg,g01139
train/other/COCO_train2014_000000001306_jpg.rf.fcyVWRkDgEokNMYMVKVY.jpg,train,other,COCO_train2014_000000001306_jpg.rf.fcyVWRkDgEokNMYMVKVY.jpg,g01140
train/other/COCO_train2014_000000001307_jpg.rf.p3uDWoRZlY27LMmtGiEV.jpg,train,other,COCO_train2014_000000001307_jpg.rf.p3uDWoRZlY27LMmtGiEV.jpg,g01141
train/other/COCO_train2014_000000001319_jpg.rf.IBQNKvsA8pTLhXZpeFd1.jpg,train,other,COCO_train2014_000000001319_jpg.rf.IBQNKvsA8pTLhXZpeFd1.jpg,g01142
train/other/COCO_train2014_000000001323_jpg.rf.X3tpReCNadBOgWSFdcNP.jpg,train,other,COCO_train2014_000000001323_jpg.rf.X3tpReCNadBOgWSFdcNP.jpg,g01143
train/other/COCO_train2014_000000001332_jpg.rf.qLdVX1p2q626XMznkWmG.jpg,train,other,COCO_train2014_000000001332_jpg.rf.qLdVX1p2q626XMznkWmG.jpg,g01144
train/other/COCO_train2014_000000001350_jpg.rf.ucWMN61eSm0VS6Ehg0bs.jpg,train,other,COCO_train2014_000000001350_jpg.rf.ucWMN61eSm0VS6Ehg0bs.jpg,g01145
train/other/COCO_train2014_000000001355_jpg.rf.CWPbm8qK6jXTw0YEv6YP.jpg,train,other,COCO_train2014_000000001355_jpg.rf.CWPbm8qK6jXTw0YEv6YP.jpg,g01146
train/other/COCO_train2014_000000001359_jpg.rf.xRM9W6MOfA1jXeAlFzg2.jpg,train,other,COCO_train2014_000000001359_jpg.rf.xRM9W6MOfA1jXeAlFzg2.jpg,g01147
train/other/COCO_train2014_000000001360_jpg.rf.4QEFBuX3Yo8tEFobXwIH.jpg,train,other,COCO_train2014_000000001360_jpg.rf.4QEFBuX3Yo8tEFobXwIH.jpg,g01148
train/other/COCO_train2014_000000001366_jpg.rf.cE9lQQ2KsijI8Xzpc7xS.jpg,train,other,COCO_train2014_000000001366_jpg.rf.cE9lQQ2KsijI8Xzpc7xS.jpg,g01149
train/other/COCO_train2014_000000001381_jpg.rf.918IwEcn7VUjJZzbgXtF.jpg,train,other,COCO_train2014_000000001381_jpg.rf.918IwEcn7VUjJZzbgXtF.jpg,g01150
train/other/COCO_train2014_000000001386_jpg.rf.A6uJJgPcMKfh3618SZz2.jpg,train,other,COCO_train2014_000000001386_jpg.rf.A6uJJgPcMKfh3618SZz2.jpg,g01151
train/other/COCO_train2014_000000001392_jpg.rf.5PQpzhAR2kBmWhut8KhT.jpg,train,other,COCO_train2014_000000001392_jpg.rf.5PQpzhAR2kBmWhut8KhT.jpg,g01152
train/other/COCO_train2014_000000001397_jpg.rf.S1yrflR9oZMv5R0aS2hS.jpg,train,other,COCO_train2014_000000001397_jpg.rf.S1yrflR9oZMv5R0aS2hS.jpg,g01153
train/other/COCO_train2014_000000001424_jpg.rf.tNv42Wa39jq4sgni9mo6.jpg,train,other,COCO_train2014_000000001424_jpg.rf.tNv42Wa39jq4sgni9mo6.jpg,g01154
train/other/COCO_train2014_000000001472_jpg.rf.TTieZXn3zUfxXbUp49pu.jpg,train,other,COCO_train2014_000000001472_jpg.rf.TTieZXn3zUfxXbUp49pu.jpg,g01155
train/other/COCO_train2014_000000001497_jpg.rf.MmuCp7txDYO6AHLm9c9h.jpg,train,other,COCO_train2014_000000001497_jpg.rf.MmuCp7txDYO6AHLm9c9h.jpg,g01156
train/other/COCO_train2014_000000001501_jpg.rf.PfDcYKqb2ZSREZUDhiXA.jpg,train,other,COCO_train2014_000000001501_jpg.rf.PfDcYKqb2ZSREZUDhiXA.jpg,g01157
train/other/COCO_train2014_000000001505_jpg.rf.kzGjlAqIEY6QtSZfQV9h.jpg,train,other,COCO_train2014_000000001505_jpg.rf.kzGjlAqIEY6QtSZfQV9h.jpg,g01158
train/other/COCO_train2014_000000001507_jpg.rf.kUidzfpvEgFjsAAMkUoY.jpg,train,other,COCO_train2014_000000001507_jpg.rf.kUidzfpvEgFjsAAMkUoY.jpg,g01159
train/other/COCO_train2014_000000001518_jpg.rf.NzMtiDmAmsQrdvjPSyia.jpg,train,other,COCO_train2014_000000001518_jpg.rf.NzMtiDmAmsQrdvjPSyia.jpg,g01160
train/other/COCO_train2014_000000001558_jpg.rf.rKPTOBJE1WtqwK8RK0oy.jpg,train,other,COCO_train2014_000000001558_jpg.rf.rKPTOBJE1WtqwK8RK0oy.jpg,g01161
train/other/COCO_train2014_000000001569_jpg.rf.Q9DFgOw7umQNrr6q8e0E.jpg,train,other,COCO_train2014_000000001569_jpg.rf.Q9DFgOw7umQNrr6q8e0E.jpg,g01162
train/other/COCO_train2014_000000001579_jpg.rf.p8iSSvsd62oDeZVKwQxX.jpg,train,other,COCO_train2014_000000001579_jpg.rf.p8iSSvsd62oDeZVKwQxX.jpg,g01163
train/other/COCO_train2014_000000001586_jpg.rf.HZK7Mw9IzZqc1lA62uq3.jpg,train,other,COCO_train2014_000000001586_jpg.rf.HZK7Mw9IzZqc1lA62uq3.jpg,g01164
train/other/COCO_train2014_000000001596_jpg.rf.qu6pwIR4oBuBzuMQDutk.jpg,train,other,COCO_train2014_000000001596_jpg.rf.qu6pwIR4oBuBzuMQDutk.jpg,g01165
train/other/COCO_train2014_000000001611_jpg.rf.cGUSym2PRIOkjnepvFEJ.jpg,train,other,COCO_train2014_000000001611_jpg.rf.cGUSym2PRIOkjnepvFEJ.jpg,g01166
train/other/COCO_train2014_000000001625_jpg.rf.5UasD0QbaFNI8qVvPJZ4.jpg,train,other,COCO_train2014_000000001625_jpg.rf.5UasD0QbaFNI8qVvPJZ4.jpg,g01167
train/other/COCO_train2014_000000001639_jpg.rf.ysRwnJxlk5N5YfgoWsNW.jpg,train,other,COCO_train2014_000000001639_jpg.rf.ysRwnJxlk5N5YfgoWsNW.jpg,g01168
train/other/COCO_train2014_000000001670_jpg.rf.gGdf9JOzj9DHKGB6dUTS.jpg,train,other,COCO_train2014_000000001670_jpg.rf.gGdf9JOzj9DHKGB6dUTS.jpg,g01169
train/other/COCO_train2014_000000001674_jpg.rf.Krofx1G1eW60Gd8EN7aa.jpg,train,other,COCO_train2014_000000001674_jpg.rf.Krofx1G1eW60Gd8EN7aa.jpg,g01170
train/other/COCO_train2014_000000001681_jpg.rf.BQpzqXD0qhrX1hZ918c2.jpg,train,other,COCO_train2014_000000001681_jpg.rf.BQpzqXD0qhrX1hZ918c2.jpg,g01171
train/other/COCO_train2014_000000001706_jpg.rf.NHGLlP06ks2JpKPz3FP7.jpg,train,other,COCO_train2014_000000001706_jpg.rf.NHGLlP06ks2JpKPz3FP7.jpg,g01172
train/other/COCO_train2014_000000001709_jpg.rf.tpohJCyOcr3dHjXjnA0H.jpg,train,other,COCO_train2014_000000001709_jpg.rf.tpohJCyOcr3dHjXjnA0H.jpg,g01173
train/other/COCO_train2014_000000001720_jpg.rf.Spwpm3ZXrLAPXD9SF2JJ.jpg,train,other,COCO_train2014_000000001720_jpg.rf.Spwpm3ZXrLAPXD9SF2JJ.jpg,g01174
train/other/COCO_train2014_000000001737_jpg.rf.Oujg57UKP8Dc2R8RjSiq.jpg,train,other,COCO_train2014_000000001737_jpg.rf.Oujg57UKP8Dc2R8RjSiq.jpg,g01175
train/other/COCO_train2014_000000001762_jpg.rf.BxLrZu4RRk4eotkVigSU.jpg,train,other,COCO_train2014_000000001762_jpg.rf.BxLrZu4RRk4eotkVigSU.jpg,g01176
train/other/COCO_train2014_000000001764_jpg.rf.VIdtfc25uKelJ4453Soq.jpg,train,other,COCO_train2014_000000001764_jpg.rf.VIdtfc25uKelJ4453Soq.jpg,g01177
train/other/COCO_train2014_000000001771_jpg.rf.bUirbMeYoP3uKjMr30D1.jpg,train,other,COCO_train2014_000000001771_jpg.rf.bUirbMeYoP3uKjMr30D1.jpg,g01178
train/other/COCO_train2014_000000001774_jpg.rf.3jPhTnH8Z5cAu9qOdOA6.jpg,train,other,COCO_train2014_000000001774_jpg.rf.3jPhTnH8Z5cAu9qOdOA6.jpg,g01179
train/other/COCO_train2014_000000001790_jpg.rf.YWIlkEBUXZ4VwlBtts5L.jpg,train,other,COCO_train2014_000000001790_jpg.rf.YWIlkEBUXZ4VwlBtts5L.jpg,g01180
train/other/COCO_train2014_000000001792_jpg.rf.J44Dw6k7qAsGvEMISd7M.jpg,train,other,COCO_train2014_000000001792_jpg.rf.J44Dw6k7qAsGvEMISd7M.jpg,g01181
train/other/COCO_train2014_000000001804_jpg.rf.FSeD4SwLbZiwlDpUcebV.jpg,train,other,COCO_train2014_000000001804_jpg.rf.FSeD4SwLbZiwlDpUcebV.jpg,g01182
train/other/COCO_train2014_000000001810_jpg.rf.1pl6fbs5H3TEICqLSfpV.jpg,train,other,COCO_train2014_000000001810_jpg.rf.1pl6fbs5H3TEICqLSfpV.jpg,g01183
train/other/COCO_train2014_000000001811_jpg.rf.m8IVGaKwvDhwj2KLlg3s.jpg,train,other,COCO_train2014_000000001811_jpg.rf.m8IVGaKwvDhwj2KLlg3s.jpg,g01184
train/other/COCO_train2014_000000001813_jpg.rf.cvoGoPlm7iBP6lb1Ohm3.jpg,train,other,COCO_train2014_000000001813_jpg.rf.cvoGoPlm7iBP6lb1Ohm3.jpg,g01185
train/other/COCO_train2014_000000001815_jpg.rf.1sC0ySuAaOD5qrFjYIy6.jpg,train,other,COCO_train2014_000000001815_jpg.rf.1sC0ySuAaOD5qrFjYIy6.jpg,g01186
train/other/COCO_train2014_000000001822_jpg.rf.VFm2I7GnmRRzZaUurvwv.jpg,train,other,COCO_train2014_000000001822_jpg.rf.VFm2I7GnmRRzZaUurvwv.jpg,g01187
train/other/COCO_train2014_000000001837_jpg.rf.7oIUZuuffK0EcV8PotCh.jpg,train,other,COCO_train2014_000000001837_jpg.rf.7oIUZuuffK0EcV8PotCh.jpg,g01188
train/other/COCO_train2014_000000001864_jpg.rf.MpwmXqwyCvtKdCDGNYgx.jpg,train,other,COCO_train2014_000000001864_jpg.rf.MpwmXqwyCvtKdCDGNYgx.jpg,g01189
train/other/COCO_train2014_000000001875_jpg.rf.mLU5xzkZkrglS4wTmqBI.jpg,train,other,COCO_train2014_000000001875_jpg.rf.mLU5xzkZkrglS4wTmqBI.jpg,g01190
train/other/COCO_train2014_000000001888_jpg.rf.ckqc78LR6zFT34AnxJ28.jpg,train,other,COCO_train2014_000000001888_jpg.rf.ckqc78LR6zFT34AnxJ28.jpg,g01191
train/other/COCO_train2014_000000001895_jpg.rf.dQpy7l7hxwWAJVD98LG3.jpg,train,other,COCO_train2014_000000001895_jpg.rf.dQpy7l7hxwWAJVD98LG3.jpg,g01192
train/other/COCO_train2014_000000001900_jpg.rf.x2AQ66lP1LvF4AvJJkwo.jpg,train,other,COCO_train2014_000000001900_jpg.rf.x2AQ66lP1LvF4AvJJkwo.jpg,g01193
train/other/COCO_train2014_000000001906_jpg.rf.kxCrxBXwPHMhK7hXwGgW.jpg,train,other,COCO_train2014_000000001906_jpg.rf.kxCrxBXwPHMhK7hXwGgW.jpg,g01194
train/other/COCO_train2014_000000001926_jpg.rf.oIWABoefEbI12EqI25cc.jpg,train,other,COCO_train2014_000000001926_jpg.rf.oIWABoefEbI12EqI25cc.jpg,g01195
train/other/COCO_train2014_000000001941_jpg.rf.GeVsAyZ8SVUtT6uWUjCS.jpg,train,other,COCO_train2014_000000001941_jpg.rf.GeVsAyZ8SVUtT6uWUjCS.jpg,g01196
train/other/COCO_train2014_000000001947_jpg.rf.7GkV5cd3FvEFba4Gki47.jpg,train,other,COCO_train2014_000000001947_jpg.rf.7GkV5cd3FvEFba4Gki47.jpg,g01197
train/other/COCO_train2014_000000002001_jpg.rf.vLMvERVIGyjU63nyvroV.jpg,train,other,COCO_train2014_000000002001_jpg.rf.vLMvERVIGyjU63nyvroV.jpg,g01198
train/other/COCO_train2014_000000002055_jpg.rf.ohIAqXLsDTPVSOW8O9Uj.jpg,train,other,COCO_train2014_000000002055_jpg.rf.ohIAqXLsDTPVSOW8O9Uj.jpg,g01199
train/other/COCO_train2014_000000002066_jpg.rf.4qboSYu9D5rgsJKnLqj2.jpg,train,other,COCO_train2014_000000002066_jpg.rf.4qboSYu9D5rgsJKnLqj2.jpg,g01200
train/other/COCO_train2014_000000002072_jpg.rf.NTsmDrCtLY183HRIyyEI.jpg,train,other,COCO_train2014_000000002072_jpg.rf.NTsmDrCtLY183HRIyyEI.jpg,g01201
train/other/COCO_train2014_000000002093_jpg.rf.AUTkOdNWiXFfQQyBD3Ag.jpg,train,other,COCO_train2014_000000002093_jpg.rf.AUTkOdNWiXFfQQyBD3Ag.jpg,g01202
train/other/COCO_train2014_000000002114_jpg.rf.KLuwADKQyL5mEFkhu3Sa.jpg,train,other,COCO_train2014_000000002114_jpg.rf.KLuwADKQyL5mEFkhu3Sa.jpg,g01203
train/other/COCO_train2014_000000002150_jpg.rf.kTBAWiEhCBgkwMME7TQZ.jpg,train,other,COCO_train2014_000000002150_jpg.rf.kTBAWiEhCBgkwMME7TQZ.jpg,g01204
train/other/COCO_train2014_000000002178_jpg.rf.eHbPRgfXlgkR2PdAwzap.jpg,train,other,COCO_train2014_000000002178_jpg.rf.eHbPRgfXlgkR2PdAwzap.jpg,g01205
train/other/COCO_train2014_000000002184_jpg.rf.IiqCy1ZpTIvVvKDdpmna.jpg,train,other,COCO_train2014_000000002184_jpg.rf.IiqCy1ZpTIvVvKDdpmna.jpg,g01206
train/other/COCO_train2014_000000002193_jpg.rf.ZftPlbaiBXkOhgzGeOtW.jpg,train,other,COCO_train2014_000000002193_jpg.rf.ZftPlbaiBXkOhgzGeOtW.jpg,g01207
train/other/COCO_train2014_000000002217_jpg.rf.Dr4uIV7kArG5zCxlcQBC.jpg,train,other,COCO_train2014_000000002217_jpg.rf.Dr4uIV7kArG5zCxlcQBC.jpg,g01208
train/other/COCO_train2014_000000002232_jpg.rf.SWoGdLTUc6qUkbYeBzD5.jpg,train,other,COCO_train2014_000000002232_jpg.rf.SWoGdLTUc6qUkbYeBzD5.jpg,g01209
train/other/COCO_train2014_000000002258_jpg.rf.9qp9OPaXwZAZt4fLYmkr.jpg,train,other,COCO_train2014_000000002258_jpg.rf.9qp9OPaXwZAZt4fLYmkr.jpg,g01210
train/other/COCO_train2014_000000002270_jpg.rf.kshuh7A4XcDG83uWd9Pf.jpg,train,other,COCO_train2014_000000002270_jpg.rf.kshuh7A4XcDG83uWd9Pf.jpg,g01211
train/other/COCO_train2014_000000002276_jpg.rf.kUMA7AhIpqVvqLzi99l2.jpg,train,other,COCO_train2014_000000002276_jpg.rf.kUMA7AhIpqVvqLzi99l2.jpg,g01212
train/other/COCO_train2014_000000002278_jpg.rf.XBw1r5awrL4DT3XccxaX.jpg,train,other,COCO_train2014_000000002278_jpg.rf.XBw1r5awrL4DT3XccxaX.jpg,g01213
train/other/COCO_train2014_000000002296_jpg.rf.mQAyU2UkRpUvMZphfYf4.jpg,train,other,COCO_train2014_000000002296_jpg.rf.mQAyU2UkRpUvMZphfYf4.jpg,g01214
train/other/COCO_train2014_000000002309_jpg.rf.YHF9NZ29uzsNMxzMJRaB.jpg,train,other,COCO_train2014_000000002309_jpg.rf.YHF9NZ29uzsNMxzMJRaB.jpg,g01215
train/other/COCO_train2014_000000002337_jpg.rf.QxZ1oPDhmrfAZ3DhXwOC.jpg,train,other,COCO_train2014_000000002337_jpg.rf.QxZ1oPDhmrfAZ3DhXwOC.jpg,g01216
train/other/COCO_train2014_000000002342_jpg.rf.01cmyZigQ9xMherO1oT1.jpg,train,other,COCO_train2014_000000002342_jpg.rf.01cmyZigQ9xMherO1oT1.jpg,g01217
train/other/COCO_train2014_000000002349_jpg.rf.NJWERsxV4zXXV7pGzMZT.jpg,train,other,COCO_train2014_000000002349_jpg.rf.NJWERsxV4zXXV7pGzMZT.jpg,g01218
train/other/COCO_train2014_000000002369_jpg.rf.2JBWNqMeFgOkIcwWLbXi.jpg,train,other,COCO_train2014_000000002369_jpg.rf.2JBWNqMeFgOkIcwWLbXi.jpg,g01219
train/other/COCO_train2014_000000002372_jpg.rf.pPMR4Ybj4wQvoGRrVPWu.jpg,train,other,COCO_train2014_000000002372_jpg.rf.pPMR4Ybj4wQvoGRrVPWu.jpg,g01220
train/other/COCO_train2014_000000002374_jpg.rf.bVVJA1fnrNCpp44croYe.jpg,train,other,COCO_train2014_000000002374_jpg.rf.bVVJA1fnrNCpp44croYe.jpg,g01221
train/other/COCO_train2014_000000002389_jpg.rf.l0ntcDY9MHU51xfTsZHY.jpg,train,other,COCO_train2014_000000002389_jpg.rf.l0ntcDY9MHU51xfTsZHY.jpg,g01222
train/other/COCO_train2014_000000002411_jpg.rf.rCYdhAw8ADjrHzuTSCRU.jpg,train,other,COCO_train2014_000000002411_jpg.rf.rCYdhAw8ADjrHzuTSCRU.jpg,g01223
train/other/COCO_train2014_000000002415_jpg.rf.5tRz34WCo68ss70FZiir.jpg,train,other,COCO_train2014_000000002415_jpg.rf.5tRz34WCo68ss70FZiir.jpg,g01224
train/other/COCO_train2014_000000002429_jpg.rf.XiRmsLu1XGORU9IeEOkL.jpg,train,other,COCO_train2014_000000002429_jpg.rf.XiRmsLu1XGORU9IeEOkL.jpg,g01225
train/other/COCO_train2014_000000002444_jpg.rf.sFaLdjjr47VAWutV2ab6.jpg,train,other,COCO_train2014_000000002444_jpg.rf.sFaLdjjr47VAWutV2ab6.jpg,g01226
train/other/COCO_train2014_000000002446_jpg.rf.d0iilCbVSTfCDMFWIAMr.jpg,train,other,COCO_train2014_000000002446_jpg.rf.d0iilCbVSTfCDMFWIAMr.jpg,g01227
train/other/COCO_train2014_000000002448_jpg.rf.C3JymaFBMqWpePrucKOI.jpg,train,other,COCO_train2014_000000002448_jpg.rf.C3JymaFBMqWpePrucKOI.jpg,g01228
train/other/COCO_train2014_000000002471_jpg.rf.NBCH7Ml6LP87mhyDjgMA.jpg,train,other,COCO_train2014_000000002471_jpg.rf.NBCH7Ml6LP87mhyDjgMA.jpg,g01229
train/other/COCO_train2014_000000002498_jpg.rf.TGrK1IiUiRavmKdBNi9j.jpg,train,other,COCO_train2014_000000002498_jpg.rf.TGrK1IiUiRavmKdBNi9j.jpg,g01230
train/other/COCO_train2014_000000002536_jpg.rf.rD7UnN5aSkSp60ARoNg3.jpg,train,other,COCO_train2014_000000002536_jpg.rf.rD7UnN5aSkSp60ARoNg3.jpg,g01231
train/other/COCO_train2014_000000002543_jpg.rf.YEhk2oimAmwl6phrnyjb.jpg,train,other,COCO_train2014_000000002543_jpg.rf.YEhk2oimAmwl6phrnyjb.jpg,g01232
train/other/COCO_train2014_000000002544_jpg.rf.IDZh0DTozwBcA4FT1M0U.jpg,train,other,COCO_train2014_000000002544_jpg.rf.IDZh0DTozwBcA4FT1M0U.jpg,g01233
train/other/COCO_train2014_000000002559_jpg.rf.bjIAAlDfVCJ3gC4dtdV5.jpg,train,other,COCO_train2014_000000002559_jpg.rf.bjIAAlDfVCJ3gC4dtdV5.jpg,g01234
train/other/COCO_train2014_000000002560_jpg.rf.3SMODgQSPMaaGBoAG1Bu.jpg,train,other,COCO_train2014_000000002560_jpg.rf.3SMODgQSPMaaGBoAG1Bu.jpg,g01235
train/other/COCO_train2014_000000002563_jpg.rf.fpMKfXjXYewAn3lcJjW6.jpg,train,other,COCO_train2014_000000002563_jpg.rf.fpMKfXjXYewAn3lcJjW6.jpg,g01236
train/other/COCO_train2014_000000002567_jpg.rf.sfUZo04u00qMzxXtCViO.jpg,train,other,COCO_train2014_000000002567_jpg.rf.sfUZo04u00qMzxXtCViO.jpg,g01237
train/other/COCO_train2014_000000002570_jpg.rf.xAyCzcmOxzFlEWsQYsno.jpg,train,other,COCO_train2014_000000002570_jpg.rf.xAyCzcmOxzFlEWsQYsno.jpg,g01238
train/other/COCO_train2014_000000002583_jpg.rf.LF1brmtoOpmaT6DfyI4y.jpg,train,other,COCO_train2014_000000002583_jpg.rf.LF1brmtoOpmaT6DfyI4y.jpg,g01239
train/other/COCO_train2014_000000002585_jpg.rf.YupddyvOJZxZHFiDoACt.jpg,train,other,COCO_train2014_000000002585_jpg.rf.YupddyvOJZxZHFiDoACt.jpg,g01240
train/other/COCO_train2014_000000002606_jpg.rf.FuDp0m9aDzJ3q4TTL9Tf.jpg,train,other,COCO_train2014_000000002606_jpg.rf.FuDp0m9aDzJ3q4TTL9Tf.jpg,g01241
train/other/COCO_train2014_000000002614_jpg.rf.SkwN8ZGlKK35SdIgwXlm.jpg,train,other,COCO_train2014_000000002614_jpg.rf.SkwN8ZGlKK35SdIgwXlm.jpg,g01242
train/other/COCO_train2014_000000002623_jpg.rf.CNy2ta0hNUlaKN613rJr.jpg,train,other,COCO_train2014_000000002623_jpg.rf.CNy2ta0hNUlaKN613rJr.jpg,g01243
train/other/COCO_train2014_000000002624_jpg.rf.7nd0dZhNV3Cr6WUKxb5d.jpg,train,other,COCO_train2014_000000002624_jpg.rf.7nd0dZhNV3Cr6WUKxb5d.jpg,g01244
train/other/COCO_train2014_000000002672_jpg.rf.SVOqZwCDcqkAMe4NFF3B.jpg,train,other,COCO_train2014_000000002672_jpg.rf.SVOqZwCDcqkAMe4NFF3B.jpg,g01245
train/other/COCO_train2014_000000002687_jpg.rf.9lIx1NE73AqTOzzPKnYm.jpg,train,other,COCO_train2014_000000002687_jpg.rf.9lIx1NE73AqTOzzPKnYm.jpg,g01246
train/other/COCO_train2014_000000002691_jpg.rf.Dph0aQyJWu800BklFtHX.jpg,train,other,COCO_train2014_000000002691_jpg.rf.Dph0aQyJWu800BklFtHX.jpg,g01247
train/other/COCO_train2014_000000002697_jpg.rf.bSPiTOGX2pCQiCXzO3FO.jpg,train,other,COCO_train2014_000000002697_jpg.rf.bSPiTOGX2pCQiCXzO3FO.jpg,g01248
train/other/COCO_train2014_000000002742_jpg.rf.uf2PfPnRlUq5luJroqZ4.jpg,train,other,COCO_train2014_000000002742_jpg.rf.uf2PfPnRlUq5luJroqZ4.jpg,g01249
train/other/COCO_train2014_000000002752_jpg.rf.iefeoLhoAU2MfABSPijy.jpg,train,other,COCO_train2014_000000002752_jpg.rf.iefeoLhoAU2MfABSPijy.jpg,g01250
train/other/COCO_train2014_000000002754_jpg.rf.JVdDDH1MWPqRXpygJcqX.jpg,train,other,COCO_train2014_000000002754_jpg.rf.JVdDDH1MWPqRXpygJcqX.jpg,g01251
train/other/COCO_train2014_000000002755_jpg.rf.Ixc4FFR4emkGXcKUFHI1.jpg,train,other,COCO_train2014_000000002755_jpg.rf.Ixc4FFR4emkGXcKUFHI1.jpg,g01252
train/other/COCO_train2014_000000002770_jpg.rf.kYqoiqx2yjNNgBI1bpVt.jpg,train,other,COCO_train2014_000000002770_jpg.rf.kYqoiqx2yjNNgBI1bpVt.jpg,g01253
train/other/COCO_train2014_000000002774_jpg.rf.mSkOFkViX7nA53ttA8Zb.jpg,train,other,COCO_train2014_000000002774_jpg.rf.mSkOFkViX7nA53ttA8Zb.jpg,g01254
train/other/COCO_train2014_000000002776_jpg.rf.vkSfF0912WpqEonQxAd7.jpg,train,other,COCO_train2014_000000002776_jpg.rf.vkSfF0912WpqEonQxAd7.jpg,g01255
train/other/COCO_train2014_000000002782_jpg.rf.wK2GPvukDgILFYfE69bc.jpg,train,other,COCO_train2014_000000002782_jpg.rf.wK2GPvukDgILFYfE69bc.jpg,g01256
train/other/COCO_train2014_000000002823_jpg.rf.ANbbQ7fWt0pNEbmLAzzs.jpg,train,other,COCO_train2014_000000002823_jpg.rf.ANbbQ7fWt0pNEbmLAzzs.jpg,g01257
train/other/COCO_train2014_000000002833_jpg.rf.RU3d5hvRLiKi8j3WVm4D.jpg,train,other,COCO_train2014_000000002833_jpg.rf.RU3d5hvRLiKi8j3WVm4D.jpg,g01258
train/other/COCO_train2014_000000002849_jpg.rf.vvChipubkCj60JmMCM03.jpg,train,other,COCO_train2014_000000002849_jpg.rf.vvChipubkCj60JmMCM03.jpg,g01259
train/other/COCO_train2014_000000002886_jpg.rf.8otJkSX19xhdQWR0ovxM.jpg,train,other,COCO_train2014_000000002886_jpg.rf.8otJkSX19xhdQWR0ovxM.jpg,g01260
train/other/COCO_train2014_000000002892_jpg.rf.ivTS3M0ZdfguADiFP9yG.jpg,train,other,COCO_train2014_000000002892_jpg.rf.ivTS3M0ZdfguADiFP9yG.jpg,g01261
train/other/COCO_train2014_000000002907_jpg.rf.hwuupAI7wXuRPJcTSLPO.jpg,train,other,COCO_train2014_000000002907_jpg.rf.hwuupAI7wXuRPJcTSLPO.jpg,g01262
train/other/COCO_train2014_000000002931_jpg.rf.eEYPOMOykvQAkCrgEzEk.jpg,train,other,COCO_train2014_000000002931_jpg.rf.eEYPOMOykvQAkCrgEzEk.jpg,g01263
train/other/COCO_train2014_000000002992_jpg.rf.9m6womlZbxI5OiB2U2FR.jpg,train,other,COCO_train2014_000000002992_jpg.rf.9m6womlZbxI5OiB2U2FR.jpg,g01264
train/other/COCO_train2014_000000003048_jpg.rf.pDhszj5oCZWIluIJcT3o.jpg,train,other,COCO_train2014_000000003048_jpg.rf.pDhszj5oCZWIluIJcT3o.jpg,g01265
train/other/COCO_train2014_000000003080_jpg.rf.D7nIxpVA0dJzOWKWCpY5.jpg,train,other,COCO_train2014_000000003080_jpg.rf.D7nIxpVA0dJzOWKWCpY5.jpg,g01266
train/other/COCO_train2014_000000003124_jpg.rf.jX6coKsTXaMcWORLPFZa.jpg,train,other,COCO_train2014_000000003124_jpg.rf.jX6coKsTXaMcWORLPFZa.jpg,g01267
train/other/COCO_train2014_000000003160_jpg.rf.hv2x3vSG8eEH0vyDLLuv.jpg,train,other,COCO_train2014_000000003160_jpg.rf.hv2x3vSG8eEH0vyDLLuv.jpg,g01268
train/other/COCO_train2014_000000003224_jpg.rf.aGhke8LLqtvwrqMgCDn7.jpg,train,other,COCO_train2014_000000003224_jpg.rf.aGhke8LLqtvwrqMgCDn7.jpg,g01269
train/other/COCO_train2014_000000003225_jpg.rf.rQJ3X1NxXZJdfdbOD45S.jpg,train,other,COCO_train2014_000000003225_jpg.rf.rQJ3X1NxXZJdfdbOD45S.jpg,g01270
train/other/COCO_train2014_000000003249_jpg.rf.Ul9f91noPbTS2mqkv1iG.jpg,train,other,COCO_train2014_000000003249_jpg.rf.Ul9f91noPbTS2mqkv1iG.jpg,g01271
train/other/COCO_train2014_000000003259_jpg.rf.GBk6vXPeq7ZIzefFKdQG.jpg,train,other,COCO_train2014_000000003259_jpg.rf.GBk6vXPeq7ZIzefFKdQG.jpg,g01272
train/other/COCO_train2014_000000003264_jpg.rf.d0EbDcYXnLL2BuSlm2O5.jpg,train,other,COCO_train2014_000000003264_jpg.rf.d0EbDcYXnLL2BuSlm2O5.jpg,g01273
train/other/COCO_train2014_000000003270_jpg.rf.oJqZwmsnX2S1AR9WoY1f.jpg,train,other,COCO_train2014_000000003270_jpg.rf.oJqZwmsnX2S1AR9WoY1f.jpg,g01274
train/other/COCO_train2014_000000003272_jpg.rf.NMeO2xuuyRl4Wc5SFuUh.jpg,train,other,COCO_train2014_000000003272_jpg.rf.NMeO2xuuyRl4Wc5SFuUh.jpg,g01275
train/other/COCO_train2014_000000003286_jpg.rf.rm29yKXxNcfcnLzOZDar.jpg,train,other,COCO_train2014_000000003286_jpg.rf.rm29yKXxNcfcnLzOZDar.jpg,g01276
train/other/COCO_train2014_000000003293_jpg.rf.5Ut3BPSbIjk7t4CtJdPC.jpg,train,other,COCO_train2014_000000003293_jpg.rf.5Ut3BPSbIjk7t4CtJdPC.jpg,g01277
train/other/COCO_train2014_000000003314_jpg.rf.qvieWmrQHENglrFHg7mF.jpg,train,other,COCO_train2014_000000003314_jpg.rf.qvieWmrQHENglrFHg7mF.jpg,g01278
train/other/COCO_train2014_000000003320_jpg.rf.tlRyPLukvQ8BvEnfj5Z9.jpg,train,other,COCO_train2014_000000003320_jpg.rf.tlRyPLukvQ8BvEnfj5Z9.jpg,g01279
train/other/COCO_train2014_000000003321_jpg.rf.mFSXH9PeOvCakuxCF7MI.jpg,train,other,COCO_train2014_000000003321_jpg.rf.mFSXH9PeOvCakuxCF7MI.jpg,g01280
train/other/COCO_train2014_000000003325_jpg.rf.gaS3q0BcLocXqwnLyxA5.jpg,train,other,COCO_train2014_000000003325_jpg.rf.gaS3q0BcLocXqwnLyxA5.jpg,g01281
train/other/COCO_train2014_000000003348_jpg.rf.KXxVe1dtpTOSlcXFHu0u.jpg,train,other,COCO_train2014_000000003348_jpg.rf.KXxVe1dtpTOSlcXFHu0u.jpg,g01282
train/other/COCO_train2014_000000003361_jpg.rf.b8zxkTjGOcKfD8Ax53Oy.jpg,train,other,COCO_train2014_000000003361_jpg.rf.b8zxkTjGOcKfD8Ax53Oy.jpg,g01283
train/other/COCO_train2014_000000003366_jpg.rf.LXOrpRyuM5iQbY3zxVdY.jpg,train,other,COCO_train2014_000000003366_jpg.rf.LXOrpRyuM5iQbY3zxVdY.jpg,g01284
train/other/COCO_train2014_000000003375_jpg.rf.0oSnKe1ufAS9G9fbKtFZ.jpg,train,other,COCO_train2014_000000003375_jpg.rf.0oSnKe1ufAS9G9fbKtFZ.jpg,g01285
train/other/COCO_train2014_000000003398_jpg.rf.RWzZuplPFmClPAQe6aom.jpg,train,other,COCO_train2014_000000003398_jpg.rf.RWzZuplPFmClPAQe6aom.jpg,g01286
train/other/COCO_train2014_000000003457_jpg.rf.hQ6DPpKNSnQD7ziR7gIn.jpg,train,other,COCO_train2014_000000003457_jpg.rf.hQ6DPpKNSnQD7ziR7gIn.jpg,g01287
train/other/COCO_train2014_000000003464_jpg.rf.3DRg8VToL28qezZgR0K8.jpg,train,other,COCO_train2014_000000003464_jpg.rf.3DRg8VToL28qezZgR0K8.jpg,g01288
train/other/COCO_train2014_000000003481_jpg.rf.xiJqKjX6GQPtuQoU0Y7i.jpg,train,other,COCO_train2014_000000003481_jpg.rf.xiJqKjX6GQPtuQoU0Y7i.jpg,g01289
train/other/COCO_train2014_000000003493_jpg.rf.VwXfSRx3sZ0BK7DiNTsa.jpg,train,other,COCO_train2014_000000003493_jpg.rf.VwXfSRx3sZ0BK7DiNTsa.jpg,g01290
train/other/COCO_train2014_000000003518_jpg.rf.qX49sBk4oYqIRrFmsSBT.jpg,train,other,COCO_train2014_000000003518_jpg.rf.qX49sBk4oYqIRrFmsSBT.jpg,g01291
train/other/COCO_train2014_000000003528_jpg.rf.qvlDGNrC1f4Br3Go3R45.jpg,train,other,COCO_train2014_000000003528_jpg.rf.qvlDGNrC1f4Br3Go3R45.jpg,g01292
train/other/COCO_train2014_000000003532_jpg.rf.PnCmOlZUa4zwhxVAnBf1.jpg,train,other,COCO_train2014_000000003532_jpg.rf.PnCmOlZUa4zwhxVAnBf1.jpg,g01293
train/other/COCO_train2014_000000003623_jpg.rf.CKQc4pA65e3ZyGFnLKSp.jpg,train,other,COCO_train2014_000000003623_jpg.rf.CKQc4pA65e3ZyGFnLKSp.jpg,g01294
train/other/COCO_train2014_000000003628_jpg.rf.iWOuIacVvY93klmhvLMh.jpg,train,other,COCO_train2014_000000003628_jpg.rf.iWOuIacVvY93klmhvLMh.jpg,g01295
train/other/COCO_train2014_000000003668_jpg.rf.uVzlQl0cCJfCKoy5uot9.jpg,train,other,COCO_train2014_000000003668_jpg.rf.uVzlQl0cCJfCKoy5uot9.jpg,g01296
train/other/COCO_train2014_000000003671_jpg.rf.X9E3zE8bwsppq4Qnk2i7.jpg,train,other,COCO_train2014_000000003671_jpg.rf.X9E3zE8bwsppq4Qnk2i7.jpg,g01297
train/other/COCO_train2014_000000003692_jpg.rf.9kYKCHAGZzlBNa4Lt6AS.jpg,train,other,COCO_train2014_000000003692_jpg.rf.9kYKCHAGZzlBNa4Lt6AS.jpg,g01298
train/other/COCO_train2014_000000003729_jpg.rf.miocctZjAXjli8MAXv6q.jpg,train,other,COCO_train2014_000000003729_jpg.rf.miocctZjAXjli8MAXv6q.jpg,g01299
train/other/COCO_train2014_000000003751_jpg.rf.sdjaviKsGG8TVRXX0Jwu.jpg,train,other,COCO_train2014_000000003751_jpg.rf.sdjaviKsGG8TVRXX0Jwu.jpg,g01300
train/other/COCO_train2014_000000003764_jpg.rf.LXkoDeKGDaPfaSblyCuQ.jpg,train,other,COCO_train2014_000000003764_jpg.rf.LXkoDeKGDaPfaSblyCuQ.jpg,g01301
train/other/COCO_train2014_000000003789_jpg.rf.gZFGmdd3bQ693Qnz9t3P.jpg,train,other,COCO_train2014_000000003789_jpg.rf.gZFGmdd3bQ693Qnz9t3P.jpg,g01302
train/other/COCO_train2014_000000003812_jpg.rf.yhgeGXhwr2OQx4uvWwMz.jpg,train,other,COCO_train2014_000000003812_jpg.rf.yhgeGXhwr2OQx4uvWwMz.jpg,g01303
train/other/COCO_train2014_000000003827_jpg.rf.Gl0yXDSr0JC5sSmLa7AJ.jpg,train,other,COCO_train2014_000000003827_jpg.rf.Gl0yXDSr0JC5sSmLa7AJ.jpg,g01304
train/other/COCO_train2014_000000003860_jpg.rf.FspSbh5g6jtkjDpPOFzn.jpg,train,other,COCO_train2014_000000003860_jpg.rf.FspSbh5g6jtkjDpPOFzn.jpg,g01305
train/other/COCO_train2014_000000003870_jpg.rf.hXbWx9VsREgDCXhlcIJ8.jpg,train,other,COCO_train2014_000000003870_jpg.rf.hXbWx9VsREgDCXhlcIJ8.jpg,g01306
train/other/COCO_train2014_000000003877_jpg.rf.CDejNhZ0suEJv1nLbgde.jpg,train,other,COCO_train2014_000000003877_jpg.rf.CDejNhZ0suEJv1nLbgde.jpg,g01307
train/other/COCO_train2014_000000003899_jpg.rf.2cGesddjyMouoIYZOOGn.jpg,train,other,COCO_train2014_000000003899_jpg.rf.2cGesddjyMouoIYZOOGn.jpg,g01308
train/other/COCO_train2014_000000003915_jpg.rf.e76b15hUuQTkQOzfmQx3.jpg,train,other,COCO_train2014_000000003915_jpg.rf.e76b15hUuQTkQOzfmQx3.jpg,g01309
train/other/COCO_train2014_000000003920_jpg.rf.FzXbXOx0S73pB4gTiSlb.jpg,train,other,COCO_train2014_000000003920_jpg.rf.FzXbXOx0S73pB4gTiSlb.jpg,g01310
train/other/COCO_train2014_000000003935_jpg.rf.cltSnFUjWKPAvzmDs9DP.jpg,train,other,COCO_train2014_000000003935_jpg.rf.cltSnFUjWKPAvzmDs9DP.jpg,g01311
train/other/COCO_train2014_000000003982_jpg.rf.bNQD5hugWkWmsn6OMVNF.jpg,train,other,COCO_train2014_000000003982_jpg.rf.bNQD5hugWkWmsn6OMVNF.jpg,g01312
train/other/COCO_train2014_000000003988_jpg.rf.baOefqzF54t1zA70uFJB.jpg,train,other,COCO_train2014_000000003988_jpg.rf.baOefqzF54t1zA70uFJB.jpg,g01313
train/other/COCO_train2014_000000004020_jpg.rf.L1F0K6ZbYLvW8lvSAtYP.jpg,train,other,COCO_train2014_000000004020_jpg.rf.L1F0K6ZbYLvW8lvSAtYP.jpg,g01314
train/other/COCO_train2014_000000004032_jpg.rf.twWTLcAWqzSrijEjqQf3.jpg,train,other,COCO_train2014_000000004032_jpg.rf.twWTLcAWqzSrijEjqQf3.jpg,g01315
train/other/COCO_train2014_000000004042_jpg.rf.xBV8W91c1EdVcvtrXFoK.jpg,train,other,COCO_train2014_000000004042_jpg.rf.xBV8W91c1EdVcvtrXFoK.jpg,g01316
train/other/COCO_train2014_000000004057_jpg.rf.EC4M0PtCE3Kzn34jrNZc.jpg,train,other,COCO_train2014_000000004057_jpg.rf.EC4M0PtCE3Kzn34jrNZc.jpg,g01317
train/other/COCO_train2014_000000004068_jpg.rf.Q0ZfokG2HOXo6eQMXTHJ.jpg,train,other,COCO_train2014_000000004068_jpg.rf.Q0ZfokG2HOXo6eQMXTHJ.jpg,g01318
train/other/COCO_train2014_000000004080_jpg.rf.Hz8Glp52iVC1PWaxTHwX.jpg,train,other,COCO_train2014_000000004080_jpg.rf.Hz8Glp52iVC1PWaxTHwX.jpg,g01319
train/other/COCO_train2014_000000004129_jpg.rf.noss4VETd5ORNRHjvdTk.jpg,train,other,COCO_train2014_000000004129_jpg.rf.noss4VETd5ORNRHjvdTk.jpg,g01320
train/other/COCO_train2014_000000004130_jpg.rf.HIApky5So2czxgs76Ea7.jpg,train,other,COCO_train2014_000000004130_jpg.rf.HIApky5So2czxgs76Ea7.jpg,g01321
train/other/COCO_train2014_000000004131_jpg.rf.pv2mnTwEY2Xwi11YAqCg.jpg,train,other,COCO_train2014_000000004131_jpg.rf.pv2mnTwEY2Xwi11YAqCg.jpg,g01322
train/other/COCO_train2014_000000004140_jpg.rf.onOusBraMKDcSRQH7BhG.jpg,train,other,COCO_train2014_000000004140_jpg.rf.onOusBraMKDcSRQH7BhG.jpg,g01323
train/other/COCO_train2014_000000004159_jpg.rf.quDafRC51QoCVbax2irC.jpg,train,other,COCO_train2014_000000004159_jpg.rf.quDafRC51QoCVbax2irC.jpg,g01324
train/other/COCO_train2014_000000004173_jpg.rf.1ebbBE3GRwFgivDXhFfi.jpg,train,other,COCO_train2014_000000004173_jpg.rf.1ebbBE3GRwFgivDXhFfi.jpg,g01325
train/other/COCO_train2014_000000004189_jpg.rf.IlcPoDk3LzwDvMqCd1zt.jpg,train,other,COCO_train2014_000000004189_jpg.rf.IlcPoDk3LzwDvMqCd1zt.jpg,g01326
train/other/COCO_train2014_000000004201_jpg.rf.p36QaVAPi55RFSINkL5q.jpg,train,other,COCO_train2014_000000004201_jpg.rf.p36QaVAPi55RFSINkL5q.jpg,g01327
train/other/COCO_train2014_000000004239_jpg.rf.VCRaiK4dDacHvpyI7sKI.jpg,train,other,COCO_train2014_000000004239_jpg.rf.VCRaiK4dDacHvpyI7sKI.jpg,g01328
train/other/COCO_train2014_000000004244_jpg.rf.xTBM4m7eTOIQhtYEa9vh.jpg,train,other,COCO_train2014_000000004244_jpg.rf.xTBM4m7eTOIQhtYEa9vh.jpg,g01329
train/other/COCO_train2014_000000004245_jpg.rf.FUq5e4VoTF4NJdOqlRMl.jpg,train,other,COCO_train2014_000000004245_jpg.rf.FUq5e4VoTF4NJdOqlRMl.jpg,g01330
train/other/COCO_train2014_000000004260_jpg.rf.xAiUmhZvlbZ3P4nSyE7o.jpg,train,other,COCO_train2014_000000004260_jpg.rf.xAiUmhZvlbZ3P4nSyE7o.jpg,g01331
train/other/COCO_train2014_000000004278_jpg.rf.ERf3p9qBQBdtR30Xp2DV.jpg,train,other,COCO_train2014_000000004278_jpg.rf.ERf3p9qBQBdtR30Xp2DV.jpg,g01332
train/other/COCO_train2014_000000004308_jpg.rf.R6hyRS7kQVe6IUqrQq9E.jpg,train,other,COCO_train2014_000000004308_jpg.rf.R6hyRS7kQVe6IUqrQq9E.jpg,g01333
train/other/COCO_train2014_000000004309_jpg.rf.CikTOyQ61iBPYoXfbk68.jpg,train,other,COCO_train2014_000000004309_jpg.rf.CikTOyQ61iBPYoXfbk68.jpg,g01334
train/other/COCO_train2014_000000004318_jpg.rf.Pf3F0MJgAnRu1HT7fqEH.jpg,train,other,COCO_train2014_000000004318_jpg.rf.Pf3F0MJgAnRu1HT7fqEH.jpg,g01335
train/other/COCO_train2014_000000004322_jpg.rf.k6EUWqD9fAyETKpdeVVK.jpg,train,other,COCO_train2014_000000004322_jpg.rf.k6EUWqD9fAyETKpdeVVK.jpg,g01336
train/other/COCO_train2014_000000004331_jpg.rf.uG5lORLel3oh4Rp7qaKK.jpg,train,other,COCO_train2014_000000004331_jpg.rf.uG5lORLel3oh4Rp7qaKK.jpg,g01337
train/other/COCO_train2014_000000004360_jpg.rf.eAPwJFLjW9b3EjnLPNUN.jpg,train,other,COCO_train2014_000000004360_jpg.rf.eAPwJFLjW9b3EjnLPNUN.jpg,g01338
train/other/COCO_train2014_000000004376_jpg.rf.tzUPKO3yQeZJhqJyE6cY.jpg,train,other,COCO_train2014_000000004376_jpg.rf.tzUPKO3yQeZJhqJyE6cY.jpg,g01339
train/other/COCO_train2014_000000004404_jpg.rf.XJicZ07xQZbG8MCtp4gv.jpg,train,other,COCO_train2014_000000004404_jpg.rf.XJicZ07xQZbG8MCtp4gv.jpg,g01340
train/other/COCO_train2014_000000004410_jpg.rf.9x2efGyU87Yudu3mjVyL.jpg,train,other,COCO_train2014_000000004410_jpg.rf.9x2efGyU87Yudu3mjVyL.jpg,g01341
train/other/COCO_train2014_000000004415_jpg.rf.xq4kMIiYVqxzpLq68CKz.jpg,train,other,COCO_train2014_000000004415_jpg.rf.xq4kMIiYVqxzpLq68CKz.jpg,g01342
train/other/COCO_train2014_000000004421_jpg.rf.JDrHUfVQt8Wr7o0cZ4gl.jpg,train,other,COCO_train2014_000000004421_jpg.rf.JDrHUfVQt8Wr7o0cZ4gl.jpg,g01343
train/other/COCO_train2014_000000004428_jpg.rf.dMlOuU7Fat0Yj5tgGofd.jpg,train,other,COCO_train2014_000000004428_jpg.rf.dMlOuU7Fat0Yj5tgGofd.jpg,g01344
train/other/COCO_train2014_000000004441_jpg.rf.qVr7kw0NDxpkX61AGqVG.jpg,train,other,COCO_train2014_000000004441_jpg.rf.qVr7kw0NDxpkX61AGqVG.jpg,g01345
train/other/COCO_train2014_000000004442_jpg.rf.qKNglDd05aa1QA2FExi0.jpg,train,other,COCO_train2014_000000004442_jpg.rf.qKNglDd05aa1QA2FExi0.jpg,g01346
train/other/COCO_train2014_000000004462_jpg.rf.BzzwCUhPRqI8EfhLvgCq.jpg,train,other,COCO_train2014_000000004462_jpg.rf.BzzwCUhPRqI8EfhLvgCq.jpg,g01347
train/other/COCO_train2014_000000004463_jpg.rf.QHYLRq9HFdw8tMyiO9RO.jpg,train,other,COCO_train2014_000000004463_jpg.rf.QHYLRq9HFdw8tMyiO9RO.jpg,g01348
train/other/COCO_train2014_000000004478_jpg.rf.2RfmNV7AlDMSJcnVuWPE.jpg,train,other,COCO_train2014_000000004478_jpg.rf.2RfmNV7AlDMSJcnVuWPE.jpg,g01349
train/other/COCO_train2014_000000004488_jpg.rf.3vjRq2pxeYKRPd94ACfj.jpg,train,other,COCO_train2014_000000004488_jpg.rf.3vjRq2pxeYKRPd94ACfj.jpg,g01350
train/other/COCO_train2014_000000004508_jpg.rf.aSt3up5e7fKJh10vEUst.jpg,train,other,COCO_train2014_000000004508_jpg.rf.aSt3up5e7fKJh10vEUst.jpg,g01351
train/other/COCO_train2014_000000004517_jpg.rf.UzN0vzoExAjEKA9OTJNo.jpg,train,other,COCO_train2014_000000004517_jpg.rf.UzN0vzoExAjEKA9OTJNo.jpg,g01352
train/other/COCO_train2014_000000004549_jpg.rf.KkJv5cxtVy4RSdWgY8Iu.jpg,train,other,COCO_train2014_000000004549_jpg.rf.KkJv5cxtVy4RSdWgY8Iu.jpg,g01353
train/other/COCO_train2014_000000004567_jpg.rf.mQcdHCjOHESDz7BwDkHq.jpg,train,other,COCO_train2014_000000004567_jpg.rf.mQcdHCjOHESDz7BwDkHq.jpg,g01354
train/other/COCO_train2014_000000004574_jpg.rf.7SifjABRSIpo9SpkvWhI.jpg,train,other,COCO_train2014_000000004574_jpg.rf.7SifjABRSIpo9SpkvWhI.jpg,g01355
train/other/COCO_train2014_000000004578_jpg.rf.TSYlFAmfSu2abgbW3Sfy.jpg,train,other,COCO_train2014_000000004578_jpg.rf.TSYlFAmfSu2abgbW3Sfy.jpg,g01356
train/other/COCO_train2014_000000004579_jpg.rf.jDNrYpkMRvvVh9QgnE0U.jpg,train,other,COCO_train2014_000000004579_jpg.rf.jDNrYpkMRvvVh9QgnE0U.jpg,g01357
train/other/COCO_train2014_000000004608_jpg.rf.9K1EXYCjdLujnCpLP4G7.jpg,train,other,COCO_train2014_000000004608_jpg.rf.9K1EXYCjdLujnCpLP4G7.jpg,g01358
train/other/COCO_train2014_000000004616_jpg.rf.luco5AhGWiiPV4iJHWnC.jpg,train,other,COCO_train2014_000000004616_jpg.rf.luco5AhGWiiPV4iJHWnC.jpg,g01359
train/other/COCO_train2014_000000004624_jpg.rf.w0c85JMy1jJEnwfNUQCV.jpg,train,other,COCO_train2014_000000004624_jpg.rf.w0c85JMy1jJEnwfNUQCV.jpg,g01360
train/other/COCO_train2014_000000004642_jpg.rf.dCdUziiJAMpA5kiYoYCp.jpg,train,other,COCO_train2014_000000004642_jpg.rf.dCdUziiJAMpA5kiYoYCp.jpg,g01361
train/other/COCO_train2014_000000004647_jpg.rf.Q9IA4XRobY8QaGDPkmmG.jpg,train,other,COCO_train2014_000000004647_jpg.rf.Q9IA4XRobY8QaGDPkmmG.jpg,g01362
train/other/COCO_train2014_000000004662_jpg.rf.YoOblTYilZrAEQ3hyRke.jpg,train,other,COCO_train2014_000000004662_jpg.rf.YoOblTYilZrAEQ3hyRke.jpg,g01363
train/other/COCO_train2014_000000004684_jpg.rf.VQNstGpamGz53qgjyU6S.jpg,train,other,COCO_train2014_000000004684_jpg.rf.VQNstGpamGz53qgjyU6S.jpg,g01364
train/other/COCO_train2014_000000004705_jpg.rf.Fy3DiMvz2PYp02HibWup.jpg,train,other,COCO_train2014_000000004705_jpg.rf.Fy3DiMvz2PYp02HibWup.jpg,g01365
train/other/COCO_train2014_000000004739_jpg.rf.npOD7NhUJ4yrQ7YulpXi.jpg,train,other,COCO_train2014_000000004739_jpg.rf.npOD7NhUJ4yrQ7YulpXi.jpg,g01366
train/other/COCO_train2014_000000004762_jpg.rf.qfH0kGAousHleMKkolqr.jpg,train,other,COCO_train2014_000000004762_jpg.rf.qfH0kGAousHleMKkolqr.jpg,g01367
train/other/COCO_train2014_000000004785_jpg.rf.wstUUTZUNvr4IEQsOPDA.jpg,train,other,COCO_train2014_000000004785_jpg.rf.wstUUTZUNvr4IEQsOPDA.jpg,g01368
train/other/COCO_train2014_000000004794_jpg.rf.g3QRaKnSgstDwvzS3tJI.jpg,train,other,COCO_train2014_000000004794_jpg.rf.g3QRaKnSgstDwvzS3tJI.jpg,g01369
train/other/COCO_train2014_000000004809_jpg.rf.0uhXNbbwKAtfbwshRAvA.jpg,train,other,COCO_train2014_000000004809_jpg.rf.0uhXNbbwKAtfbwshRAvA.jpg,g01370
train/other/COCO_train2014_000000004830_jpg.rf.UeuisZ9jbSCxwDeW6Duc.jpg,train,other,COCO_train2014_000000004830_jpg.rf.UeuisZ9jbSCxwDeW6Duc.jpg,g01371
train/other/COCO_train2014_000000004844_jpg.rf.vt2FvbBmY8LLhybLOMl9.jpg,train,other,COCO_train2014_000000004844_jpg.rf.vt2FvbBmY8LLhybLOMl9.jpg,g01372
train/other/COCO_train2014_000000004859_jpg.rf.avWWqRPzyZBF2c0ERsir.jpg,train,other,COCO_train2014_000000004859_jpg.rf.avWWqRPzyZBF2c0ERsir.jpg,g01373
train/other/COCO_train2014_000000004876_jpg.rf.9QVhaFXeoT2ZeWZEe425.jpg,train,other,COCO_train2014_000000004876_jpg.rf.9QVhaFXeoT2ZeWZEe425.jpg,g01374
train/other/COCO_train2014_000000004880_jpg.rf.cKLQwBy9fWlEz72GXeTl.jpg,train,other,COCO_train2014_000000004880_jpg.rf.cKLQwBy9fWlEz72GXeTl.jpg,g01375
train/other/COCO_train2014_000000004885_jpg.rf.CsIuskklat1C3U0toSzh.jpg,train,other,COCO_train2014_000000004885_jpg.rf.CsIuskklat1C3U0toSzh.jpg,g01376
train/other/COCO_train2014_000000004888_jpg.rf.LLgOfMpaQVNhO3GFol4v.jpg,train,other,COCO_train2014_000000004888_jpg.rf.LLgOfMpaQVNhO3GFol4v.jpg,g01377
train/other/COCO_train2014_000000004891_jpg.rf.7xmBGOYP40WSBko00tBU.jpg,train,other,COCO_train2014_000000004891_jpg.rf.7xmBGOYP40WSBko00tBU.jpg,g01378
train/other/COCO_train2014_000000004893_jpg.rf.OVGWo5B9IU7CtjrEDZCZ.jpg,train,other,COCO_train2014_000000004893_jpg.rf.OVGWo5B9IU7CtjrEDZCZ.jpg,g01379
train/other/COCO_train2014_000000004901_jpg.rf.oG5QXOsPwlo7fVRomOaC.jpg,train,other,COCO_train2014_000000004901_jpg.rf.oG5QXOsPwlo7fVRomOaC.jpg,g01380
train/other/COCO_train2014_000000004903_jpg.rf.8jstiavyqdLwAbVIeDxC.jpg,train,other,COCO_train2014_000000004903_jpg.rf.8jstiavyqdLwAbVIeDxC.jpg,g01381
train/other/COCO_train2014_000000004904_jpg.rf.mtmB4Zpx364MAFTlfHP9.jpg,train,other,COCO_train2014_000000004904_jpg.rf.mtmB4Zpx364MAFTlfHP9.jpg,g01382
train/other/COCO_train2014_000000004947_jpg.rf.kACYjKvC6e4ee3G0LhCZ.jpg,train,other,COCO_train2014_000000004947_jpg.rf.kACYjKvC6e4ee3G0LhCZ.jpg,g01383
train/other/COCO_train2014_000000004956_jpg.rf.XyfCdbwaglsUfraP3852.jpg,train,other,COCO_train2014_000000004956_jpg.rf.XyfCdbwaglsUfraP3852.jpg,g01384
train/other/COCO_train2014_000000004971_jpg.rf.2Jp4QlbyePDBzxdPrAcb.jpg,train,other,COCO_train2014_000000004971_jpg.rf.2Jp4QlbyePDBzxdPrAcb.jpg,g01385
train/other/COCO_train2014_000000004981_jpg.rf.GFsgwWtotSTmBDTDgacV.jpg,train,other,COCO_train2014_000000004981_jpg.rf.GFsgwWtotSTmBDTDgacV.jpg,g01386
train/other/COCO_train2014_000000004984_jpg.rf.9XC6NJTOWA7l75yG5urd.jpg,train,other,COCO_train2014_000000004984_jpg.rf.9XC6NJTOWA7l75yG5urd.jpg,g01387
train/other/COCO_train2014_000000004993_jpg.rf.ZbdPoUPfEpBESlRXaGgT.jpg,train,other,COCO_train2014_000000004993_jpg.rf.ZbdPoUPfEpBESlRXaGgT.jpg,g01388
train/other/COCO_train2014_000000013524_jpg.rf.ERhOsyxz8S3YMiq4sR2M.jpg,train,other,COCO_train2014_000000013524_jpg.rf.ERhOsyxz8S3YMiq4sR2M.jpg,g01389
train/other/FWpEW6sFgsU_jpg.rf.Fg4xjpy3C2BPSzWIbtXu.jpg,train,other,FWpEW6sFgsU_jpg.rf.Fg4xjpy3C2BPSzWIbtXu.jpg,g01390
train/other/J3FCKBSfdog_jpg.rf.HFUflgmiTbhyvqZNfM06.jpg,train,other,J3FCKBSfdog_jpg.rf.HFUflgmiTbhyvqZNfM06.jpg,g01391
train/other/JUJpjnGVFbQ_jpg.rf.BN56IqcXHziGoatQlcWK.jpg,train,other,JUJpjnGVFbQ_jpg.rf.BN56IqcXHziGoatQlcWK.jpg,g01392
train/other/JWCceK5kTgc_jpg.rf.1j1r4fbQXvRWDTAEohDh.jpg,train,other,JWCceK5kTgc_jpg.rf.1j1r4fbQXvRWDTAEohDh.jpg,g01393
train/other/KhqMLepgrgk_jpg.rf.ipYleFXU41Z3nvXpfSps.jpg,train,other,KhqMLepgrgk_jpg.rf.ipYleFXU41Z3nvXpfSps.jpg,g01394
train/other/P2Fba-n3lTI_jpg.rf.8TWssdfzZhdLzqa4jKdB.jpg,train,other,P2Fba-n3lTI_jpg.rf.8TWssdfzZhdLzqa4jKdB.jpg,g01395
train/other/PfHZeWEi2dw_jpg.rf.3SuXw33qzoya3FhGOQ7U.jpg,train,other,PfHZeWEi2dw_jpg.rf.3SuXw33qzoya3FhGOQ7U.jpg,g01396
train/other/S2IGnPjVCJs_jpg.rf.4UVe7Xbp8JnEksGuXQ2f.jpg,train,other,S2IGnPjVCJs_jpg.rf.4UVe7Xbp8JnEksGuXQ2f.jpg,g01397
train/other/SSxMVhA1QHY_jpg.rf.RrOXFQxT9ItU1f18nHZu.jpg,train,other,SSxMVhA1QHY_jpg.rf.RrOXFQxT9ItU1f18nHZu.jpg,g01398
train/other/VCkKApaoHeY_jpg.rf.MJIwyaEY6wneAy5JZ9Rv.jpg,train,other,VCkKApaoHeY_jpg.rf.MJIwyaEY6wneAy5JZ9Rv.jpg,g01399
train/other/b4ba28f117bba00fb29a9a14972e0b68_jpg.rf.4hVWH590oNyasyptySP8.jpg,train,other,b4ba28f117bba00fb29a9a14972e0b68_jpg.rf.4hVWH590oNyasyptySP8.jpg,g01400
train/other/bBGk8L_YEk0_jpg.rf.veCIHE8EUfT9wvKtnkjd.jpg,train,other,bBGk8L_YEk0_jpg.rf.veCIHE8EUfT9wvKtnkjd.jpg,g01401
train/other/bc8e4bb0d4e38b9aada5f22dd1b4a807_jpg.rf.I4t88edF0Zx1POPmSIGG.jpg,train,other,bc8e4bb0d4e38b9aada5f22dd1b4a807_jpg.rf.I4t88edF0Zx1POPmSIGG.jpg,g01402
train/other/dAQCZZzY54w_jpg.rf.UtHqv0yo3yFGKUfEFwRA.jpg,train,other,dAQCZZzY54w_jpg.rf.UtHqv0yo3yFGKUfEFwRA.jpg,g01403
train/other/e0sO1OZwvok_jpg.rf.RDWa954RADIxQbJI8iQj.jpg,train,other,e0sO1OZwvok_jpg.rf.RDWa954RADIxQbJI8iQj.jpg,g01404
train/other/eBZvxHsJHAo_jpg.rf.tFzkrMDYmv2FiOQbsE10.jpg,train,other,eBZvxHsJHAo_jpg.rf.tFzkrMDYmv2FiOQbsE10.jpg,g01405
train/other/eye01_resized_jpg.rf.6dUwumv9Rmin3G7I890Z.jpg,train,other,eye01_resized_jpg.rf.6dUwumv9Rmin3G7I890Z.jpg,g01406
train/other/eye02_resized_jpg.rf.SCGr69Jshr1N0chYzeA8.jpg,train,other,eye02_resized_jpg.rf.SCGr69Jshr1N0chYzeA8.jpg,g01407
train/other/eye03_resized_jpg.rf.MJkNUCpXNvP05KXL7p1g.jpg,train,other,eye03_resized_jpg.rf.MJkNUCpXNvP05KXL7p1g.jpg,g01408
train/other/eye04_resized_jpg.rf.rth8fSQbfTJjN8F0sihG.jpg,train,other,eye04_resized_jpg.rf.rth8fSQbfTJjN8F0sihG.jpg,g01409
train/other/eye05_resized_jpg.rf.w8ASbY81TgF3wUQs9CJT.jpg,train,other,eye05_resized_jpg.rf.w8ASbY81TgF3wUQs9CJT.jpg,g01410
train/other/eye06_resized_jpg.rf.j0DDa27B4GEtmRqDds7v.jpg,train,other,eye06_resized_jpg.rf.j0DDa27B4GEtmRqDds7v.jpg,g01411
train/other/eye07_resized_jpg.rf.8m78lz9RvbOBTBFovnvG.jpg,train,other,eye07_resized_jpg.rf.8m78lz9RvbOBTBFovnvG.jpg,g01412
train/other/eye08_resized_jpg.rf.etTdfhav4CAjNQ5UHPn0.jpg,train,other,eye08_resized_jpg.rf.etTdfhav4CAjNQ5UHPn0.jpg,g01413
train/other/eye10_resized_jpg.rf.glaSuteWgaMgW3l2caeO.jpg,train,other,eye10_resized_jpg.rf.glaSuteWgaMgW3l2caeO.jpg,g01414
train/other/eye11_resized_jpg.rf.QLXEZ2mVePFu38Extxj3.jpg,train,other,eye11_resized_jpg.rf.QLXEZ2mVePFu38Extxj3.jpg,g01415
train/other/eye12_resized_jpg.rf.r4e5PMSXp2jOD0UEdPsc.jpg,train,other,eye12_resized_jpg.rf.r4e5PMSXp2jOD0UEdPsc.jpg,g01416
train/other/eye13_resized_jpg.rf.L84Ct1eshyyjSUQOaz8w.jpg,train,other,eye13_resized_jpg.rf.L84Ct1eshyyjSUQOaz8w.jpg,g01417
train/other/eye14_resized_jpg.rf.EFHbj0ozbkhZaMs8vYVP.jpg,train,other,eye14_resized_jpg.rf.EFHbj0ozbkhZaMs8vYVP.jpg,g01418
train/other/eye15_resized_jpg.rf.DB9AQzVvX6qAJ9hufChK.jpg,train,other,eye15_resized_jpg.rf.DB9AQzVvX6qAJ9hufChK.jpg,g01419
train/other/eye16_resized_jpg.rf.j9YqnIYKThKVClDJkenk.jpg,train,other,eye16_resized_jpg.rf.j9YqnIYKThKVClDJkenk.jpg,g01420
train/other/eye17_resized_jpg.rf.AvVg0X7tLqyfT2vB3nE8.jpg,train,other,eye17_resized_jpg.rf.AvVg0X7tLqyfT2vB3nE8.jpg,g01421
train/other/eye18_resized_jpg.rf.iJ7azzaVbVMUzyJiXTIS.jpg,train,other,eye18_resized_jpg.rf.iJ7azzaVbVMUzyJiXTIS.jpg,g01422
train/other/eye20_resized_jpg.rf.ldBD4KYrcLqRSQq87jdA.jpg,train,other,eye20_resized_jpg.rf.ldBD4KYrcLqRSQq87jdA.jpg,g01423
train/other/eye21_resized_jpg.rf.HnIhzEoB5qUVO8ncxupu.jpg,train,other,eye21_resized_jpg.rf.HnIhzEoB5qUVO8ncxupu.jpg,g01424
train/other/eye22_resized_jpg.rf.SoeYYExXNKWldKUo51ZZ.jpg,train,other,eye22_resized_jpg.rf.SoeYYExXNKWldKUo51ZZ.jpg,g01425
train/other/eye23_resized_jpg.rf.fUFOBaptkjjd806LQXtn.jpg,train,other,eye23_resized_jpg.rf.fUFOBaptkjjd806LQXtn.jpg,g01426
train/other/eye24_resized_jpg.rf.P7BPOJXVLf0LEfFyLhfe.jpg,train,other,eye24_resized_jpg.rf.P7BPOJXVLf0LEfFyLhfe.jpg,g01427
train/other/eye25_jpg.rf.0b1IySdairGcVpnA3nzQ.jpg,train,other,eye25_jpg.rf.0b1IySdairGcVpnA3nzQ.jpg,g01428
train/other/eye26_jpg.rf.XNFeUUjtfx1oHN76NlCI.jpg,train,other,eye26_jpg.rf.XNFeUUjtfx1oHN76NlCI.jpg,g01429
train/other/eye27_jpg.rf.MJAW4kcreW0LVTd1e19w.jpg,train,other,eye27_jpg.rf.MJAW4kcreW0LVTd1e19w.jpg,g01430
train/other/eye28_jpg.rf.hOP5vdNzttOb4JUrWo21.jpg,train,other,eye28_jpg.rf.hOP5vdNzttOb4JUrWo21.jpg,g01431
train/other/eye29_jpg.rf.5BmVCBL1yOba2MH7Cm8B.jpg,train,other,eye29_jpg.rf.5BmVCBL1yOba2MH7Cm8B.jpg,g01432
train/other/eye30_jpg.rf.NK2AINAQAstHLR0z7Nxm.jpg,train,other,eye30_jpg.rf.NK2AINAQAstHLR0z7Nxm.jpg,g01433
train/other/eye31_jpg.rf.RUBzSdWUcV67wkauSlqc.jpg,train,other,eye31_jpg.rf.RUBzSdWUcV67wkauSlqc.jpg,g01434
train/other/eye32_jpg.rf.SLwAN4dm9DVXNTK7raG6.jpg,train,other,eye32_jpg.rf.SLwAN4dm9DVXNTK7raG6.jpg,g01435
train/other/eye35_jpg.rf.wKwNEKB1541vwpCAK66J.jpg,train,other,eye35_jpg.rf.wKwNEKB1541vwpCAK66J.jpg,g01436
train/other/eye_resized_jpg.rf.5m8hs06pXImXpnOFD3Bh.jpg,train,other,eye_resized_jpg.rf.5m8hs06pXImXpnOFD3Bh.jpg,g01437
train/other/fPNHtZiStV4_jpg.rf.VTJuBrLWdBaZ7vBtVeVV.jpg,train,other,fPNHtZiStV4_jpg.rf.VTJuBrLWdBaZ7vBtVeVV.jpg,g01438
train/other/hOg0SZ0X2-c_jpg.rf.ZRqXQSp4Kek8XzsbM6ii.jpg,train,other,hOg0SZ0X2-c_jpg.rf.ZRqXQSp4Kek8XzsbM6ii.jpg,g01439
train/other/healthy10_jpg.rf.2ObUdncyfX2eVIzBLTSt.jpg,train,other,healthy10_jpg.rf.2ObUdncyfX2eVIzBLTSt.jpg,g01440
train/other/healthy22_jpg.rf.lPTtmkhZTW7xOBcVvjgF.jpg,train,other,healthy22_jpg.rf.lPTtmkhZTW7xOBcVvjgF.jpg,g01441
train/other/healthy24_jpg.rf.vpgTEyxq2q3IKJiOHHVj.jpg,train,other,healthy24_jpg.rf.vpgTEyxq2q3IKJiOHHVj.jpg,g01442
train/other/healthy32_png.rf.lGGr7tSZ1MSup47t7PgP.png,train,other,healthy32_png.rf.lGGr7tSZ1MSup47t7PgP.png,g01443
train/other/k5eKqIhL9B4_jpg.rf.T3WqdCeVGNh4z6qzDFPY.jpg,train,other,k5eKqIhL9B4_jpg.rf.T3WqdCeVGNh4z6qzDFPY.jpg,g01444
train/other/lab01_resized_jpg.rf.j5QDZpZxE5t0xpRXzyFz.jpg,train,other,lab01_resized_jpg.rf.j5QDZpZxE5t0xpRXzyFz.jpg,g01445
train/other/lab02_resized_jpg.rf.qIqm8Wf5HnsQVSmwBwC2.jpg,train,other,lab02_resized_jpg.rf.qIqm8Wf5HnsQVSmwBwC2.jpg,g01446
train/other/lab03_resized_jpg.rf.9P23zG5aE4KV59xfFBbL.jpg,train,other,lab03_resized_jpg.rf.9P23zG5aE4KV59xfFBbL.jpg,g01447
train/other/lab04_resized_jpg.rf.ptqmK4nfPbgRyP9M8SAr.jpg,train,other,lab04_resized_jpg.rf.ptqmK4nfPbgRyP9M8SAr.jpg,g01448
train/other/lab05_resized_jpg.rf.YeCPKPNh3n1GJlVKOoXK.jpg,train,other,lab05_resized_jpg.rf.YeCPKPNh3n1GJlVKOoXK.jpg,g01449
train/other/lab06_resized_jpg.rf.okxSB5KW48MJVrKo6DsP.jpg,train,other,lab06_resized_jpg.rf.okxSB5KW48MJVrKo6DsP.jpg,g01450
train/other/lab07_resized_jpg.rf.OTNO9ekZPhfisqIXA18H.jpg,train,other,lab07_resized_jpg.rf.OTNO9ekZPhfisqIXA18H.jpg,g01451
train/other/lab08_resized_jpg.rf.dhYa8VolDae4mmse6LKe.jpg,train,other,lab08_resized_jpg.rf.dhYa8VolDae4mmse6LKe.jpg,g01452
train/other/lab09_resized_jpg.rf.aLi019zDQbV9Rv1WIM0R.jpg,train,other,lab09_resized_jpg.rf.aLi019zDQbV9Rv1WIM0R.jpg,g01453
train/other/lab10_resized_jpg.rf.7xxmAPE4UQ4ghCFz9lE1.jpg,train,other,lab10_resized_jpg.rf.7xxmAPE4UQ4ghCFz9lE1.jpg,g01454
train/other/lab11_resized_jpg.rf.DC2TTfYHzYx4lE2iv5X5.jpg,train,other,lab11_resized_jpg.rf.DC2TTfYHzYx4lE2iv5X5.jpg,g01455
train/other/lab14_resized_jpg.rf.GykUs4Aj8TfnLTBS2qCJ.jpg,train,other,lab14_resized_jpg.rf.GykUs4Aj8TfnLTBS2qCJ.jpg,g01456
train/other/lab15_resized_jpg.rf.PsqhiOlDMOMcheQBaYRn.jpg,train,other,lab15_resized_jpg.rf.PsqhiOlDMOMcheQBaYRn.jpg,g01457
train/other/lab16_resized_jpg.rf.ELctEMqrVaPSRxqJqkb3.jpg,train,other,lab16_resized_jpg.rf.ELctEMqrVaPSRxqJqkb3.jpg,g01458
train/other/lab17_resized_jpg.rf.OANo4PHYJSzTOgofuZdM.jpg,train,other,lab17_resized_jpg.rf.OANo4PHYJSzTOgofuZdM.jpg,g01459
train/other/lab18_resized_jpg.rf.rHbD7JplGjAGqsynRw71.jpg,train,other,lab18_resized_jpg.rf.rHbD7JplGjAGqsynRw71.jpg,g01460
train/other/lab19_resized_jpg.rf.h5NBURCbdiWiX5nqwOg8.jpg,train,other,lab19_resized_jpg.rf.h5NBURCbdiWiX5nqwOg8.jpg,g01461
train/other/lab20_resized_jpg.rf.rmezQMvHoNJhilIyxPeQ.jpg,train,other,lab20_resized_jpg.rf.rmezQMvHoNJhilIyxPeQ.jpg,g01462
train/other/lab21_resized_jpg.rf.evspV2Q9rBM4CmKy29eH.jpg,train,other,lab21_resized_jpg.rf.evspV2Q9rBM4CmKy29eH.jpg,g01463
train/other/lab22_resized_jpg.rf.sSE0MbU9o2rcfz3rrKrt.jpg,train,other,lab22_resized_jpg.rf.sSE0MbU9o2rcfz3rrKrt.jpg,g01464
train/other/lab24_resized_jpg.rf.NzRDRtlG3zZZ1QNEdk6j.jpg,train,other,lab24_resized_jpg.rf.NzRDRtlG3zZZ1QNEdk6j.jpg,g01465
train/other/lab26_jpg.rf.55211aJizBYWhh5srYC4.jpg,train,other,lab26_jpg.rf.55211aJizBYWhh5srYC4.jpg,g01466
train/other/lab27_jpg.rf.T7e20BuSfMggZbtXPIIf.jpg,train,other,lab27_jpg.rf.T7e20BuSfMggZbtXPIIf.jpg,g01467
train/other/lab28_jpg.rf.p3XipMUpMLxhhUTkpSbM.jpg,train,other,lab28_jpg.rf.p3XipMUpMLxhhUTkpSbM.jpg,g01468
train/other/lab29_jpg.rf.ogUga1Tfh5T2V1B88zvt.jpg,train,other,lab29_jpg.rf.ogUga1Tfh5T2V1B88zvt.jpg,g01469
train/other/lab30_jpg.rf.ODd50Q1nokvkdNOro2ex.jpg,train,other,lab30_jpg.rf.ODd50Q1nokvkdNOro2ex.jpg,g01470
train/other/lab31_jpg.rf.8IIYsx95BEPZEdxGojCn.jpg,train,other,lab31_jpg.rf.8IIYsx95BEPZEdxGojCn.jpg,g01471
train/other/lab32_jpg.rf.HkJ0ejbvz6X8mRbKm8LQ.jpg,train,other,lab32_jpg.rf.HkJ0ejbvz6X8mRbKm8LQ.jpg,g01472
train/other/lab33_jpg.rf.L8m7gKVxZAi55mP44LQJ.jpg,train,other,lab33_jpg.rf.L8m7gKVxZAi55mP44LQJ.jpg,g01473
train/other/lab34_jpg.rf.9tP3w8Ft22wuPmaF8dgF.jpg,train,other,lab34_jpg.rf.9tP3w8Ft22wuPmaF8dgF.jpg,g01474
train/other/lab35_jpg.rf.RaUlXEdt7i5nbuS2XtJr.jpg,train,other,lab35_jpg.rf.RaUlXEdt7i5nbuS2XtJr.jpg,g01475
train/other/lab36_jpg.rf.4VfmuYUG57ZzC5D8zCqq.jpg,train,other,lab36_jpg.rf.4VfmuYUG57ZzC5D8zCqq.jpg,g01476
train/other/lab37_jpg.rf.fNu08liV6HqzXCFd1Ayp.jpg,train,other,lab37_jpg.rf.fNu08liV6HqzXCFd1Ayp.jpg,g01477
train/other/lab38_jpg.rf.R0BQ9wtybh4MsEhahXt6.jpg,train,other,lab38_jpg.rf.R0BQ9wtybh4MsEhahXt6.jpg,g01478
train/other/lab39_jpg.rf.5sKGvoxOz5aDKvtGgCdw.jpg,train,other,lab39_jpg.rf.5sKGvoxOz5aDKvtGgCdw.jpg,g01479
train/other/lab40_jpg.rf.WOWg5a66RHHiN3HAqM2T.jpg,train,other,lab40_jpg.rf.WOWg5a66RHHiN3HAqM2T.jpg,g01480
train/other/lab41_jpg.rf.3ItLXdYhF8ijQew6Od9W.jpg,train,other,lab41_jpg.rf.3ItLXdYhF8ijQew6Od9W.jpg,g01481
train/other/lab_resized_jpg.rf.QrdUvnCwBHxCPfK6g9tZ.jpg,train,other,lab_resized_jpg.rf.QrdUvnCwBHxCPfK6g9tZ.jpg,g01482
train/other/lv2AD5G0Kdc_jpg.rf.Bkqtj9hDLbTg1jqT0jcn.jpg,train,other,lv2AD5G0Kdc_jpg.rf.Bkqtj9hDLbTg1jqT0jcn.jpg,g01483
train/other/m8Y1ELIEJ60_jpg.rf.a15GAgAAuAIr3JSj2c1a.jpg,train,other,m8Y1ELIEJ60_jpg.rf.a15GAgAAuAIr3JSj2c1a.jpg,g01484
train/other/oEk0md4bD4A_jpg.rf.aqP2uKyDPhuYOSKpffD0.jpg,train,other,oEk0md4bD4A_jpg.rf.aqP2uKyDPhuYOSKpffD0.jpg,g01485
train/other/photo1672324457_jpeg_jpg.rf.ZgfKSXnzMr5nHHFjoHOQ.jpg,train,other,photo1672324457_jpeg_jpg.rf.ZgfKSXnzMr5nHHFjoHOQ.jpg,g01486
train/other/photo1692691980_jpeg_jpg.rf.mON0XCZJzgv486KRRZsh.jpg,train,other,photo1692691980_jpeg_jpg.rf.mON0XCZJzgv486KRRZsh.jpg,g01487
train/other/photo1692833887_jpeg_jpg.rf.T4SJHdc9t6Xd4YIlnrhb.jpg,train,other,photo1692833887_jpeg_jpg.rf.T4SJHdc9t6Xd4YIlnrhb.jpg,g01488
train/other/photo1692893101_jpeg_jpg.rf.rIcNsfrU074nKMT7bmZK.jpg,train,other,photo1692893101_jpeg_jpg.rf.rIcNsfrU074nKMT7bmZK.jpg,g01489
train/other/photo1693329089_jpeg_jpg.rf.40gzNbucv3KcHPGkNZlI.jpg,train,other,photo1693329089_jpeg_jpg.rf.40gzNbucv3KcHPGkNZlI.jpg,g01490
train/other/photo1693385891_jpeg_jpg.rf.W0EP0AyD4y5Mcpfrl7p6.jpg,train,other,photo1693385891_jpeg_jpg.rf.W0EP0AyD4y5Mcpfrl7p6.jpg,g01491
train/other/photo1693387587_jpeg_jpg.rf.q9VHxvjlwtbFelDWyIHY.jpg,train,other,photo1693387587_jpeg_jpg.rf.q9VHxvjlwtbFelDWyIHY.jpg,g01492
train/other/photo1693613269_jpeg_jpg.rf.mfUvzcHLHUug3Tr6sCyx.jpg,train,other,photo1693613269_jpeg_jpg.rf.mfUvzcHLHUug3Tr6sCyx.jpg,g01493
train/other/photo1693659043_jpeg_jpg.rf.gdrTqAUb2UOHdDZfyrTv.jpg,train,other,photo1693659043_jpeg_jpg.rf.gdrTqAUb2UOHdDZfyrTv.jpg,g01494
train/other/photo1693721816_jpeg_jpg.rf.A7d1jtdzMlD51edVIMT3.jpg,train,other,photo1693721816_jpeg_jpg.rf.A7d1jtdzMlD51edVIMT3.jpg,g01495
train/other/photo1693756065_jpeg_jpg.rf.i0q9W6ummnNw72H14bop.jpg,train,other,photo1693756065_jpeg_jpg.rf.i0q9W6ummnNw72H14bop.jpg,g01496
train/other/photo1693756121-1-_jpeg_jpg.rf.fkp4EbzL62LOs03FRQNQ.jpg,train,other,photo1693756121-1-_jpeg_jpg.rf.fkp4EbzL62LOs03FRQNQ.jpg,g01497
train/other/photo1693756121_jpeg_jpg.rf.LStH50qGTRzfxTi7hBo8.jpg,train,other,photo1693756121_jpeg_jpg.rf.LStH50qGTRzfxTi7hBo8.jpg,g01498
train/other/photo1693829883_jpeg_jpg.rf.WYd0V0eg8iEJIdFjxhCW.jpg,train,other,photo1693829883_jpeg_jpg.rf.WYd0V0eg8iEJIdFjxhCW.jpg,g01499
train/other/photo1693841736_jpeg_jpg.rf.genAfKJIc4KxVcFcEgHP.jpg,train,other,photo1693841736_jpeg_jpg.rf.genAfKJIc4KxVcFcEgHP.jpg,g01500
train/other/photo1693842331_jpeg_jpg.rf.yl5GTywmonDzPEvBlrnj.jpg,train,other,photo1693842331_jpeg_jpg.rf.yl5GTywmonDzPEvBlrnj.jpg,g01501
train/other/photo1693843118_jpeg_jpg.rf.Wp7VByo9ZnbNcnNPhpvO.jpg,train,other,photo1693843118_jpeg_jpg.rf.Wp7VByo9ZnbNcnNPhpvO.jpg,g01502
train/other/photo1693900565_jpeg_jpg.rf.MKw6ydgHr76AoRORXuCy.jpg,train,other,photo1693900565_jpeg_jpg.rf.MKw6ydgHr76AoRORXuCy.jpg,g01503
train/other/photo1693964988_jpeg_jpg.rf.eeZMnVpRdSSXVSdzBtoj.jpg,train,other,photo1693964988_jpeg_jpg.rf.eeZMnVpRdSSXVSdzBtoj.jpg,g01504
train/other/photo1693970269_jpeg_jpg.rf.pdf2T1RCjPJma0FR23Mn.jpg,train,other,photo1693970269_jpeg_jpg.rf.pdf2T1RCjPJma0FR23Mn.jpg,g01505
train/other/photo1693974044_jpeg_jpg.rf.JXZaK5KeJkmQ3qWPuEOa.jpg,train,other,photo1693974044_jpeg_jpg.rf.JXZaK5KeJkmQ3qWPuEOa.jpg,g01506
train/other/photo1694011656_jpeg_jpg.rf.pSGu5VGUw5RTMuhfmWgj.jpg,train,other,photo1694011656_jpeg_jpg.rf.pSGu5VGUw5RTMuhfmWgj.jpg,g01507
train/other/photo1694073703_jpeg_jpg.rf.KnWLaXeifY9dpoGYcZsY.jpg,train,other,photo1694073703_jpeg_jpg.rf.KnWLaXeifY9dpoGYcZsY.jpg,g01508
train/other/photo1694079549_jpeg_jpg.rf.zQdJOHOXmNXxFD4iF9TP.jpg,train,other,photo1694079549_jpeg_jpg.rf.zQdJOHOXmNXxFD4iF9TP.jpg,g01509
train/other/photo1694089604_jpeg_jpg.rf.KpD8o2kPIrMngPubowdA.jpg,train,other,photo1694089604_jpeg_jpg.rf.KpD8o2kPIrMngPubowdA.jpg,g01510
train/other/photo1694094516_jpeg_jpg.rf.XtjZXXyWW1GDkeqUkMyK.jpg,train,other,photo1694094516_jpeg_jpg.rf.XtjZXXyWW1GDkeqUkMyK.jpg,g01511
train/other/photo1694231839_jpeg_jpg.rf.wfCFWivC3Vc06BErnIyp.jpg,train,other,photo1694231839_jpeg_jpg.rf.wfCFWivC3Vc06BErnIyp.jpg,g01512
train/other/photo1694269860_jpeg_jpg.rf.ARdqmeqwsmMGs8OoHov4.jpg,train,other,photo1694269860_jpeg_jpg.rf.ARdqmeqwsmMGs8OoHov4.jpg,g01513
train/other/photo1694270026_jpeg_jpg.rf.L3uj1y3XamMd7UF00ync.jpg,train,other,photo1694270026_jpeg_jpg.rf.L3uj1y3XamMd7UF00ync.jpg,g01514
train/other/photo1694319073_jpeg_jpg.rf.Hij5CTkNK3gDFwRQwvRa.jpg,train,other,photo1694319073_jpeg_jpg.rf.Hij5CTkNK3gDFwRQwvRa.jpg,g01515
train/other/photo1694488282_jpeg_jpg.rf.Eh8k5HQhqq6mXYqwjjTp.jpg,train,other,photo1694488282_jpeg_jpg.rf.Eh8k5HQhqq6mXYqwjjTp.jpg,g01516
train/other/photo1694760646_jpeg_jpg.rf.6yK8DtZ18bgOhDgaxPgP.jpg,train,other,photo1694760646_jpeg_jpg.rf.6yK8DtZ18bgOhDgaxPgP.jpg,g01517
train/other/photo1694792281_jpeg_jpg.rf.DaOr6Cme5G2OBsv5A3Jo.jpg,train,other,photo1694792281_jpeg_jpg.rf.DaOr6Cme5G2OBsv5A3Jo.jpg,g01518
train/other/photo1694792502_jpeg_jpg.rf.fI2Y3lTf185M7CYOKEXg.jpg,train,other,photo1694792502_jpeg_jpg.rf.fI2Y3lTf185M7CYOKEXg.jpg,g01519
train/other/photo1694856015_jpeg_jpg.rf.dkPe8VRmarpcgT9vH58I.jpg,train,other,photo1694856015_jpeg_jpg.rf.dkPe8VRmarpcgT9vH58I.jpg,g01520
train/other/photo1694964242_jpeg_jpg.rf.nisorDgPp90QZ4ZdLoEr.jpg,train,other,photo1694964242_jpeg_jpg.rf.nisorDgPp90QZ4ZdLoEr.jpg,g01521
train/other/photo1695007409_jpeg_jpg.rf.t8vYgSteNLsIyZ4BQZRW.jpg,train,other,photo1695007409_jpeg_jpg.rf.t8vYgSteNLsIyZ4BQZRW.jpg,g01522
train/other/photo1695032288_jpeg_jpg.rf.untBfFITTiIMAa66gzVH.jpg,train,other,photo1695032288_jpeg_jpg.rf.untBfFITTiIMAa66gzVH.jpg,g01523
train/other/photo1695043115_jpeg_jpg.rf.7WFOKqA2fdpdZO8MW6VL.jpg,train,other,photo1695043115_jpeg_jpg.rf.7WFOKqA2fdpdZO8MW6VL.jpg,g01524
train/other/photo1695043116_jpeg_jpg.rf.EaDFWTy0USXCpghSqN2d.jpg,train,other,photo1695043116_jpeg_jpg.rf.EaDFWTy0USXCpghSqN2d.jpg,g01525
train/other/photo1695043562_jpeg_jpg.rf.J22SKxo3nCGaPBbsoAyf.jpg,train,other,photo1695043562_jpeg_jpg.rf.J22SKxo3nCGaPBbsoAyf.jpg,g01526
train/other/photo1695169135_jpeg_jpg.rf.lgjNGawEUQG0Iq3h61yF.jpg,train,other,photo1695169135_jpeg_jpg.rf.lgjNGawEUQG0Iq3h61yF.jpg,g01527
train/other/photo1695212035_jpeg_jpg.rf.0vQYFhLHGFv7bJDpy6LR.jpg,train,other,photo1695212035_jpeg_jpg.rf.0vQYFhLHGFv7bJDpy6LR.jpg,g01528
train/other/photo1695480345_jpeg_jpg.rf.mjPQ30IEcoD9OFHqV5qw.jpg,train,other,photo1695480345_jpeg_jpg.rf.mjPQ30IEcoD9OFHqV5qw.jpg,g01529
train/other/photo1695530579_jpeg_jpg.rf.ifX8ZF0Q9ugg3UEuThhs.jpg,train,other,photo1695530579_jpeg_jpg.rf.ifX8ZF0Q9ugg3UEuThhs.jpg,g01530
train/other/photo1695534035_jpeg_jpg.rf.psaPpXl4SjkSk4It5Rhr.jpg,train,other,photo1695534035_jpeg_jpg.rf.psaPpXl4SjkSk4It5Rhr.jpg,g01531
train/other/photo1695536630_jpeg_jpg.rf.fdZKN88dbq8nAynQmjmJ.jpg,train,other,photo1695536630_jpeg_jpg.rf.fdZKN88dbq8nAynQmjmJ.jpg,g01532
train/other/photo1695703083_jpeg_jpg.rf.5k9p0YJc46bkSysqxpo7.jpg,train,other,photo1695703083_jpeg_jpg.rf.5k9p0YJc46bkSysqxpo7.jpg,g01533
train/other/pyWOEve6K0k_jpg.rf.TTa7xAb9ECGum7qbo2J8.jpg,train,other,pyWOEve6K0k_jpg.rf.TTa7xAb9ECGum7qbo2J8.jpg,g01534
train/other/qmrm-YSExOY_jpg.rf.xWa6AlJwU75naxyxjtYK.jpg,train,other,qmrm-YSExOY_jpg.rf.xWa6AlJwU75naxyxjtYK.jpg,g01535
train/other/thScTIqI8ss_jpg.rf.E5WWbnZAAIpKAe3LHmst.jpg,train,other,thScTIqI8ss_jpg.rf.E5WWbnZAAIpKAe3LHmst.jpg,g01536
val/allergic_dermatitis/1000010577_x4_jpg.rf.12762edfd33c6c7aa3f613c7eca5f416.jpg,val,allergic_dermatitis,1000010577_x4_jpg.rf.12762edfd33c6c7aa3f613c7eca5f416.jpg,g01537
val/allergic_dermatitis/1000010577_x4_jpg.rf.e93cc9ac59f321f2ded9ee04979f53cd.jpg,val,allergic_dermatitis,1000010577_x4_jpg.rf.e93cc9ac59f321f2ded9ee04979f53cd.jpg,g01537
val/allergic_dermatitis/1000010578_x4_jpg.rf.13117102a1829d65c3ea34e126e152cd.jpg,val,allergic_dermatitis,1000010578_x4_jpg.rf.13117102a1829d65c3ea34e126e152cd.jpg,g01538
val/allergic_dermatitis/1000010608_x16_jpg.rf.30841cf88295a602b30be8900d5eea96.jpg,val,allergic_dermatitis,1000010608_x16_jpg.rf.30841cf88295a602b30be8900d5eea96.jpg,g01539
val/allergic_dermatitis/1000010608_x16_jpg.rf.fdab68f24c02ec8b89a66e84bea19369.jpg,val,allergic_dermatitis,1000010608_x16_jpg.rf.fdab68f24c02ec8b89a66e84bea19369.jpg,g01539
val/allergic_dermatitis/1000010627_x4_jpg.rf.9ad58a4657b700006fd7ad05e6f289ab.jpg,val,allergic_dermatitis,1000010627_x4_jpg.rf.9ad58a4657b700006fd7ad05e6f289ab.jpg,g01540
val/allergic_dermatitis/1000010627_x4_jpg.rf.f3073b06fa65b39e743a727febb676fb.jpg,val,allergic_dermatitis,1000010627_x4_jpg.rf.f3073b06fa65b39e743a727febb676fb.jpg,g01540
val/allergic_dermatitis/1000010653_x16_jpg.rf.c41fd4c2006313113381d511600e9713.jpg,val,allergic_dermatitis,1000010653_x16_jpg.rf.c41fd4c2006313113381d511600e9713.jpg,g01541
val/allergic_dermatitis/1000010662_x16_jpg.rf.dbead9c8d693ada9aa00ef583b80ac06.jpg,val,allergic_dermatitis,1000010662_x16_jpg.rf.dbead9c8d693ada9aa00ef583b80ac06.jpg,g01542
val/allergic_dermatitis/1000010662_x16_jpg.rf.e18b8e3714595188a4ac5c96360d62f7.jpg,val,allergic_dermatitis,1000010662_x16_jpg.rf.e18b8e3714595188a4ac5c96360d62f7.jpg,g01542
val/allergic_dermatitis/1000010721_x16_jpg.rf.9c0616429ef6bfafa68b816e480e3701.jpg,val,allergic_dermatitis,1000010721_x16_jpg.rf.9c0616429ef6bfafa68b816e480e3701.jpg,g01543
val/allergic_dermatitis/1000010778_x16_jpg.rf.5d05cc55af9ba9ecbcf06bd4e054902b.jpg,val,allergic_dermatitis,1000010778_x16_jpg.rf.5d05cc55af9ba9ecbcf06bd4e054902b.jpg,g01544
val/allergic_dermatitis/1000010778_x16_jpg.rf.b9b80560bf2ae1308b044605fb02be34.jpg,val,allergic_dermatitis,1000010778_x16_jpg.rf.b9b80560bf2ae1308b044605fb02be34.jpg,g01544
val/allergic_dermatitis/217702707_549389272771952_6096969687785169247_n_jpg.rf.f7b8a4112bc6a4294552f24b82562901.jpg,val,allergic_dermatitis,217702707_549389272771952_6096969687785169247_n_jpg.rf.f7b8a4112bc6a4294552f24b82562901.jpg,g01545
val/allergic_dermatitis/64273431_2293314670920876_8293030331825520640_n_jpg.rf.3a3c35f8c708640eecfb412ccd6b08d8.jpg,val,allergic_dermatitis,64273431_2293314670920876_8293030331825520640_n_jpg.rf.3a3c35f8c708640eecfb412ccd6b08d8.jpg,g01546
val/allergic_dermatitis/64273431_2293314670920876_8293030331825520640_n_jpg.rf.d8d7e594a112e5e90f0548ea3deaece6.jpg,val,allergic_dermatitis,64273431_2293314670920876_8293030331825520640_n_jpg.rf.d8d7e594a112e5e90f0548ea3deaece6.jpg,g01546
val/allergic_dermatitis/Cutaneous-skin-lesion-over-the-carpus-in-dog-case-no-1-infected-with-Leishmania-major_jpg.rf.58f293da99d896570a3a57f9a6009de1.jpg,val,allergic_dermatitis,Cutaneous-skin-lesion-over-the-carpus-in-dog-case-no-1-infected-with-Leishmania-major_jpg.rf.58f293da99d896570a3a57f9a6009de1.jpg,g01547
val/allergic_dermatitis/Cutaneous-skin-lesion-over-the-carpus-in-dog-case-no-1-infected-with-Leishmania-major_jpg.rf.73f50ea6d58ecceeddf768267b5751b9.jpg,val,allergic_dermatitis,Cutaneous-skin-lesion-over-the-carpus-in-dog-case-no-1-infected-with-Leishmania-major_jpg.rf.73f50ea6d58ecceeddf768267b5751b9.jpg,g01547
val/allergic_dermatitis/aug_0_1435_jpeg_jpg.rf.a2024191d2312adc370de602129abadf.jpg,val,allergic_dermatitis,aug_0_1435_jpeg_jpg.rf.a2024191d2312adc370de602129abadf.jpg,g01548
val/allergic_dermatitis/aug_0_1435_jpeg_jpg.rf.dc2e8f0afd7ecc6ff998dce008117b33.jpg,val,allergic_dermatitis,aug_0_1435_jpeg_jpg.rf.dc2e8f0afd7ecc6ff998dce008117b33.jpg,g01548
val/allergic_dermatitis/aug_0_2186_jpeg_jpg.rf.3cc928aace92ca68f4554fded34aadbd.jpg,val,allergic_dermatitis,aug_0_2186_jpeg_jpg.rf.3cc928aace92ca68f4554fded34aadbd.jpg,g01549
val/allergic_dermatitis/aug_0_2309_jpeg_jpg.rf.0494dbffaab4f346b018c9cc641b4d5d.jpg,val,allergic_dermatitis,aug_0_2309_jpeg_jpg.rf.0494dbffaab4f346b018c9cc641b4d5d.jpg,g01550
val/allergic_dermatitis/aug_0_2309_jpeg_jpg.rf.8de98b6844df8eb57f0f3ae23a649383.jpg,val,allergic_dermatitis,aug_0_2309_jpeg_jpg.rf.8de98b6844df8eb57f0f3ae23a649383.jpg,g01550
val/allergic_dermatitis/aug_0_3019_jpeg_jpg.rf.5048bd3160454a640bb57b2e4ae0e802.jpg,val,allergic_dermatitis,aug_0_3019_jpeg_jpg.rf.5048bd3160454a640bb57b2e4ae0e802.jpg,g01551
val/allergic_dermatitis/aug_0_3019_jpeg_jpg.rf.ada1a3368a23f51c0773c498d1ca7c95.jpg,val,allergic_dermatitis,aug_0_3019_jpeg_jpg.rf.ada1a3368a23f51c0773c498d1ca7c95.jpg,g01551
val/allergic_dermatitis/aug_0_3216_jpeg_jpg.rf.a8fcdfb712bd73b3150bd16ff3532253.jpg,val,allergic_dermatitis,aug_0_3216_jpeg_jpg.rf.a8fcdfb712bd73b3150bd16ff3532253.jpg,g01552
val/allergic_dermatitis/aug_0_342_jpeg_jpg.rf.6a073cdbe8084957fea5572476fdefb2.jpg,val,allergic_dermatitis,aug_0_342_jpeg_jpg.rf.6a073cdbe8084957fea5572476fdefb2.jpg,g01553
val/allergic_dermatitis/aug_0_342_jpeg_jpg.rf.c9647eae286dfd380db5dfa4dd767b78.jpg,val,allergic_dermatitis,aug_0_342_jpeg_jpg.rf.c9647eae286dfd380db5dfa4dd767b78.jpg,g01553
val/allergic_dermatitis/aug_0_354_jpeg_jpg.rf.6467f31c1d7c052165aad469145abe9d.jpg,val,allergic_dermatitis,aug_0_354_jpeg_jpg.rf.6467f31c1d7c052165aad469145abe9d.jpg,g01554
val/allergic_dermatitis/aug_0_354_jpeg_jpg.rf.d2e167731d3db73448a67decb7b4f5b1.jpg,val,allergic_dermatitis,aug_0_354_jpeg_jpg.rf.d2e167731d3db73448a67decb7b4f5b1.jpg,g01554
val/allergic_dermatitis/aug_0_3576_jpeg_jpg.rf.6ddd942775706a509d2466a4dbdc28c8.jpg,val,allergic_dermatitis,aug_0_3576_jpeg_jpg.rf.6ddd942775706a509d2466a4dbdc28c8.jpg,g01555
val/allergic_dermatitis/aug_0_3576_jpeg_jpg.rf.7b5d65508ff94a3efd997b2d09515e1b.jpg,val,allergic_dermatitis,aug_0_3576_jpeg_jpg.rf.7b5d65508ff94a3efd997b2d09515e1b.jpg,g01555
val/allergic_dermatitis/aug_0_3596_jpeg_jpg.rf.048d9cadeac426ede3feb6fa1fb1c0d7.jpg,val,allergic_dermatitis,aug_0_3596_jpeg_jpg.rf.048d9cadeac426ede3feb6fa1fb1c0d7.jpg,g01556
val/allergic_dermatitis/aug_0_3663_jpeg_jpg.rf.485c807658f2ff95e7775f7929bf13d0.jpg,val,allergic_dermatitis,aug_0_3663_jpeg_jpg.rf.485c807658f2ff95e7775f7929bf13d0.jpg,g01557
val/allergic_dermatitis/aug_0_3832_jpeg_jpg.rf.ebab24739d7680eb1b50eebaadd99f59.jpg,val,allergic_dermatitis,aug_0_3832_jpeg_jpg.rf.ebab24739d7680eb1b50eebaadd99f59.jpg,g01558
val/allergic_dermatitis/aug_0_3852_jpeg_jpg.rf.98a3c929781095f284a642b98f925a55.jpg,val,allergic_dermatitis,aug_0_3852_jpeg_jpg.rf.98a3c929781095f284a642b98f925a55.jpg,g01559
val/allergic_dermatitis/aug_0_3852_jpeg_jpg.rf.fb6d622c33a827ddaf36cf8c13eb0957.jpg,val,allergic_dermatitis,aug_0_3852_jpeg_jpg.rf.fb6d622c33a827ddaf36cf8c13eb0957.jpg,g01559
val/allergic_dermatitis/aug_0_5745_jpeg_jpg.rf.c61a65f0d7110d2ece63b443bfb3b657.jpg,val,allergic_dermatitis,aug_0_5745_jpeg_jpg.rf.c61a65f0d7110d2ece63b443bfb3b657.jpg,g01560
val/allergic_dermatitis/aug_0_58_jpeg_jpg.rf.ba745f510ee255b3a32b07c5b713cb94.jpg,val,allergic_dermatitis,aug_0_58_jpeg_jpg.rf.ba745f510ee255b3a32b07c5b713cb94.jpg,g01561
val/allergic_dermatitis/aug_0_7740_jpeg_jpg.rf.af9109495896e191816bdd04567f28a3.jpg,val,allergic_dermatitis,aug_0_7740_jpeg_jpg.rf.af9109495896e191816bdd04567f28a3.jpg,g01562
val/allergic_dermatitis/aug_0_8538_jpeg_jpg.rf.6424ce044c51957efd99632f6be8c814.jpg,val,allergic_dermatitis,aug_0_8538_jpeg_jpg.rf.6424ce044c51957efd99632f6be8c814.jpg,g01563
val/allergic_dermatitis/aug_0_8538_jpeg_jpg.rf.d8333c55e6846c86663c71a4d0a879f8.jpg,val,allergic_dermatitis,aug_0_8538_jpeg_jpg.rf.d8333c55e6846c86663c71a4d0a879f8.jpg,g01563
val/allergic_dermatitis/aug_0_8679_jpeg_jpg.rf.962955dbd4567688990a7202edab33ae.jpg,val,allergic_dermatitis,aug_0_8679_jpeg_jpg.rf.962955dbd4567688990a7202edab33ae.jpg,g01564
val/allergic_dermatitis/aug_0_8679_jpeg_jpg.rf.fc4a3e0238d6de167fb58d57e3f4a87d.jpg,val,allergic_dermatitis,aug_0_8679_jpeg_jpg.rf.fc4a3e0238d6de167fb58d57e3f4a87d.jpg,g01564
val/allergic_dermatitis/aug_0_9416_jpeg_jpg.rf.3a4259580ae3b4d28f7bd31a6e197e72.jpg,val,allergic_dermatitis,aug_0_9416_jpeg_jpg.rf.3a4259580ae3b4d28f7bd31a6e197e72.jpg,g01565
val/allergic_dermatitis/aug_0_9416_jpeg_jpg.rf.4e0da6c0badc539417b07e029b996874.jpg,val,allergic_dermatitis,aug_0_9416_jpeg_jpg.rf.4e0da6c0badc539417b07e029b996874.jpg,g01565
val/allergic_dermatitis/flea_allergy-1-_jpg.rf.5b821a73b57a6d4a95e3e114aa93bf8b.jpg,val,allergic_dermatitis,flea_allergy-1-_jpg.rf.5b821a73b57a6d4a95e3e114aa93bf8b.jpg,g01566
val/allergic_dermatitis/flea_allergy-1-_jpg.rf.e0cc46c5b56008f6a1c2c6d51f5cff05.jpg,val,allergic_dermatitis,flea_allergy-1-_jpg.rf.e0cc46c5b56008f6a1c2c6d51f5cff05.jpg,g01566
val/allergic_dermatitis/flea_allergy-13-_jpg.rf.2af7dd67799c9566b4c0832bdf923f88.jpg,val,allergic_dermatitis,flea_allergy-13-_jpg.rf.2af7dd67799c9566b4c0832bdf923f88.jpg,g01567
val/allergic_dermatitis/flea_allergy-22-_jpg.rf.a02e823d1283a294f73379ef32004110.jpg,val,allergic_dermatitis,flea_allergy-22-_jpg.rf.a02e823d1283a294f73379ef32004110.jpg,g01568
val/ear_mites/101_jpg.rf.EYEe1APeFvepOLr0pmQg.jpg,val,ear_mites,101_jpg.rf.EYEe1APeFvepOLr0pmQg.jpg,g01569
val/ear_mites/11_jpg.rf.Wmuh52I1nWj5PIJtDBvc.jpg,val,ear_mites,11_jpg.rf.Wmuh52I1nWj5PIJtDBvc.jpg,g01570
val/ear_mites/11_jpg.rf.caruioDm8BjsnTJiasXu.jpg,val,ear_mites,11_jpg.rf.caruioDm8BjsnTJiasXu.jpg,g01571
val/ear_mites/18_jpg.rf.kkB0jWDiyEuyaAyQ1Cpx.jpg,val,ear_mites,18_jpg.rf.kkB0jWDiyEuyaAyQ1Cpx.jpg,g01572
val/ear_mites/18_jpg.rf.tbOogo84PrgLy0P9Z5Ut.jpg,val,ear_mites,18_jpg.rf.tbOogo84PrgLy0P9Z5Ut.jpg,g01573
val/ear_mites/35_jpg.rf.IAIISdC2jOI5j0RxqZUk.jpg,val,ear_mites,35_jpg.rf.IAIISdC2jOI5j0RxqZUk.jpg,g01574
val/ear_mites/35_jpg.rf.jaSTgPRX48MxBYOUTI7y.jpg,val,ear_mites,35_jpg.rf.jaSTgPRX48MxBYOUTI7y.jpg,g01575
val/ear_mites/44_jpg.rf.7lTXX9hR654cjjiSPXX6.jpg,val,ear_mites,44_jpg.rf.7lTXX9hR654cjjiSPXX6.jpg,g01576
val/ear_mites/44_jpg.rf.EkGIYpYKzDMb1dkOPkh5.jpg,val,ear_mites,44_jpg.rf.EkGIYpYKzDMb1dkOPkh5.jpg,g01577
val/ear_mites/50_jpg.rf.2yilniOvw5EVbNtvStqp.jpg,val,ear_mites,50_jpg.rf.2yilniOvw5EVbNtvStqp.jpg,g01578
val/ear_mites/50_jpg.rf.IKjmgoaTtgufSr6q8f3q.jpg,val,ear_mites,50_jpg.rf.IKjmgoaTtgufSr6q8f3q.jpg,g01579
val/ear_mites/50_jpg.rf.VIh4yiloU0A17ye6Yamz.jpg,val,ear_mites,50_jpg.rf.VIh4yiloU0A17ye6Yamz.jpg,g01580
val/ear_mites/67_jpg.rf.yIYE5sPmc2DOGz3BWd5n.jpg,val,ear_mites,67_jpg.rf.yIYE5sPmc2DOGz3BWd5n.jpg,g01581
val/ear_mites/78_jpeg.rf.VWucW4C5c52C6H96Tigo.jpeg,val,ear_mites,78_jpeg.rf.VWucW4C5c52C6H96Tigo.jpeg,g01582
val/ear_mites/84_jpg.rf.QentVpIzr5ieUHuFbZFr.jpg,val,ear_mites,84_jpg.rf.QentVpIzr5ieUHuFbZFr.jpg,g01583
val/ear_mites/90_jpeg.rf.9nS0ovfdxsjWF03qBu29.jpeg,val,ear_mites,90_jpeg.rf.9nS0ovfdxsjWF03qBu29.jpeg,g01584
val/ear_mites/92_jpg.rf.4HcBCM4SsmjrjHc2fuiP.jpg,val,ear_mites,92_jpg.rf.4HcBCM4SsmjrjHc2fuiP.jpg,g01585
val/ear_mites/92_jpg.rf.idxwMn8MYip0uL05uggv.jpg,val,ear_mites,92_jpg.rf.idxwMn8MYip0uL05uggv.jpg,g01586
val/eosinophilic_granuloma/figure-5_0-31901-gallery_jpeg_jpg.rf.AXCZIbhZ4grlI4DeQsGC.jpg,val,eosinophilic_granuloma,figure-5_0-31901-gallery_jpeg_jpg.rf.AXCZIbhZ4grlI4DeQsGC.jpg,g01587
val/eosinophilic_granuloma/figure-5_0-31901-gallery_jpeg_jpg.rf.Av3tKUvoyPIwW9OGVJU8.jpg,val,eosinophilic_granuloma,figure-5_0-31901-gallery_jpeg_jpg.rf.Av3tKUvoyPIwW9OGVJU8.jpg,g01588
val/eosinophilic_granuloma/figure-5_0-31901-gallery_jpeg_jpg.rf.V7AlUiUI8ASyYfPyMS5H.jpg,val,eosinophilic_granuloma,figure-5_0-31901-gallery_jpeg_jpg.rf.V7AlUiUI8ASyYfPyMS5H.jpg,g01589
val/eosinophilic_granuloma/figure-5_0-31901-gallery_jpeg_jpg.rf.WLLKb0k8JErXc3JeFjtm.jpg,val,eosinophilic_granuloma,figure-5_0-31901-gallery_jpeg_jpg.rf.WLLKb0k8JErXc3JeFjtm.jpg,g01590
val/eosinophilic_granuloma/figure-5_0-31901-gallery_jpeg_jpg.rf.dMpQTiOqLO01hQNFXfLJ.jpg,val,eosinophilic_granuloma,figure-5_0-31901-gallery_jpeg_jpg.rf.dMpQTiOqLO01hQNFXfLJ.jpg,g01591
val/eosinophilic_granuloma/figure-5_0-31901-gallery_jpeg_jpg.rf.veUx3J7Duid7khCYVGcq.jpg,val,eosinophilic_granuloma,figure-5_0-31901-gallery_jpeg_jpg.rf.veUx3J7Duid7khCYVGcq.jpg,g01592
val/feline_acne/10_jpg.rf.fXBEcsvBliL7rlUWDkjL.jpg,val,feline_acne,10_jpg.rf.fXBEcsvBliL7rlUWDkjL.jpg,g01593
val/feline_acne/11_jpg.rf.tUnsWSViQz0f8TXoiXZw.jpg,val,feline_acne,11_jpg.rf.tUnsWSViQz0f8TXoiXZw.jpg,g01594
val/feline_acne/20_jpg.rf.MZhZ3b5lo9JEYCiWqOS4.jpg,val,feline_acne,20_jpg.rf.MZhZ3b5lo9JEYCiWqOS4.jpg,g01595
val/feline_acne/21_jpg.rf.FlYmOSDh03JI4fxTgBju.jpg,val,feline_acne,21_jpg.rf.FlYmOSDh03JI4fxTgBju.jpg,g01596
val/feline_acne/29_jpeg.rf.XY8fNSRQRuESMdLSOR0J.jpeg,val,feline_acne,29_jpeg.rf.XY8fNSRQRuESMdLSOR0J.jpeg,g01597
val/feline_acne/39_jpg.rf.XF1uIelfzqjVNCCWyPky.jpg,val,feline_acne,39_jpg.rf.XF1uIelfzqjVNCCWyPky.jpg,g01598
val/feline_acne/47_jpeg.rf.Bu816wXVjtkNmGW9HFVM.jpeg,val,feline_acne,47_jpeg.rf.Bu816wXVjtkNmGW9HFVM.jpeg,g01599
val/feline_acne/5_jpeg.rf.x3USO7ZSZgkDIsvBfyN6.jpeg,val,feline_acne,5_jpeg.rf.x3USO7ZSZgkDIsvBfyN6.jpeg,g01600
val/feline_acne/74_jpg.rf.dpoGkKEETQeg47Gj5c0y.jpg,val,feline_acne,74_jpg.rf.dpoGkKEETQeg47Gj5c0y.jpg,g01601
val/feline_acne/7_jpg.rf.EkzJ8i0eCuHxwR5VwKZf.jpg,val,feline_acne,7_jpg.rf.EkzJ8i0eCuHxwR5VwKZf.jpg,g01602
val/feline_acne/81_jpg.rf.yY2Nf6hnYLoUgBuRQGO1.jpg,val,feline_acne,81_jpg.rf.yY2Nf6hnYLoUgBuRQGO1.jpg,g01603
val/feline_acne/acne15_resized_jpg.rf.5lX8ZxzhoPAbkQfKnipv.jpg,val,feline_acne,acne15_resized_jpg.rf.5lX8ZxzhoPAbkQfKnipv.jpg,g01604
val/feline_acne/acne19_resized_jpg.rf.lArsTbpWwNwEdARs7cVg.jpg,val,feline_acne,acne19_resized_jpg.rf.lArsTbpWwNwEdARs7cVg.jpg,g01605
val/fungal/1000010682_x16_jpg.rf.7c4871ab002eb0e71550996891f16366.jpg,val,fungal,1000010682_x16_jpg.rf.7c4871ab002eb0e71550996891f16366.jpg,g01606
val/fungal/1000010696_x4_jpg.rf.aae33a43c9f1a169c9062f7c1978841b.jpg,val,fungal,1000010696_x4_jpg.rf.aae33a43c9f1a169c9062f7c1978841b.jpg,g01607
val/fungal/2009-2652-Yegar-M-Canis-Cafhw_jpg.rf.56cff7030f5e265afb5edca94b975424.jpg,val,fungal,2009-2652-Yegar-M-Canis-Cafhw_jpg.rf.56cff7030f5e265afb5edca94b975424.jpg,g01608
val/fungal/2009-2652-Yegar-M-Canis-Cafhw_jpg.rf.a0057d14cfd2dfec34e22f41c1acea6f.jpg,val,fungal,2009-2652-Yegar-M-Canis-Cafhw_jpg.rf.a0057d14cfd2dfec34e22f41c1acea6f.jpg,g01608
val/fungal/2009-2652-Yegar-M-Canis-Cafhw_jpg.rf.aba801d900ff315bc9eb4d70d0deffb9.jpg,val,fungal,2009-2652-Yegar-M-Canis-Cafhw_jpg.rf.aba801d900ff315bc9eb4d70d0deffb9.jpg,g01608
val/fungal/2009-2652-Yegar-M-Canis-Cafhw_jpg.rf.c0d47c8526a0182f709e8cfe1b8fc7a7.jpg,val,fungal,2009-2652-Yegar-M-Canis-Cafhw_jpg.rf.c0d47c8526a0182f709e8cfe1b8fc7a7.jpg,g01608
val/fungal/2009-2652-Yegar-M-Canis-Cafhw_jpg.rf.e5e13786dc36782f89876562e2cd1f5f.jpg,val,fungal,2009-2652-Yegar-M-Canis-Cafhw_jpg.rf.e5e13786dc36782f89876562e2cd1f5f.jpg,g01608
val/fungal/2009-2652-Yegar-M-Canis-Cafhw_jpg.rf.e8080284b15a89c2242663f4fdee1aba.jpg,val,fungal,2009-2652-Yegar-M-Canis-Cafhw_jpg.rf.e8080284b15a89c2242663f4fdee1aba.jpg,g01608
val/fungal/2425B7B6-2AC0-4A8A-BF84-A6DDC2D8EB45_jpeg_jpg.rf.5f795004b4e296cca4276ef5f17c67a4.jpg,val,fungal,2425B7B6-2AC0-4A8A-BF84-A6DDC2D8EB45_jpeg_jpg.rf.5f795004b4e296cca4276ef5f17c67a4.jpg,g01609
val/fungal/2425B7B6-2AC0-4A8A-BF84-A6DDC2D8EB45_jpeg_jpg.rf.6807de5e0ca46b5684ac1e7850d6e6f1.jpg,val,fungal,2425B7B6-2AC0-4A8A-BF84-A6DDC2D8EB45_jpeg_jpg.rf.6807de5e0ca46b5684ac1e7850d6e6f1.jpg,g01609
val/fungal/2425B7B6-2AC0-4A8A-BF84-A6DDC2D8EB45_jpeg_jpg.rf.fab5e2d99becfa4759c0d08386397b0d.jpg,val,fungal,2425B7B6-2AC0-4A8A-BF84-A6DDC2D8EB45_jpeg_jpg.rf.fab5e2d99becfa4759c0d08386397b0d.jpg,g01609
val/fungal/36t_png_jpg.rf.2dbfae741147d2e7636bafa287d77738.jpg,val,fungal,36t_png_jpg.rf.2dbfae741147d2e7636bafa287d77738.jpg,g01610
val/fungal/36t_png_jpg.rf.2ffea23f963050024c5532db6c9fe2dc.jpg,val,fungal,36t_png_jpg.rf.2ffea23f963050024c5532db6c9fe2dc.jpg,g01610
val/fungal/36t_png_jpg.rf.47ae64be7098abf68a9700e375cd673d.jpg,val,fungal,36t_png_jpg.rf.47ae64be7098abf68a9700e375cd673d.jpg,g01610
val/fungal/36t_png_jpg.rf.5da0ae93e09c4e56f6983fd411cf9821.jpg,val,fungal,36t_png_jpg.rf.5da0ae93e09c4e56f6983fd411cf9821.jpg,g01610
val/fungal/36t_png_jpg.rf.98f7665f64a4b5aad1db684cab0b528b.jpg,val,fungal,36t_png_jpg.rf.98f7665f64a4b5aad1db684cab0b528b.jpg,g01610
val/fungal/36u_png_jpg.rf.017d97bdf9ed4dc264b672aec987521b.jpg,val,fungal,36u_png_jpg.rf.017d97bdf9ed4dc264b672aec987521b.jpg,g01611
val/fungal/36u_png_jpg.rf.32bfaf9f5599f006946ff4725baa2d6f.jpg,val,fungal,36u_png_jpg.rf.32bfaf9f5599f006946ff4725baa2d6f.jpg,g01611
val/fungal/36u_png_jpg.rf.61db33e19df61d865e1b4bdc052cdf61.jpg,val,fungal,36u_png_jpg.rf.61db33e19df61d865e1b4bdc052cdf61.jpg,g01611
val/fungal/36u_png_jpg.rf.7d940dd16cdd84635d1c93fc0e298291.jpg,val,fungal,36u_png_jpg.rf.7d940dd16cdd84635d1c93fc0e298291.jpg,g01611
val/fungal/36y_png_jpg.rf.09ec44505e4a14efb14bf48d8504adab.jpg,val,fungal,36y_png_jpg.rf.09ec44505e4a14efb14bf48d8504adab.jpg,g01612
val/fungal/36y_png_jpg.rf.87ab526c5edf6ca70321559ecd34480c.jpg,val,fungal,36y_png_jpg.rf.87ab526c5edf6ca70321559ecd34480c.jpg,g01612
val/fungal/36y_png_jpg.rf.a74a6809ee6b0c34a05d058fc781be52.jpg,val,fungal,36y_png_jpg.rf.a74a6809ee6b0c34a05d058fc781be52.jpg,g01612
val/fungal/36y_png_jpg.rf.aac48b6735067eba9efeb8ea49bc311f.jpg,val,fungal,36y_png_jpg.rf.aac48b6735067eba9efeb8ea49bc311f.jpg,g01612
val/fungal/37_PNG_jpg.rf.2b9e04ef285b031f74ce0817d5456589.jpg,val,fungal,37_PNG_jpg.rf.2b9e04ef285b031f74ce0817d5456589.jpg,g01613
val/fungal/37_PNG_jpg.rf.56520735f7d3f0298ca4edc1ea731c7a.jpg,val,fungal,37_PNG_jpg.rf.56520735f7d3f0298ca4edc1ea731c7a.jpg,g01613
val/fungal/37_PNG_jpg.rf.64efa25a5d73f4e1664611f103f78d2a.jpg,val,fungal,37_PNG_jpg.rf.64efa25a5d73f4e1664611f103f78d2a.jpg,g01613
val/fungal/37_PNG_jpg.rf.bbcd7d8c884b389a8d4740b9e475c7d5.jpg,val,fungal,37_PNG_jpg.rf.bbcd7d8c884b389a8d4740b9e475c7d5.jpg,g01613
val/fungal/37_PNG_jpg.rf.e562853e684fd2ef1d7d1dc190df506c.jpg,val,fungal,37_PNG_jpg.rf.e562853e684fd2ef1d7d1dc190df506c.jpg,g01613
val/fungal/3s_png_jpg.rf.3d8575aaa4dd0dfe53a4d4b48ca5f392.jpg,val,fungal,3s_png_jpg.rf.3d8575aaa4dd0dfe53a4d4b48ca5f392.jpg,g01614
val/fungal/3s_png_jpg.rf.5cff4c4d6caefb2b6c151ba5dd070bfa.jpg,val,fungal,3s_png_jpg.rf.5cff4c4d6caefb2b6c151ba5dd070bfa.jpg,g01614
val/fungal/3s_png_jpg.rf.b07848fd8ce860a1f824c14974498405.jpg,val,fungal,3s_png_jpg.rf.b07848fd8ce860a1f824c14974498405.jpg,g01614
val/fungal/3s_png_jpg.rf.b99fd60cbc3cdb8b667e2010a6c18493.jpg,val,fungal,3s_png_jpg.rf.b99fd60cbc3cdb8b667e2010a6c18493.jpg,g01614
val/fungal/43498992-A8BD-47C5-914E-8E67ACEE1704_jpeg_jpg.rf.290dbab1b83281327bda9dc72c0e5a8f.jpg,val,fungal,43498992-A8BD-47C5-914E-8E67ACEE1704_jpeg_jpg.rf.290dbab1b83281327bda9dc72c0e5a8f.jpg,g01615
val/fungal/435528684_875025924383515_4474230738332666593_n_jpg.rf.085c07ee8270dc8c6a7873a25fa5f75d.jpg,val,fungal,435528684_875025924383515_4474230738332666593_n_jpg.rf.085c07ee8270dc8c6a7873a25fa5f75d.jpg,g01616
val/fungal/435528684_875025924383515_4474230738332666593_n_jpg.rf.6fff62d39f857d03e76e5fb1717aee41.jpg,val,fungal,435528684_875025924383515_4474230738332666593_n_jpg.rf.6fff62d39f857d03e76e5fb1717aee41.jpg,g01616
val/fungal/435528684_875025924383515_4474230738332666593_n_jpg.rf.d45332f63f282888d7c08f93250fdf96.jpg,val,fungal,435528684_875025924383515_4474230738332666593_n_jpg.rf.d45332f63f282888d7c08f93250fdf96.jpg,g01616
val/fungal/435528684_875025924383515_4474230738332666593_n_jpg.rf.dde792372013339238fd2a4b8668e6ce.jpg,val,fungal,435528684_875025924383515_4474230738332666593_n_jpg.rf.dde792372013339238fd2a4b8668e6ce.jpg,g01616
val/fungal/435528684_875025924383515_4474230738332666593_n_jpg.rf.e02a400a8fdced3c35a9ee1497bd988f.jpg,val,fungal,435528684_875025924383515_4474230738332666593_n_jpg.rf.e02a400a8fdced3c35a9ee1497bd988f.jpg,g01616
val/fungal/A332365_1_En_4_Fig38_HTML_x4_jpg.rf.35a65516602d34b6a6fbb1b9fc0e54cc.jpg,val,fungal,A332365_1_En_4_Fig38_HTML_x4_jpg.rf.35a65516602d34b6a6fbb1b9fc0e54cc.jpg,g01617
val/fungal/j47_jpeg_jpg.rf.bb042b5da5665d2985fd4e393fdac96d.jpg,val,fungal,j47_jpeg_jpg.rf.bb042b5da5665d2985fd4e393fdac96d.jpg,g01618
val/fungal/j47_jpeg_jpg.rf.bc0d754850fceb200f3d6e640a84c0d3.jpg,val,fungal,j47_jpeg_jpg.rf.bc0d754850fceb200f3d6e640a84c0d3.jpg,g01618
val/fungal/jamur13_jpeg_jpg.rf.85387629a0f1da9de3e01977ead0fe7b.jpg,val,fungal,jamur13_jpeg_jpg.rf.85387629a0f1da9de3e01977ead0fe7b.jpg,g01619
val/fungal/jamur13_jpeg_jpg.rf.d53dba9e7b94e2d4764f701460e49a60.jpg,val,fungal,jamur13_jpeg_jpg.rf.d53dba9e7b94e2d4764f701460e49a60.jpg,g01619
val/fungal/jamur24_jpeg_jpg.rf.4f0a9cec552f0091879cd3399d0ba18d.jpg,val,fungal,jamur24_jpeg_jpg.rf.4f0a9cec552f0091879cd3399d0ba18d.jpg,g01620
val/fungal/jamur24_jpeg_jpg.rf.ddc361ba22b7f222e2b0a546064729d8.jpg,val,fungal,jamur24_jpeg_jpg.rf.ddc361ba22b7f222e2b0a546064729d8.jpg,g01620
val/fungal/jamur29_jpeg_jpg.rf.41e6ac6ac5857dfb77a0e15422791c1a.jpg,val,fungal,jamur29_jpeg_jpg.rf.41e6ac6ac5857dfb77a0e15422791c1a.jpg,g01621
val/fungal/jamur29_jpeg_jpg.rf.d65848f27b972e40c69376d0ec3dcdc1.jpg,val,fungal,jamur29_jpeg_jpg.rf.d65848f27b972e40c69376d0ec3dcdc1.jpg,g01621
val/fungal/jamur49_jpeg_jpg.rf.2db23dddb95ce5243b73d60472bf1c96.jpg,val,fungal,jamur49_jpeg_jpg.rf.2db23dddb95ce5243b73d60472bf1c96.jpg,g01622
val/fungal/jamur49_jpeg_jpg.rf.89afe3f629ba93781f880e3f9fa2edaf.jpg,val,fungal,jamur49_jpeg_jpg.rf.89afe3f629ba93781f880e3f9fa2edaf.jpg,g01622
val/fungal/jamur51_jpeg_jpg.rf.ad6111728cb816694d21aa9ae5ae8512.jpg,val,fungal,jamur51_jpeg_jpg.rf.ad6111728cb816694d21aa9ae5ae8512.jpg,g01623
val/fungal/jamur51_jpeg_jpg.rf.b83f8bbbe03d268be4070076962b3cab.jpg,val,fungal,jamur51_jpeg_jpg.rf.b83f8bbbe03d268be4070076962b3cab.jpg,g01623
val/fungal/jamur69_jpeg_jpg.rf.028138acbd18d28046abd3d8792d1d99.jpg,val,fungal,jamur69_jpeg_jpg.rf.028138acbd18d28046abd3d8792d1d99.jpg,g01624
val/fungal/jamur69_jpeg_jpg.rf.eefbb5e1c0f43d76e16699cba0ce6b20.jpg,val,fungal,jamur69_jpeg_jpg.rf.eefbb5e1c0f43d76e16699cba0ce6b20.jpg,g01624
val/fungal/jamur82_jpeg_jpg.rf.48d13b6fdeaea5f90aff85b9a3141ed7.jpg,val,fungal,jamur82_jpeg_jpg.rf.48d13b6fdeaea5f90aff85b9a3141ed7.jpg,g01625
val/fungal/jamur82_jpeg_jpg.rf.5a2dab611171ba4ade4fe160f8fad1ca.jpg,val,fungal,jamur82_jpeg_jpg.rf.5a2dab611171ba4ade4fe160f8fad1ca.jpg,g01625
val/fungal/jamur85_jpeg_jpg.rf.3c52c23da3e1f30e1155abd87204df5f.jpg,val,fungal,jamur85_jpeg_jpg.rf.3c52c23da3e1f30e1155abd87204df5f.jpg,g01626
val/fungal/jamur85_jpeg_jpg.rf.640c67affe54313ae95d00eaa27d5dde.jpg,val,fungal,jamur85_jpeg_jpg.rf.640c67affe54313ae95d00eaa27d5dde.jpg,g01626
val/fungal/jamur8_jpeg_jpg.rf.ed199721ad03e17c6c43cda29faa4dee.jpg,val,fungal,jamur8_jpeg_jpg.rf.ed199721ad03e17c6c43cda29faa4dee.jpg,g01627
val/fungal/waj19_jpeg_jpg.rf.1cb4d426ab0bbebe5c77a3ae74920aa7.jpg,val,fungal,waj19_jpeg_jpg.rf.1cb4d426ab0bbebe5c77a3ae74920aa7.jpg,g01628
val/fungal/waj19_jpeg_jpg.rf.81ebe3e3d1b5bff735e8f231d4127f9e.jpg,val,fungal,waj19_jpeg_jpg.rf.81ebe3e3d1b5bff735e8f231d4127f9e.jpg,g01628
val/mange/1000010775_x16_jpg.rf.c5761d999222ac435a84e5fdfa85530a.jpg,val,mange,1000010775_x16_jpg.rf.c5761d999222ac435a84e5fdfa85530a.jpg,g01629
val/mange/19_png_jpg.rf.1d2c09d6b45d8535de099eb25211d91c.jpg,val,mange,19_png_jpg.rf.1d2c09d6b45d8535de099eb25211d91c.jpg,g01630
val/mange/1af1e05f9bea841e74c3ef58a2aa86841c3b929c_jpeg_jpg.rf.8601d2ee854827d6902f4f8e5edf5ee2.jpg,val,mange,1af1e05f9bea841e74c3ef58a2aa86841c3b929c_jpeg_jpg.rf.8601d2ee854827d6902f4f8e5edf5ee2.jpg,g01631
val/mange/2024-05-13-132116_2_jpg.rf.049985389a208c49f971b70cc405fe01.jpg,val,mange,2024-05-13-132116_2_jpg.rf.049985389a208c49f971b70cc405fe01.jpg,g01632
val/mange/2024-05-13-132116_2_jpg.rf.1807ebbf10c1971f5922e6763fac03b3.jpg,val,mange,2024-05-13-132116_2_jpg.rf.1807ebbf10c1971f5922e6763fac03b3.jpg,g01632
val/mange/2024-05-13-132116_2_jpg.rf.8abff374469fcb85a98e914c7ec2cfb7.jpg,val,mange,2024-05-13-132116_2_jpg.rf.8abff374469fcb85a98e914c7ec2cfb7.jpg,g01632
val/mange/2024-05-13-132153_4_jpg.rf.3ee671f07cdcae03dc55b62167cf22f8.jpg,val,mange,2024-05-13-132153_4_jpg.rf.3ee671f07cdcae03dc55b62167cf22f8.jpg,g00819
val/mange/2024-05-13-132153_4_jpg.rf.43e62b223ce5a2a75782a1f69ae5af96.jpg,val,mange,2024-05-13-132153_4_jpg.rf.43e62b223ce5a2a75782a1f69ae5af96.jpg,g00819
val/mange/2024-05-13-132153_4_jpg.rf.8be058b5aa920258c60b3d4a0e19c812.jpg,val,mange,2024-05-13-132153_4_jpg.rf.8be058b5aa920258c60b3d4a0e19c812.jpg,g00819
val/mange/2024-05-13-132153_4_jpg.rf.910f01ad1f3b82b071f665cdba28b9fd.jpg,val,mange,2024-05-13-132153_4_jpg.rf.910f01ad1f3b82b071f665cdba28b9fd.jpg,g00819
val/mange/2024-05-13-132428_3_jpg.rf.03de3dee8c1a385ceb96faf434a4fb5c.jpg,val,mange,2024-05-13-132428_3_jpg.rf.03de3dee8c1a385ceb96faf434a4fb5c.jpg,g00821
val/mange/2024-05-13-132428_3_jpg.rf.403f0b7c107e6368123b986ba0d14137.jpg,val,mange,2024-05-13-132428_3_jpg.rf.403f0b7c107e6368123b986ba0d14137.jpg,g00821
val/mange/2024-05-13-132428_3_jpg.rf.4ec15ad1805e3779501f12518cef0da4.jpg,val,mange,2024-05-13-132428_3_jpg.rf.4ec15ad1805e3779501f12518cef0da4.jpg,g00821
val/mange/2024-05-13-132428_3_jpg.rf.703e9426be02208f03d963516217d89e.jpg,val,mange,2024-05-13-132428_3_jpg.rf.703e9426be02208f03d963516217d89e.jpg,g00821
val/mange/2024-05-13-132428_3_jpg.rf.ece0de14396535adf663254a0f4f96aa.jpg,val,mange,2024-05-13-132428_3_jpg.rf.ece0de14396535adf663254a0f4f96aa.jpg,g00821
val/mange/2024-05-13-132545_4_jpg.rf.40acbc52e2e37b933d0ceb59aa62def7.jpg,val,mange,2024-05-13-132545_4_jpg.rf.40acbc52e2e37b933d0ceb59aa62def7.jpg,g00823
val/mange/2024-05-13-132545_4_jpg.rf.6b57aad47989d092822834a1147a17e8.jpg,val,mange,2024-05-13-132545_4_jpg.rf.6b57aad47989d092822834a1147a17e8.jpg,g00823
val/mange/2024-05-13-132545_4_jpg.rf.8b21f5cfd38d4c773cbad58f438fe83c.jpg,val,mange,2024-05-13-132545_4_jpg.rf.8b21f5cfd38d4c773cbad58f438fe83c.jpg,g00823
val/mange/2024-05-13-132545_4_jpg.rf.b7bc07db035845966245d5c4ba188675.jpg,val,mange,2024-05-13-132545_4_jpg.rf.b7bc07db035845966245d5c4ba188675.jpg,g00823
val/mange/2024-05-13-132545_4_jpg.rf.c6aee1412f3db4f797de37b05c00fd9e.jpg,val,mange,2024-05-13-132545_4_jpg.rf.c6aee1412f3db4f797de37b05c00fd9e.jpg,g00823
val/mange/2024-05-13-132627_1_jpg.rf.3b433b5e90675ce7e8f5846442aa0705.jpg,val,mange,2024-05-13-132627_1_jpg.rf.3b433b5e90675ce7e8f5846442aa0705.jpg,g00824
val/mange/2024-05-13-132627_1_jpg.rf.4f9b99d99444a4e048114abfc36fe00b.jpg,val,mange,2024-05-13-132627_1_jpg.rf.4f9b99d99444a4e048114abfc36fe00b.jpg,g00824
val/mange/2024-05-13-132627_1_jpg.rf.66defea4ed5a4b6817829b2892ee85b2.jpg,val,mange,2024-05-13-132627_1_jpg.rf.66defea4ed5a4b6817829b2892ee85b2.jpg,g00824
val/mange/2024-05-13-132627_1_jpg.rf.6e8013920ebd1a9de3264c0254804072.jpg,val,mange,2024-05-13-132627_1_jpg.rf.6e8013920ebd1a9de3264c0254804072.jpg,g00824
val/mange/2024-05-13-132935_4_jpg.rf.391c6871dc71ccde872b4c32ff2b246b.jpg,val,mange,2024-05-13-132935_4_jpg.rf.391c6871dc71ccde872b4c32ff2b246b.jpg,g00828
val/mange/2024-05-13-132935_4_jpg.rf.f1fca7ebbb163e2415b96e6b2225dac6.jpg,val,mange,2024-05-13-132935_4_jpg.rf.f1fca7ebbb163e2415b96e6b2225dac6.jpg,g00828
val/mange/2024-05-13-133056_1_jpg.rf.1ef2a98d74056a354db9a5b520685e34.jpg,val,mange,2024-05-13-133056_1_jpg.rf.1ef2a98d74056a354db9a5b520685e34.jpg,g00831
val/mange/2024-05-13-133056_1_jpg.rf.5ab9d76bda38695e63b0aeccf991a79b.jpg,val,mange,2024-05-13-133056_1_jpg.rf.5ab9d76bda38695e63b0aeccf991a79b.jpg,g00831
val/mange/2024-05-13-133056_1_jpg.rf.82a013ec66b75ea19f5ebb1948f0ecb5.jpg,val,mange,2024-05-13-133056_1_jpg.rf.82a013ec66b75ea19f5ebb1948f0ecb5.jpg,g00831
val/mange/2024-05-13-133056_1_jpg.rf.adf370029c6e0985f982049c55418b48.jpg,val,mange,2024-05-13-133056_1_jpg.rf.adf370029c6e0985f982049c55418b48.jpg,g00831
val/mange/2024-05-13-133056_1_jpg.rf.c1e40aeb49f08c0b4809d5a9e08b87c6.jpg,val,mange,2024-05-13-133056_1_jpg.rf.c1e40aeb49f08c0b4809d5a9e08b87c6.jpg,g00831
val/mange/2024-05-13-133056_1_jpg.rf.fe45eb78684dad9efae5089f63f45a57.jpg,val,mange,2024-05-13-133056_1_jpg.rf.fe45eb78684dad9efae5089f63f45a57.jpg,g00831
val/mange/2024-05-13-133205_1_jpg.rf.0c90b9e7d5f8f4e8a8f48973145513ac.jpg,val,mange,2024-05-13-133205_1_jpg.rf.0c90b9e7d5f8f4e8a8f48973145513ac.jpg,g00833
val/mange/2024-05-13-133205_1_jpg.rf.4165249f0cc242865990c7be44fe6030.jpg,val,mange,2024-05-13-133205_1_jpg.rf.4165249f0cc242865990c7be44fe6030.jpg,g00833
val/mange/2024-05-13-133205_1_jpg.rf.4f8ea2cf5f794a84bf312b00a1fcf69c.jpg,val,mange,2024-05-13-133205_1_jpg.rf.4f8ea2cf5f794a84bf312b00a1fcf69c.jpg,g00833
val/mange/2024-05-13-133205_1_jpg.rf.dc92b252472e03ea82a5cf8e1731dec3.jpg,val,mange,2024-05-13-133205_1_jpg.rf.dc92b252472e03ea82a5cf8e1731dec3.jpg,g00833
val/mange/2024-05-13-134130_3_jpg.rf.17b42611d70492c15028a41abbf72b20.jpg,val,mange,2024-05-13-134130_3_jpg.rf.17b42611d70492c15028a41abbf72b20.jpg,g00842
val/mange/2024-05-13-134130_3_jpg.rf.702853cdf8c1e78215f795c5ca164b3a.jpg,val,mange,2024-05-13-134130_3_jpg.rf.702853cdf8c1e78215f795c5ca164b3a.jpg,g00842
val/mange/2024-05-13-134130_3_jpg.rf.c7e73bb2cb6f1bb4f86db262b88bb14b.jpg,val,mange,2024-05-13-134130_3_jpg.rf.c7e73bb2cb6f1bb4f86db262b88bb14b.jpg,g00842
val/mange/2024-05-13-134130_3_jpg.rf.d3922c6cffb9a1c262f1485ead4d2dee.jpg,val,mange,2024-05-13-134130_3_jpg.rf.d3922c6cffb9a1c262f1485ead4d2dee.jpg,g00842
val/mange/2024-05-13-134130_3_jpg.rf.d5984d4842d8b251117e82770fb5680a.jpg,val,mange,2024-05-13-134130_3_jpg.rf.d5984d4842d8b251117e82770fb5680a.jpg,g00842
val/mange/2024-05-13-134130_3_jpg.rf.f0e20f5211cd309c72b461f036f3920f.jpg,val,mange,2024-05-13-134130_3_jpg.rf.f0e20f5211cd309c72b461f036f3920f.jpg,g00842
val/mange/2024-05-13-134316_3_jpg.rf.69a36b779fd65626501e5c1a127069a1.jpg,val,mange,2024-05-13-134316_3_jpg.rf.69a36b779fd65626501e5c1a127069a1.jpg,g00846
val/mange/22_png_jpg.rf.6418f389a6bd197f30d0eb7c518511c9.jpg,val,mange,22_png_jpg.rf.6418f389a6bd197f30d0eb7c518511c9.jpg,g01633
val/mange/22_png_jpg.rf.aeab43ae31d1ac70cbbc9fa31a2db3f8.jpg,val,mange,22_png_jpg.rf.aeab43ae31d1ac70cbbc9fa31a2db3f8.jpg,g01633
val/mange/431b67dc8abef58a33f606ec6d5b2bd00e016900_jpeg_jpg.rf.106ce815c00f0c2f83d507757b84f94c.jpg,val,mange,431b67dc8abef58a33f606ec6d5b2bd00e016900_jpeg_jpg.rf.106ce815c00f0c2f83d507757b84f94c.jpg,g01634
val/mange/56_jpg.rf.2e351c39b622574981dce721ef1c8e91.jpg,val,mange,56_jpg.rf.2e351c39b622574981dce721ef1c8e91.jpg,g01635
val/mange/56_jpg.rf.2fc236d94dfa616f800cd67cc7af2150.jpg,val,mange,56_jpg.rf.2fc236d94dfa616f800cd67cc7af2150.jpg,g01635
val/mange/9_png_jpg.rf.8c2b7c845b241c31c7824d046b83397f.jpg,val,mange,9_png_jpg.rf.8c2b7c845b241c31c7824d046b83397f.jpg,g01636
val/mange/9_png_jpg.rf.e3e05069a8a3db1a2e7c4d67844dc849.jpg,val,mange,9_png_jpg.rf.e3e05069a8a3db1a2e7c4d67844dc849.jpg,g01636
val/mange/aug_0_297_jpeg_jpg.rf.742de16930b2f4bd489b8a36568b6446.jpg,val,mange,aug_0_297_jpeg_jpg.rf.742de16930b2f4bd489b8a36568b6446.jpg,g01637
val/mange/aug_0_297_jpeg_jpg.rf.dea6dd38cba00d1bae8895ff2d662cf4.jpg,val,mange,aug_0_297_jpeg_jpg.rf.dea6dd38cba00d1bae8895ff2d662cf4.jpg,g01637
val/mange/aug_0_2_jpeg_jpg.rf.b3db42dcf1fd0c1bd80f407b94ea2a4d.jpg,val,mange,aug_0_2_jpeg_jpg.rf.b3db42dcf1fd0c1bd80f407b94ea2a4d.jpg,g01638
val/mange/aug_0_2_jpeg_jpg.rf.c87d453f128c6e5ee69799c3f1c5b44f.jpg,val,mange,aug_0_2_jpeg_jpg.rf.c87d453f128c6e5ee69799c3f1c5b44f.jpg,g01638
val/mange/aug_0_5116_jpeg_jpg.rf.ce7e66244bedf6831dca709432a4bc54.jpg,val,mange,aug_0_5116_jpeg_jpg.rf.ce7e66244bedf6831dca709432a4bc54.jpg,g01639
val/mange/aug_0_5116_jpeg_jpg.rf.f91d6c85196a1a0bb7bc34ac0479fed4.jpg,val,mange,aug_0_5116_jpeg_jpg.rf.f91d6c85196a1a0bb7bc34ac0479fed4.jpg,g01639
val/mange/aug_0_5457_jpeg_jpg.rf.0d04aa94a26e63ba510348404f517927.jpg,val,mange,aug_0_5457_jpeg_jpg.rf.0d04aa94a26e63ba510348404f517927.jpg,g01640
val/mange/aug_0_5457_jpeg_jpg.rf.f494a3f1be502bfa149a5cd3a383689d.jpg,val,mange,aug_0_5457_jpeg_jpg.rf.f494a3f1be502bfa149a5cd3a383689d.jpg,g01640
val/other/0446-RnjoT07nBxo_jpg.rf.JYc6gquSbCrWqGzQ5mrH.jpg,val,other,0446-RnjoT07nBxo_jpg.rf.JYc6gquSbCrWqGzQ5mrH.jpg,g01641
val/other/0777-PixFVQ9TE9s_jpg.rf.7mNlWwXVAH0w4V5CINFW.jpg,val,other,0777-PixFVQ9TE9s_jpg.rf.7mNlWwXVAH0w4V5CINFW.jpg,g01642
val/other/0777-PixFVQ9TE9s_jpg.rf.FcfSETW8UVtCNowfuQCN.jpg,val,other,0777-PixFVQ9TE9s_jpg.rf.FcfSETW8UVtCNowfuQCN.jpg,g01643
val/other/0873-diRExH62UgQ_jpg.rf.0LLwmMGHdM2ITUIRA4JA.jpg,val,other,0873-diRExH62UgQ_jpg.rf.0LLwmMGHdM2ITUIRA4JA.jpg,g01644
val/other/0873-diRExH62UgQ_jpg.rf.SHDOcPWgkZeJZ49w0Qhd.jpg,val,other,0873-diRExH62UgQ_jpg.rf.SHDOcPWgkZeJZ49w0Qhd.jpg,g01645
val/other/1130-IVpGPmFrZgs_jpg.rf.0Cd91YO9ea0uVHIMKbnf.jpg,val,other,1130-IVpGPmFrZgs_jpg.rf.0Cd91YO9ea0uVHIMKbnf.jpg,g01646
val/other/1130-IVpGPmFrZgs_jpg.rf.cDqvS0uZSN666RnOYtZ1.jpg,val,other,1130-IVpGPmFrZgs_jpg.rf.cDqvS0uZSN666RnOYtZ1.jpg,g01647
val/other/1147-I9gcHckQo94_jpg.rf.ExepiA5XOIc2xt3qVbEu.jpg,val,other,1147-I9gcHckQo94_jpg.rf.ExepiA5XOIc2xt3qVbEu.jpg,g01648
val/other/1365-GgrogpaN48w_jpg.rf.mEhabndQw13CXsvxvTy5.jpg,val,other,1365-GgrogpaN48w_jpg.rf.mEhabndQw13CXsvxvTy5.jpg,g01649
val/other/1602-0WD1QeHM-o0_jpg.rf.lBGcJflvMQPOxPgcqFfA.jpg,val,other,1602-0WD1QeHM-o0_jpg.rf.lBGcJflvMQPOxPgcqFfA.jpg,g01650
val/other/1718-MqXWogtgq18_jpg.rf.IZCFagQJ88jUMPpkLxxe.jpg,val,other,1718-MqXWogtgq18_jpg.rf.IZCFagQJ88jUMPpkLxxe.jpg,g01651
val/other/1e161cf3433aee7231b8b56333127e5c_jpg.rf.ejtAMoSuZuZo3c0ILIPz.jpg,val,other,1e161cf3433aee7231b8b56333127e5c_jpg.rf.ejtAMoSuZuZo3c0ILIPz.jpg,g01652
val/other/2T7OkT9RmTY_jpg.rf.gwElcDZpc5TDtxu2doBZ.jpg,val,other,2T7OkT9RmTY_jpg.rf.gwElcDZpc5TDtxu2doBZ.jpg,g01653
val/other/3136-m4ojA8PCiSU_jpg.rf.XMNn8obezt4whgOlUbxp.jpg,val,other,3136-m4ojA8PCiSU_jpg.rf.XMNn8obezt4whgOlUbxp.jpg,g01654
val/other/3166-cJmIHwjLsIM_jpg.rf.DoqhYmuV8g6ziUSzxgCu.jpg,val,other,3166-cJmIHwjLsIM_jpg.rf.DoqhYmuV8g6ziUSzxgCu.jpg,g01655
val/other/728x437_1_85569319b7b2a77c2adcac20bb697826-1745x1047_0x4Bwe7Yeg_0691375502584441641_jpg.rf.OWvj0rTxkQ00Mvso7Fqo.jpg,val,other,728x437_1_85569319b7b2a77c2adcac20bb697826-1745x1047_0x4Bwe7Yeg_0691375502584441641_jpg.rf.OWvj0rTxkQ00Mvso7Fqo.jpg,g01656
val/other/COCO_train2014_000000000109_jpg.rf.HbHpEXLxD5KkfjYhfj2N.jpg,val,other,COCO_train2014_000000000109_jpg.rf.HbHpEXLxD5KkfjYhfj2N.jpg,g01657
val/other/COCO_train2014_000000000142_jpg.rf.JUdSg9xL5KSSTkKT2G2U.jpg,val,other,COCO_train2014_000000000142_jpg.rf.JUdSg9xL5KSSTkKT2G2U.jpg,g01658
val/other/COCO_train2014_000000000263_jpg.rf.Swg0TYRy97HPJSZfK2GY.jpg,val,other,COCO_train2014_000000000263_jpg.rf.Swg0TYRy97HPJSZfK2GY.jpg,g01659
val/other/COCO_train2014_000000000322_jpg.rf.XxErqvl4ieEt6lX7hut6.jpg,val,other,COCO_train2014_000000000322_jpg.rf.XxErqvl4ieEt6lX7hut6.jpg,g01660
val/other/COCO_train2014_000000000450_jpg.rf.qK1OEDmdaRpKd0YqIr2Z.jpg,val,other,COCO_train2014_000000000450_jpg.rf.qK1OEDmdaRpKd0YqIr2Z.jpg,g01661
val/other/COCO_train2014_000000000584_jpg.rf.1bIEEPWYXm7QFf0515v8.jpg,val,other,COCO_train2014_000000000584_jpg.rf.1bIEEPWYXm7QFf0515v8.jpg,g01662
val/other/COCO_train2014_000000000684_jpg.rf.SRKxdzyEMpNfO5zmzvGg.jpg,val,other,COCO_train2014_000000000684_jpg.rf.SRKxdzyEMpNfO5zmzvGg.jpg,g01663
val/other/COCO_train2014_000000001090_jpg.rf.I9T6tA5LOzrFkBFzRl2R.jpg,val,other,COCO_train2014_000000001090_jpg.rf.I9T6tA5LOzrFkBFzRl2R.jpg,g01664
val/other/COCO_train2014_000000001139_jpg.rf.bhFtniwDdP8GNd4cVYcc.jpg,val,other,COCO_train2014_000000001139_jpg.rf.bhFtniwDdP8GNd4cVYcc.jpg,g01665
val/other/COCO_train2014_000000001144_jpg.rf.a8VteoZq208NbRbYNvDX.jpg,val,other,COCO_train2014_000000001144_jpg.rf.a8VteoZq208NbRbYNvDX.jpg,g01666
val/other/COCO_train2014_000000001168_jpg.rf.Wx3lzeHgJwTWh3hIpBI9.jpg,val,other,COCO_train2014_000000001168_jpg.rf.Wx3lzeHgJwTWh3hIpBI9.jpg,g01667
val/other/COCO_train2014_000000001238_jpg.rf.AgyiSqILMrKyS8V2Y8Fa.jpg,val,other,COCO_train2014_000000001238_jpg.rf.AgyiSqILMrKyS8V2Y8Fa.jpg,g01668
val/other/COCO_train2014_000000001407_jpg.rf.kBjbH99seoGRYQEaYrh5.jpg,val,other,COCO_train2014_000000001407_jpg.rf.kBjbH99seoGRYQEaYrh5.jpg,g01669
val/other/COCO_train2014_000000001756_jpg.rf.JgjNllWgqOIUF4nFbVgl.jpg,val,other,COCO_train2014_000000001756_jpg.rf.JgjNllWgqOIUF4nFbVgl.jpg,g01670
val/other/COCO_train2014_000000001781_jpg.rf.WoouNSTs3h3PULvStzFD.jpg,val,other,COCO_train2014_000000001781_jpg.rf.WoouNSTs3h3PULvStzFD.jpg,g01671
val/other/COCO_train2014_000000001911_jpg.rf.MDchpBWka4uNY5LDpXLF.jpg,val,other,COCO_train2014_000000001911_jpg.rf.MDchpBWka4uNY5LDpXLF.jpg,g01672
val/other/COCO_train2014_000000001924_jpg.rf.0v9NpVH8JVrRuiDwXofw.jpg,val,other,COCO_train2014_000000001924_jpg.rf.0v9NpVH8JVrRuiDwXofw.jpg,g01673
val/other/COCO_train2014_000000001994_jpg.rf.WVKnax59NvN35QDp5GpU.jpg,val,other,COCO_train2014_000000001994_jpg.rf.WVKnax59NvN35QDp5GpU.jpg,g01674
val/other/COCO_train2014_000000002024_jpg.rf.8oLWNVUlcTdriBjnlXVI.jpg,val,other,COCO_train2014_000000002024_jpg.rf.8oLWNVUlcTdriBjnlXVI.jpg,g01675
val/other/COCO_train2014_000000002089_jpg.rf.n0cYoP7cxzPOpQ8WIP47.jpg,val,other,COCO_train2014_000000002089_jpg.rf.n0cYoP7cxzPOpQ8WIP47.jpg,g01676
val/other/COCO_train2014_000000002135_jpg.rf.APTm3Yv6X9KxrSQjhtRH.jpg,val,other,COCO_train2014_000000002135_jpg.rf.APTm3Yv6X9KxrSQjhtRH.jpg,g01677
val/other/COCO_train2014_000000002148_jpg.rf.uHew2ARjvyKkDu9xpQuO.jpg,val,other,COCO_train2014_000000002148_jpg.rf.uHew2ARjvyKkDu9xpQuO.jpg,g01678
val/other/COCO_train2014_000000002229_jpg.rf.LSZliGIzgqwbsHIARCx9.jpg,val,other,COCO_train2014_000000002229_jpg.rf.LSZliGIzgqwbsHIARCx9.jpg,g01679
val/other/COCO_train2014_000000002283_jpg.rf.nCB9lYFCNFfKBsuxyb1G.jpg,val,other,COCO_train2014_000000002283_jpg.rf.nCB9lYFCNFfKBsuxyb1G.jpg,g01680
val/other/COCO_train2014_000000002445_jpg.rf.XBWiWTf5Ad1ObOPI8lhX.jpg,val,other,COCO_train2014_000000002445_jpg.rf.XBWiWTf5Ad1ObOPI8lhX.jpg,g01681
val/other/COCO_train2014_000000002602_jpg.rf.XmohgneZkbQlBVbLQN9b.jpg,val,other,COCO_train2014_000000002602_jpg.rf.XmohgneZkbQlBVbLQN9b.jpg,g01682
val/other/COCO_train2014_000000002619_jpg.rf.9K3SYAkGfbuYpP3FpZlt.jpg,val,other,COCO_train2014_000000002619_jpg.rf.9K3SYAkGfbuYpP3FpZlt.jpg,g01683
val/other/COCO_train2014_000000002645_jpg.rf.N6wMU7uvNjurn9yB4xro.jpg,val,other,COCO_train2014_000000002645_jpg.rf.N6wMU7uvNjurn9yB4xro.jpg,g01684
val/other/COCO_train2014_000000002664_jpg.rf.EsGVpIQtZhBArrrn5030.jpg,val,other,COCO_train2014_000000002664_jpg.rf.EsGVpIQtZhBArrrn5030.jpg,g01685
val/other/COCO_train2014_000000002693_jpg.rf.rkhknb6nq6mqVi39BQmY.jpg,val,other,COCO_train2014_000000002693_jpg.rf.rkhknb6nq6mqVi39BQmY.jpg,g01686
val/other/COCO_train2014_000000002842_jpg.rf.xYWVqv0ESLeu2gKZ40PC.jpg,val,other,COCO_train2014_000000002842_jpg.rf.xYWVqv0ESLeu2gKZ40PC.jpg,g01687
val/other/COCO_train2014_000000003131_jpg.rf.gr4EuhFjp4m1xwLR3PuX.jpg,val,other,COCO_train2014_000000003131_jpg.rf.gr4EuhFjp4m1xwLR3PuX.jpg,g01688
val/other/COCO_train2014_000000003148_jpg.rf.l0DgRYYyHTxEPw0Xp4qS.jpg,val,other,COCO_train2014_000000003148_jpg.rf.l0DgRYYyHTxEPw0Xp4qS.jpg,g01689
val/other/COCO_train2014_000000003157_jpg.rf.wvfpQzeYW0lIM10Djqs6.jpg,val,other,COCO_train2014_000000003157_jpg.rf.wvfpQzeYW0lIM10Djqs6.jpg,g01690
val/other/COCO_train2014_000000003365_jpg.rf.Ti4h0Sqy42xPfbogl1qX.jpg,val,other,COCO_train2014_000000003365_jpg.rf.Ti4h0Sqy42xPfbogl1qX.jpg,g01691
val/other/COCO_train2014_000000003389_jpg.rf.7GTIMRpYKyTM3QZ4Un3n.jpg,val,other,COCO_train2014_000000003389_jpg.rf.7GTIMRpYKyTM3QZ4Un3n.jpg,g01692
val/other/COCO_train2014_000000003483_jpg.rf.DEKtMl1rK2MkxNDCah4X.jpg,val,other,COCO_train2014_000000003483_jpg.rf.DEKtMl1rK2MkxNDCah4X.jpg,g01693
val/other/COCO_train2014_000000003521_jpg.rf.bswEMUO7XQkn4zU3P1UE.jpg,val,other,COCO_train2014_000000003521_jpg.rf.bswEMUO7XQkn4zU3P1UE.jpg,g01694
val/other/COCO_train2014_000000003770_jpg.rf.8dBXonrzWXvtkESJNnIa.jpg,val,other,COCO_train2014_000000003770_jpg.rf.8dBXonrzWXvtkESJNnIa.jpg,g01695
val/other/COCO_train2014_000000003941_jpg.rf.oNMtYoCgK9n8XuZWYzrJ.jpg,val,other,COCO_train2014_000000003941_jpg.rf.oNMtYoCgK9n8XuZWYzrJ.jpg,g01696
val/other/COCO_train2014_000000003995_jpg.rf.oEXHQMtDcbSFfpLGwxYJ.jpg,val,other,COCO_train2014_000000003995_jpg.rf.oEXHQMtDcbSFfpLGwxYJ.jpg,g01697
val/other/COCO_train2014_000000004138_jpg.rf.GgNk5v57Ad0DKYKMiq9j.jpg,val,other,COCO_train2014_000000004138_jpg.rf.GgNk5v57Ad0DKYKMiq9j.jpg,g01698
val/other/COCO_train2014_000000004172_jpg.rf.n7NOM7XUmuCxmQ5aGWNs.jpg,val,other,COCO_train2014_000000004172_jpg.rf.n7NOM7XUmuCxmQ5aGWNs.jpg,g01699
val/other/COCO_train2014_000000004259_jpg.rf.dv90iC90KGlFFqz1S3jd.jpg,val,other,COCO_train2014_000000004259_jpg.rf.dv90iC90KGlFFqz1S3jd.jpg,g01700
val/other/COCO_train2014_000000004319_jpg.rf.pcq64gaWnRlkME3K4fmX.jpg,val,other,COCO_train2014_000000004319_jpg.rf.pcq64gaWnRlkME3K4fmX.jpg,g01701
val/other/COCO_train2014_000000004555_jpg.rf.QpU1OnI55SVhC6PsQKdc.jpg,val,other,COCO_train2014_000000004555_jpg.rf.QpU1OnI55SVhC6PsQKdc.jpg,g01702
val/other/COCO_train2014_000000004595_jpg.rf.51uWzA5BMShyXEoyZ3uD.jpg,val,other,COCO_train2014_000000004595_jpg.rf.51uWzA5BMShyXEoyZ3uD.jpg,g01703
val/other/COCO_train2014_000000004622_jpg.rf.Cl9jUE7bruAToLYQWSBv.jpg,val,other,COCO_train2014_000000004622_jpg.rf.Cl9jUE7bruAToLYQWSBv.jpg,g01704
val/other/COCO_train2014_000000004673_jpg.rf.JaT8O5RcPxHsCerp9wag.jpg,val,other,COCO_train2014_000000004673_jpg.rf.JaT8O5RcPxHsCerp9wag.jpg,g01705
val/other/COCO_train2014_000000004711_jpg.rf.PzEfGdlgGMzHYe0AnkdA.jpg,val,other,COCO_train2014_000000004711_jpg.rf.PzEfGdlgGMzHYe0AnkdA.jpg,g01706
val/other/COCO_train2014_000000004719_jpg.rf.8H3oiBBdxlY8ENd0vark.jpg,val,other,COCO_train2014_000000004719_jpg.rf.8H3oiBBdxlY8ENd0vark.jpg,g01707
val/other/COCO_train2014_000000004963_jpg.rf.EMVt7TzKnGyZjnhUwUOX.jpg,val,other,COCO_train2014_000000004963_jpg.rf.EMVt7TzKnGyZjnhUwUOX.jpg,g01708
val/other/COCO_train2014_000000024657_jpg.rf.DcjVx151BkXhtzsP4zwr.jpg,val,other,COCO_train2014_000000024657_jpg.rf.DcjVx151BkXhtzsP4zwr.jpg,g01709
val/other/eLIGOFT9lWI_jpg.rf.kqkv5UCwIJuSuruWqQ0j.jpg,val,other,eLIGOFT9lWI_jpg.rf.kqkv5UCwIJuSuruWqQ0j.jpg,g01710
val/other/eye34_jpg.rf.PDA0191a3TsUhN1FWDYk.jpg,val,other,eye34_jpg.rf.PDA0191a3TsUhN1FWDYk.jpg,g01711
val/other/jveZ612qAtU_jpg.rf.vKLbk6xeLL56cXpc1KtZ.jpg,val,other,jveZ612qAtU_jpg.rf.vKLbk6xeLL56cXpc1KtZ.jpg,g01712
val/other/kdBxmh5q5UE-1-_jpg.rf.C10GCeoeljsjHUf6gc18.jpg,val,other,kdBxmh5q5UE-1-_jpg.rf.C10GCeoeljsjHUf6gc18.jpg,g01713
val/other/photo1692728528_jpeg_jpg.rf.H49wlY2mVNbiwASSkewz.jpg,val,other,photo1692728528_jpeg_jpg.rf.H49wlY2mVNbiwASSkewz.jpg,g01714
val/other/photo1692960446_jpeg_jpg.rf.cy9YXci7n4RCiMvykbOj.jpg,val,other,photo1692960446_jpeg_jpg.rf.cy9YXci7n4RCiMvykbOj.jpg,g01715
val/other/photo1693965595_jpeg_jpg.rf.sN1p0SilQ1HNaSuPLJLW.jpg,val,other,photo1693965595_jpeg_jpg.rf.sN1p0SilQ1HNaSuPLJLW.jpg,g01716
val/other/photo1694093617_jpeg_jpg.rf.EjQjfJPrwjZxK2Zjl668.jpg,val,other,photo1694093617_jpeg_jpg.rf.EjQjfJPrwjZxK2Zjl668.jpg,g01717
val/other/photo1694278510_jpeg_jpg.rf.XBN3UEbGNRTClUc5injs.jpg,val,other,photo1694278510_jpeg_jpg.rf.XBN3UEbGNRTClUc5injs.jpg,g01718
test/allergic_dermatitis/1000010510_x4_jpg.rf.e994800a660ce31aeec5c4d5021d76fd.jpg,test,allergic_dermatitis,1000010510_x4_jpg.rf.e994800a660ce31aeec5c4d5021d76fd.jpg,g01719
test/allergic_dermatitis/1000010536_x4_jpg.rf.3787ac7e39227c69fcfcc16ffe45915b.jpg,test,allergic_dermatitis,1000010536_x4_jpg.rf.3787ac7e39227c69fcfcc16ffe45915b.jpg,g01720
test/allergic_dermatitis/1000010536_x4_jpg.rf.6ce41277113dfdc094532e58d51c1224.jpg,test,allergic_dermatitis,1000010536_x4_jpg.rf.6ce41277113dfdc094532e58d51c1224.jpg,g01720
test/allergic_dermatitis/1000010538_x16_jpg.rf.5b047e4f261ce3d09cc7eaf5dddea96c.jpg,test,allergic_dermatitis,1000010538_x16_jpg.rf.5b047e4f261ce3d09cc7eaf5dddea96c.jpg,g01721
test/allergic_dermatitis/1000010549_x16_jpg.rf.db3d136a52d0fb4131b458286ca125d9.jpg,test,allergic_dermatitis,1000010549_x16_jpg.rf.db3d136a52d0fb4131b458286ca125d9.jpg,g01722
test/allergic_dermatitis/1000010551_x16_jpg.rf.2b0392687bed539b06ef5a49e2356eae.jpg,test,allergic_dermatitis,1000010551_x16_jpg.rf.2b0392687bed539b06ef5a49e2356eae.jpg,g01723
test/allergic_dermatitis/1000010640_x16_jpg.rf.7f2438ec26d4902c2c7cc1b1107b7890.jpg,test,allergic_dermatitis,1000010640_x16_jpg.rf.7f2438ec26d4902c2c7cc1b1107b7890.jpg,g01724
test/allergic_dermatitis/1000010640_x16_jpg.rf.ebaa470d47f36670c995eac78112b5fa.jpg,test,allergic_dermatitis,1000010640_x16_jpg.rf.ebaa470d47f36670c995eac78112b5fa.jpg,g01724
test/allergic_dermatitis/1000010648_x16_jpg.rf.3cd9cba61b6f26411aa1d4532309def3.jpg,test,allergic_dermatitis,1000010648_x16_jpg.rf.3cd9cba61b6f26411aa1d4532309def3.jpg,g01725
test/allergic_dermatitis/1000010648_x16_jpg.rf.835da93e2231893d3bf445036d793b3a.jpg,test,allergic_dermatitis,1000010648_x16_jpg.rf.835da93e2231893d3bf445036d793b3a.jpg,g01725
test/allergic_dermatitis/1000010673_x16_jpg.rf.d233796ec30afe02bbef2951d14b72a8.jpg,test,allergic_dermatitis,1000010673_x16_jpg.rf.d233796ec30afe02bbef2951d14b72a8.jpg,g01726
test/allergic_dermatitis/1000010673_x16_jpg.rf.f8bd668b25be15550589f0f87b4b87a8.jpg,test,allergic_dermatitis,1000010673_x16_jpg.rf.f8bd668b25be15550589f0f87b4b87a8.jpg,g01726
test/allergic_dermatitis/1000010697_x16_jpg.rf.2bead7edc52d3bb0406ce23a72bd72c2.jpg,test,allergic_dermatitis,1000010697_x16_jpg.rf.2bead7edc52d3bb0406ce23a72bd72c2.jpg,g01727
test/allergic_dermatitis/1000010697_x16_jpg.rf.9b75746e65ddd21d27463c32a87d2b61.jpg,test,allergic_dermatitis,1000010697_x16_jpg.rf.9b75746e65ddd21d27463c32a87d2b61.jpg,g01727
test/allergic_dermatitis/1000010751_x16_jpg.rf.59a911452344e3d41350263981ae2e79.jpg,test,allergic_dermatitis,1000010751_x16_jpg.rf.59a911452344e3d41350263981ae2e79.jpg,g01728
test/allergic_dermatitis/1000010751_x16_jpg.rf.b54e14ffab1812e0199b77a665407ed0.jpg,test,allergic_dermatitis,1000010751_x16_jpg.rf.b54e14ffab1812e0199b77a665407ed0.jpg,g01728
test/allergic_dermatitis/1000010769_x16_jpg.rf.05404b6ac9a0629a1e8820ca560d3d24.jpg,test,allergic_dermatitis,1000010769_x16_jpg.rf.05404b6ac9a0629a1e8820ca560d3d24.jpg,g01729
test/allergic_dermatitis/1000010769_x16_jpg.rf.55d49c775a6a4ad793ec557515ca70f2.jpg,test,allergic_dermatitis,1000010769_x16_jpg.rf.55d49c775a6a4ad793ec557515ca70f2.jpg,g01729
test/allergic_dermatitis/1000010771_x16_jpg.rf.4f0d304cdd68b2beb708f60139102192.jpg,test,allergic_dermatitis,1000010771_x16_jpg.rf.4f0d304cdd68b2beb708f60139102192.jpg,g01730
test/allergic_dermatitis/1000010771_x16_jpg.rf.55c79c2f698f072bbdfe039b448108d9.jpg,test,allergic_dermatitis,1000010771_x16_jpg.rf.55c79c2f698f072bbdfe039b448108d9.jpg,g01730
test/allergic_dermatitis/296327617_10223333354745759_96123069612573010_n_jpg.rf.286f81cb609fca02b743f6c948f2f07c.jpg,test,allergic_dermatitis,296327617_10223333354745759_96123069612573010_n_jpg.rf.286f81cb609fca02b743f6c948f2f07c.jpg,g01731
test/allergic_dermatitis/83482425_2666988283398175_4819098995697647616_n_jpg.rf.fea726ffbacffc944b311ee10dc505f1.jpg,test,allergic_dermatitis,83482425_2666988283398175_4819098995697647616_n_jpg.rf.fea726ffbacffc944b311ee10dc505f1.jpg,g01732
test/allergic_dermatitis/83553740_2666988543398149_7829973956135223296_n_jpg.rf.2ec226443fe516f657487b13f731523e.jpg,test,allergic_dermatitis,83553740_2666988543398149_7829973956135223296_n_jpg.rf.2ec226443fe516f657487b13f731523e.jpg,g01733
test/allergic_dermatitis/83553740_2666988543398149_7829973956135223296_n_jpg.rf.cfa3d4fd3bb15e815201f8536b8e6c6d.jpg,test,allergic_dermatitis,83553740_2666988543398149_7829973956135223296_n_jpg.rf.cfa3d4fd3bb15e815201f8536b8e6c6d.jpg,g01733
test/allergic_dermatitis/Atopic-dermatitis_Dog-chronic-lick-sore-on-leg_DermVets_jpg.rf.98e600d36c937b7ae8c5b80f80b81044.jpg,test,allergic_dermatitis,Atopic-dermatitis_Dog-chronic-lick-sore-on-leg_DermVets_jpg.rf.98e600d36c937b7ae8c5b80f80b81044.jpg,g01734
test/allergic_dermatitis/aug3_jpg.rf.3577427ae79c9b168f108288901b7a3f.jpg,test,allergic_dermatitis,aug3_jpg.rf.3577427ae79c9b168f108288901b7a3f.jpg,g01735
test/allergic_dermatitis/aug3_jpg.rf.57f78f30959159a82faac5fa58005c04.jpg,test,allergic_dermatitis,aug3_jpg.rf.57f78f30959159a82faac5fa58005c04.jpg,g01735
test/allergic_dermatitis/aug_0_1107_jpeg_jpg.rf.a86232b7e1cc4d9d3325533a77deccdb.jpg,test,allergic_dermatitis,aug_0_1107_jpeg_jpg.rf.a86232b7e1cc4d9d3325533a77deccdb.jpg,g01736
test/allergic_dermatitis/aug_0_1764_jpeg_jpg.rf.78dd16f1e9755b40d27f9b450ba6134c.jpg,test,allergic_dermatitis,aug_0_1764_jpeg_jpg.rf.78dd16f1e9755b40d27f9b450ba6134c.jpg,g01737
test/allergic_dermatitis/aug_0_1764_jpeg_jpg.rf.916022a073a87c2a9d2ea2a82ac1665e.jpg,test,allergic_dermatitis,aug_0_1764_jpeg_jpg.rf.916022a073a87c2a9d2ea2a82ac1665e.jpg,g01737
test/allergic_dermatitis/aug_0_1856_jpeg_jpg.rf.49161405228287b0a8f9ad197c3c55e3.jpg,test,allergic_dermatitis,aug_0_1856_jpeg_jpg.rf.49161405228287b0a8f9ad197c3c55e3.jpg,g01738
test/allergic_dermatitis/aug_0_1856_jpeg_jpg.rf.be151c3ec23f19e38da034271539e051.jpg,test,allergic_dermatitis,aug_0_1856_jpeg_jpg.rf.be151c3ec23f19e38da034271539e051.jpg,g01738
test/allergic_dermatitis/aug_0_3170_jpeg_jpg.rf.d743022a458f4da2656df57c55ef4ce8.jpg,test,allergic_dermatitis,aug_0_3170_jpeg_jpg.rf.d743022a458f4da2656df57c55ef4ce8.jpg,g01739
test/allergic_dermatitis/aug_0_3170_jpeg_jpg.rf.ddb9086425d28787d6c9a6dbaf3fb051.jpg,test,allergic_dermatitis,aug_0_3170_jpeg_jpg.rf.ddb9086425d28787d6c9a6dbaf3fb051.jpg,g01739
test/allergic_dermatitis/aug_0_4985_jpeg_jpg.rf.9fc413e2799647a366659c72868f2524.jpg,test,allergic_dermatitis,aug_0_4985_jpeg_jpg.rf.9fc413e2799647a366659c72868f2524.jpg,g01740
test/allergic_dermatitis/aug_0_4985_jpeg_jpg.rf.b8ceaddcaa9b014c4814ce671f08fe5f.jpg,test,allergic_dermatitis,aug_0_4985_jpeg_jpg.rf.b8ceaddcaa9b014c4814ce671f08fe5f.jpg,g01740
test/allergic_dermatitis/aug_0_4997_jpeg_jpg.rf.c289ec52781c1779ca669297464bbae8.jpg,test,allergic_dermatitis,aug_0_4997_jpeg_jpg.rf.c289ec52781c1779ca669297464bbae8.jpg,g01741
test/allergic_dermatitis/aug_0_4997_jpeg_jpg.rf.f5ec4e4300b961f6b7ca95dd7511b406.jpg,test,allergic_dermatitis,aug_0_4997_jpeg_jpg.rf.f5ec4e4300b961f6b7ca95dd7511b406.jpg,g01741
test/allergic_dermatitis/aug_0_5453_jpeg_jpg.rf.a162ec00e541328a66f8f1dede5232d3.jpg,test,allergic_dermatitis,aug_0_5453_jpeg_jpg.rf.a162ec00e541328a66f8f1dede5232d3.jpg,g01742
test/allergic_dermatitis/aug_0_5453_jpeg_jpg.rf.bcb9f99af81f430837885a4e2d3b1110.jpg,test,allergic_dermatitis,aug_0_5453_jpeg_jpg.rf.bcb9f99af81f430837885a4e2d3b1110.jpg,g01742
test/allergic_dermatitis/aug_0_6974_jpeg_jpg.rf.999029e28299279f045013b5d7c0c170.jpg,test,allergic_dermatitis,aug_0_6974_jpeg_jpg.rf.999029e28299279f045013b5d7c0c170.jpg,g01743
test/allergic_dermatitis/aug_0_6974_jpeg_jpg.rf.ef554fb9e7d06f8335df87c48a33b0f6.jpg,test,allergic_dermatitis,aug_0_6974_jpeg_jpg.rf.ef554fb9e7d06f8335df87c48a33b0f6.jpg,g01743
test/allergic_dermatitis/aug_0_794_jpeg_jpg.rf.1672d0eb1b1960e37facfd9ca59ecfa4.jpg,test,allergic_dermatitis,aug_0_794_jpeg_jpg.rf.1672d0eb1b1960e37facfd9ca59ecfa4.jpg,g01744
test/allergic_dermatitis/aug_0_794_jpeg_jpg.rf.898ad9e86e44348a258944d6534cb4a5.jpg,test,allergic_dermatitis,aug_0_794_jpeg_jpg.rf.898ad9e86e44348a258944d6534cb4a5.jpg,g01744
test/allergic_dermatitis/aug_0_8487_jpeg_jpg.rf.56d6a77c80b36937bd896b1c0c7e994f.jpg,test,allergic_dermatitis,aug_0_8487_jpeg_jpg.rf.56d6a77c80b36937bd896b1c0c7e994f.jpg,g01745
test/allergic_dermatitis/aug_0_8487_jpeg_jpg.rf.62db135913ebb4163a5c17c12e12a28c.jpg,test,allergic_dermatitis,aug_0_8487_jpeg_jpg.rf.62db135913ebb4163a5c17c12e12a28c.jpg,g01745
test/allergic_dermatitis/aug_0_9167_jpeg_jpg.rf.67977e1957ccec46b99b9751be022d9d.jpg,test,allergic_dermatitis,aug_0_9167_jpeg_jpg.rf.67977e1957ccec46b99b9751be022d9d.jpg,g01746
test/allergic_dermatitis/aug_0_9167_jpeg_jpg.rf.fd7cd28b05fd66afd9cef5607a1159b8.jpg,test,allergic_dermatitis,aug_0_9167_jpeg_jpg.rf.fd7cd28b05fd66afd9cef5607a1159b8.jpg,g01746
test/allergic_dermatitis/aug_0_9169_jpeg_jpg.rf.e6f64c3af1d3b44cbdc42eafeb1164e7.jpg,test,allergic_dermatitis,aug_0_9169_jpeg_jpg.rf.e6f64c3af1d3b44cbdc42eafeb1164e7.jpg,g01747
test/allergic_dermatitis/aug_0_9169_jpeg_jpg.rf.e9b9373a7af8e51265d8d223633c2de2.jpg,test,allergic_dermatitis,aug_0_9169_jpeg_jpg.rf.e9b9373a7af8e51265d8d223633c2de2.jpg,g01747
test/allergic_dermatitis/aug_0_9230_jpeg_jpg.rf.8fa2af6a3ff49354b28148e34ffea02c.jpg,test,allergic_dermatitis,aug_0_9230_jpeg_jpg.rf.8fa2af6a3ff49354b28148e34ffea02c.jpg,g01748
test/allergic_dermatitis/aug_0_9883_jpeg_jpg.rf.287f9839b9f0e630c4baa54b51ccc030.jpg,test,allergic_dermatitis,aug_0_9883_jpeg_jpg.rf.287f9839b9f0e630c4baa54b51ccc030.jpg,g01749
test/allergic_dermatitis/aug_0_9883_jpeg_jpg.rf.d2cc2e97af52b7aaae10f4f4f49b9501.jpg,test,allergic_dermatitis,aug_0_9883_jpeg_jpg.rf.d2cc2e97af52b7aaae10f4f4f49b9501.jpg,g01749
test/allergic_dermatitis/flea_allergy-17-_jpg.rf.21aec30ffcf60c25d387eec691b37b83.jpg,test,allergic_dermatitis,flea_allergy-17-_jpg.rf.21aec30ffcf60c25d387eec691b37b83.jpg,g01750
test/allergic_dermatitis/flea_allergy-2-_jpg.rf.8dfae813f9c37880feb1d511225be275.jpg,test,allergic_dermatitis,flea_allergy-2-_jpg.rf.8dfae813f9c37880feb1d511225be275.jpg,g01751
test/allergic_dermatitis/flea_allergy-2-_jpg.rf.8e26ce7d24043ff69924573785d28563.jpg,test,allergic_dermatitis,flea_allergy-2-_jpg.rf.8e26ce7d24043ff69924573785d28563.jpg,g01751
test/allergic_dermatitis/flea_allergy-30-_jpg.rf.8bf3cbcd1218466ed533070ea82959f7.jpg,test,allergic_dermatitis,flea_allergy-30-_jpg.rf.8bf3cbcd1218466ed533070ea82959f7.jpg,g01752
test/ear_mites/25_png.rf.ejgjhWHpzRGMG4ALEJbQ.png,test,ear_mites,25_png.rf.ejgjhWHpzRGMG4ALEJbQ.png,g01753
test/ear_mites/29_jpg.rf.2nN743B2XPrnjzCa2tan.jpg,test,ear_mites,29_jpg.rf.2nN743B2XPrnjzCa2tan.jpg,g01754
test/ear_mites/29_jpg.rf.6oux81yjNFSAk8nBI5G0.jpg,test,ear_mites,29_jpg.rf.6oux81yjNFSAk8nBI5G0.jpg,g01755
test/ear_mites/31_jpeg.rf.l324Uk8VuGlqUEzLTOlU.jpeg,test,ear_mites,31_jpeg.rf.l324Uk8VuGlqUEzLTOlU.jpeg,g01756
test/ear_mites/37_jpg.rf.7Lq7OL1hQMUxMqSiQPcp.jpg,test,ear_mites,37_jpg.rf.7Lq7OL1hQMUxMqSiQPcp.jpg,g01757
test/ear_mites/37_jpg.rf.tDXW293LiNdCDHROtFCb.jpg,test,ear_mites,37_jpg.rf.tDXW293LiNdCDHROtFCb.jpg,g01758
test/ear_mites/47_jpg.rf.5yv7jIvdKLWNL9pRoJ32.jpg,test,ear_mites,47_jpg.rf.5yv7jIvdKLWNL9pRoJ32.jpg,g01759
test/ear_mites/47_jpg.rf.LGEbAOkAiwpMDi1IuOW7.jpg,test,ear_mites,47_jpg.rf.LGEbAOkAiwpMDi1IuOW7.jpg,g01760
test/ear_mites/57_jpg.rf.UBwrJFIy2MX1ug8dntEu.jpg,test,ear_mites,57_jpg.rf.UBwrJFIy2MX1ug8dntEu.jpg,g01761
test/ear_mites/57_jpg.rf.kPCACXmkzu77PM9JsHdW.jpg,test,ear_mites,57_jpg.rf.kPCACXmkzu77PM9JsHdW.jpg,g01762
test/ear_mites/60_jpg.rf.m2lJZ6Qo78v15fN3BSQG.jpg,test,ear_mites,60_jpg.rf.m2lJZ6Qo78v15fN3BSQG.jpg,g01763
test/ear_mites/62_jpg.rf.HMiQEbTj2SNk8zAX0gXA.jpg,test,ear_mites,62_jpg.rf.HMiQEbTj2SNk8zAX0gXA.jpg,g01764
test/ear_mites/6_jpeg.rf.5JjMywzXF7Ui579JrXql.jpeg,test,ear_mites,6_jpeg.rf.5JjMywzXF7Ui579JrXql.jpeg,g01765
test/ear_mites/6_jpg.rf.wmqNh8bELmUfuRuTHkFA.jpg,test,ear_mites,6_jpg.rf.wmqNh8bELmUfuRuTHkFA.jpg,g01766
test/ear_mites/75_jpeg.rf.8tIVUIrgEb42qwj5wL1K.jpeg,test,ear_mites,75_jpeg.rf.8tIVUIrgEb42qwj5wL1K.jpeg,g01767
test/ear_mites/94_jpg.rf.1bb7ED5CO6MRu9nXbBEb.jpg,test,ear_mites,94_jpg.rf.1bb7ED5CO6MRu9nXbBEb.jpg,g01768
test/ear_mites/95_jpg.rf.dL1pZvANgYQm7hEshW0y.jpg,test,ear_mites,95_jpg.rf.dL1pZvANgYQm7hEshW0y.jpg,g01769
test/ear_mites/95_jpg.rf.vMyHhCCiAOl9OCkViH5H.jpg,test,ear_mites,95_jpg.rf.vMyHhCCiAOl9OCkViH5H.jpg,g01770
test/eosinophilic_granuloma/1132954_jpg.rf.7zikMqJzf4L2KG9ncEhb.jpg,test,eosinophilic_granuloma,1132954_jpg.rf.7zikMqJzf4L2KG9ncEhb.jpg,g01771
test/eosinophilic_granuloma/1132954_jpg.rf.eWlDMwzFKhW4v5cWqKaE.jpg,test,eosinophilic_granuloma,1132954_jpg.rf.eWlDMwzFKhW4v5cWqKaE.jpg,g01772
test/eosinophilic_granuloma/1132954_jpg.rf.lY6y52Kl4VjuUaCcW4T2.jpg,test,eosinophilic_granuloma,1132954_jpg.rf.lY6y52Kl4VjuUaCcW4T2.jpg,g01773
test/eosinophilic_granuloma/1132954_jpg.rf.nDkLVbpB7pPzc4RTl3HU.jpg,test,eosinophilic_granuloma,1132954_jpg.rf.nDkLVbpB7pPzc4RTl3HU.jpg,g01774
test/eosinophilic_granuloma/figure-3_1-31901-gallery_jpeg_jpg.rf.3nh5haTmgzTh2POR0aRu.jpg,test,eosinophilic_granuloma,figure-3_1-31901-gallery_jpeg_jpg.rf.3nh5haTmgzTh2POR0aRu.jpg,g01775
test/eosinophilic_granuloma/figure-3_1-31901-gallery_jpeg_jpg.rf.7eIRAyaS71LRvDde74gc.jpg,test,eosinophilic_granuloma,figure-3_1-31901-gallery_jpeg_jpg.rf.7eIRAyaS71LRvDde74gc.jpg,g01776
test/eosinophilic_granuloma/figure-3_1-31901-gallery_jpeg_jpg.rf.9QwYcf9pscyXxewyEuoi.jpg,test,eosinophilic_granuloma,figure-3_1-31901-gallery_jpeg_jpg.rf.9QwYcf9pscyXxewyEuoi.jpg,g01777
test/eosinophilic_granuloma/figure-3_1-31901-gallery_jpeg_jpg.rf.9piIA1q45wmbP8Co4GF0.jpg,test,eosinophilic_granuloma,figure-3_1-31901-gallery_jpeg_jpg.rf.9piIA1q45wmbP8Co4GF0.jpg,g01778
test/eosinophilic_granuloma/figure-3_1-31901-gallery_jpeg_jpg.rf.Lv7UtCegqnYfj4Jmvz20.jpg,test,eosinophilic_granuloma,figure-3_1-31901-gallery_jpeg_jpg.rf.Lv7UtCegqnYfj4Jmvz20.jpg,g01779
test/eosinophilic_granuloma/figure-3_1-31901-gallery_jpeg_jpg.rf.N6SgbZmKroSHBzahlfCj.jpg,test,eosinophilic_granuloma,figure-3_1-31901-gallery_jpeg_jpg.rf.N6SgbZmKroSHBzahlfCj.jpg,g01780
test/eosinophilic_granuloma/figure-3_1-31901-gallery_jpeg_jpg.rf.PZOTuJwIenL8p98MTRoV.jpg,test,eosinophilic_granuloma,figure-3_1-31901-gallery_jpeg_jpg.rf.PZOTuJwIenL8p98MTRoV.jpg,g01781
test/eosinophilic_granuloma/figure-3_1-31901-gallery_jpeg_jpg.rf.SA1CjMEOQV4oq636heqk.jpg,test,eosinophilic_granuloma,figure-3_1-31901-gallery_jpeg_jpg.rf.SA1CjMEOQV4oq636heqk.jpg,g01782
test/eosinophilic_granuloma/figure-3_1-31901-gallery_jpeg_jpg.rf.SPLhu4eagm79NGRo1kkS.jpg,test,eosinophilic_granuloma,figure-3_1-31901-gallery_jpeg_jpg.rf.SPLhu4eagm79NGRo1kkS.jpg,g01783
test/eosinophilic_granuloma/figure-3_1-31901-gallery_jpeg_jpg.rf.X7k42owu3wWgVTGAmoi2.jpg,test,eosinophilic_granuloma,figure-3_1-31901-gallery_jpeg_jpg.rf.X7k42owu3wWgVTGAmoi2.jpg,g01784
test/eosinophilic_granuloma/figure-3_1-31901-gallery_jpeg_jpg.rf.Xtf2aHTWLEnyP8Prxasp.jpg,test,eosinophilic_granuloma,figure-3_1-31901-gallery_jpeg_jpg.rf.Xtf2aHTWLEnyP8Prxasp.jpg,g01785
test/eosinophilic_granuloma/figure-3_1-31901-gallery_jpeg_jpg.rf.ohGwgHrsL9mnwRGtOKGr.jpg,test,eosinophilic_granuloma,figure-3_1-31901-gallery_jpeg_jpg.rf.ohGwgHrsL9mnwRGtOKGr.jpg,g01786
test/feline_acne/16_jpg.rf.XzVeupOp9SVlGWEWWq7U.jpg,test,feline_acne,16_jpg.rf.XzVeupOp9SVlGWEWWq7U.jpg,g01787
test/feline_acne/40_jpg.rf.Xso8TyEynoDmJnh2nqG6.jpg,test,feline_acne,40_jpg.rf.Xso8TyEynoDmJnh2nqG6.jpg,g01788
test/feline_acne/49_jpeg.rf.ErIHdrHkIZdYOajclOC5.jpeg,test,feline_acne,49_jpeg.rf.ErIHdrHkIZdYOajclOC5.jpeg,g01789
test/feline_acne/55_jpg.rf.AaHapGEFd4Ka93slPEHq.jpg,test,feline_acne,55_jpg.rf.AaHapGEFd4Ka93slPEHq.jpg,g01790
test/feline_acne/6_jpeg.rf.SEWCcMsLUUb078x5ul6i.jpeg,test,feline_acne,6_jpeg.rf.SEWCcMsLUUb078x5ul6i.jpeg,g01791
test/feline_acne/77_jpg.rf.WFa1rS0na9niD1pUC5z8.jpg,test,feline_acne,77_jpg.rf.WFa1rS0na9niD1pUC5z8.jpg,g01792
test/feline_acne/8_jpg.rf.8a11fgJAVKysqOiFB2Z3.jpg,test,feline_acne,8_jpg.rf.8a11fgJAVKysqOiFB2Z3.jpg,g01793
test/feline_acne/91_jpg.rf.qmTNwfc33faWs28VM7WU.jpg,test,feline_acne,91_jpg.rf.qmTNwfc33faWs28VM7WU.jpg,g01794
test/feline_acne/93_jpg.rf.rXWBOiaxgJwD57lFQV1M.jpg,test,feline_acne,93_jpg.rf.rXWBOiaxgJwD57lFQV1M.jpg,g01795
test/feline_acne/acne06_resized_jpg.rf.xngOYkCVK0rsHZrlBTZp.jpg,test,feline_acne,acne06_resized_jpg.rf.xngOYkCVK0rsHZrlBTZp.jpg,g01796
test/feline_acne/acne10_resized_jpg.rf.c2OBFscSA4jTSM9aQ5vH.jpg,test,feline_acne,acne10_resized_jpg.rf.c2OBFscSA4jTSM9aQ5vH.jpg,g01797
test/feline_acne/acne18_resized_jpg.rf.MJpdro1Rrlxp6ruRGaPS.jpg,test,feline_acne,acne18_resized_jpg.rf.MJpdro1Rrlxp6ruRGaPS.jpg,g01798
test/feline_acne/acne31_jpg.rf.tuQmP0l5HCGxVZCAPbcH.jpg,test,feline_acne,acne31_jpg.rf.tuQmP0l5HCGxVZCAPbcH.jpg,g01799
test/fungal/278372566_1115287789314455_1249966033354804477_n_jpg.rf.da4e2a313c7a95639dde2ff96512b8cc.jpg,test,fungal,278372566_1115287789314455_1249966033354804477_n_jpg.rf.da4e2a313c7a95639dde2ff96512b8cc.jpg,g01800
test/fungal/38t_png_jpg.rf.05998eb6bbde4623952a8a11152f0679.jpg,test,fungal,38t_png_jpg.rf.05998eb6bbde4623952a8a11152f0679.jpg,g01801
test/fungal/38t_png_jpg.rf.4b3e8eb3fb70f022145e73f3332f7e0a.jpg,test,fungal,38t_png_jpg.rf.4b3e8eb3fb70f022145e73f3332f7e0a.jpg,g01801
test/fungal/436638693_826239035984778_764987017093970170_n_jpg.rf.12cce7979f4ee1073c141dc94d4a3d1c.jpg,test,fungal,436638693_826239035984778_764987017093970170_n_jpg.rf.12cce7979f4ee1073c141dc94d4a3d1c.jpg,g01802
test/fungal/436638693_826239035984778_764987017093970170_n_jpg.rf.4514593192157d8e3ba2c03bdb6c9134.jpg,test,fungal,436638693_826239035984778_764987017093970170_n_jpg.rf.4514593192157d8e3ba2c03bdb6c9134.jpg,g01802
test/fungal/436638693_826239035984778_764987017093970170_n_jpg.rf.60197b9c0552777fe28f499165075221.jpg,test,fungal,436638693_826239035984778_764987017093970170_n_jpg.rf.60197b9c0552777fe28f499165075221.jpg,g01802
test/fungal/436638693_826239035984778_764987017093970170_n_jpg.rf.bd87a4942ecf10b6c45c311a35288f46.jpg,test,fungal,436638693_826239035984778_764987017093970170_n_jpg.rf.bd87a4942ecf10b6c45c311a35288f46.jpg,g01802
test/fungal/436638693_826239035984778_764987017093970170_n_jpg.rf.dcc3099b910f50c59457ac4fdef6b3e7.jpg,test,fungal,436638693_826239035984778_764987017093970170_n_jpg.rf.dcc3099b910f50c59457ac4fdef6b3e7.jpg,g01802
test/fungal/j44_jpeg_jpg.rf.dae75ef745bb454edfe3259cbc9a77f1.jpg,test,fungal,j44_jpeg_jpg.rf.dae75ef745bb454edfe3259cbc9a77f1.jpg,g01803
test/fungal/j44_jpeg_jpg.rf.f1f21bf3c814dbe1827eebcb953bf8ad.jpg,test,fungal,j44_jpeg_jpg.rf.f1f21bf3c814dbe1827eebcb953bf8ad.jpg,g01803
test/fungal/j48_jpeg_jpg.rf.cf4e55449b7a9955a40d73f8c5ec2423.jpg,test,fungal,j48_jpeg_jpg.rf.cf4e55449b7a9955a40d73f8c5ec2423.jpg,g01804
test/fungal/j49_jpeg_jpg.rf.a5e0b37afcd1c89cdcba993413745b0b.jpg,test,fungal,j49_jpeg_jpg.rf.a5e0b37afcd1c89cdcba993413745b0b.jpg,g01805
test/fungal/j50_jpeg_jpg.rf.4863ba4a9f65bb8f4bda44dd7e816525.jpg,test,fungal,j50_jpeg_jpg.rf.4863ba4a9f65bb8f4bda44dd7e816525.jpg,g01806
test/fungal/j50_jpeg_jpg.rf.c7c625529357cdfb9869f24a9c55d1c5.jpg,test,fungal,j50_jpeg_jpg.rf.c7c625529357cdfb9869f24a9c55d1c5.jpg,g01806
test/fungal/j53_jpeg_jpg.rf.9bc2672675ac3dc012d5f5a2f186da42.jpg,test,fungal,j53_jpeg_jpg.rf.9bc2672675ac3dc012d5f5a2f186da42.jpg,g01807
test/fungal/j53_jpeg_jpg.rf.a2a40d3c085c8feada11ea1adbd1986b.jpg,test,fungal,j53_jpeg_jpg.rf.a2a40d3c085c8feada11ea1adbd1986b.jpg,g01807
test/fungal/j57_jpeg_jpg.rf.b34f97e35bacfa7b8f3c4edc6d3341f4.jpg,test,fungal,j57_jpeg_jpg.rf.b34f97e35bacfa7b8f3c4edc6d3341f4.jpg,g01808
test/fungal/j57_jpeg_jpg.rf.df7e2713e8b7d8dd1e3a35b1e4488ecf.jpg,test,fungal,j57_jpeg_jpg.rf.df7e2713e8b7d8dd1e3a35b1e4488ecf.jpg,g01808
test/fungal/jamur20_jpeg_jpg.rf.67adf4e90f6a971c20ceb726c31c79b3.jpg,test,fungal,jamur20_jpeg_jpg.rf.67adf4e90f6a971c20ceb726c31c79b3.jpg,g01809
test/fungal/jamur20_jpeg_jpg.rf.e83f23e38e112716dfdc9c7cbf17f8bf.jpg,test,fungal,jamur20_jpeg_jpg.rf.e83f23e38e112716dfdc9c7cbf17f8bf.jpg,g01809
test/fungal/jamur26_jpeg_jpg.rf.d3fa01d58fed7a8c09aca6ddf55c736a.jpg,test,fungal,jamur26_jpeg_jpg.rf.d3fa01d58fed7a8c09aca6ddf55c736a.jpg,g01810
test/fungal/jamur26_jpeg_jpg.rf.de50587d4388374c9bcab40bc337c288.jpg,test,fungal,jamur26_jpeg_jpg.rf.de50587d4388374c9bcab40bc337c288.jpg,g01810
test/fungal/jamur30_jpeg_jpg.rf.0fb13bc17952ada0d7e39bb406a436c1.jpg,test,fungal,jamur30_jpeg_jpg.rf.0fb13bc17952ada0d7e39bb406a436c1.jpg,g01811
test/fungal/jamur30_jpeg_jpg.rf.334a06ece2e796405834a86ab59ab29d.jpg,test,fungal,jamur30_jpeg_jpg.rf.334a06ece2e796405834a86ab59ab29d.jpg,g01811
test/fungal/jamur33_jpeg_jpg.rf.2530f449f5296301d59328faac0980de.jpg,test,fungal,jamur33_jpeg_jpg.rf.2530f449f5296301d59328faac0980de.jpg,g01812
test/fungal/jamur33_jpeg_jpg.rf.dbc2eb6312f47593266232c17758b4c1.jpg,test,fungal,jamur33_jpeg_jpg.rf.dbc2eb6312f47593266232c17758b4c1.jpg,g01812
test/fungal/jamur41_jpeg_jpg.rf.49ba9521d3fbd935feb866bc527ecfe2.jpg,test,fungal,jamur41_jpeg_jpg.rf.49ba9521d3fbd935feb866bc527ecfe2.jpg,g01813
test/fungal/jamur41_jpeg_jpg.rf.56e8985fb37750b60abd1d82d377fafc.jpg,test,fungal,jamur41_jpeg_jpg.rf.56e8985fb37750b60abd1d82d377fafc.jpg,g01813
test/fungal/jamur45_jpeg_jpg.rf.18c8d4d962829881256711cbcd9db915.jpg,test,fungal,jamur45_jpeg_jpg.rf.18c8d4d962829881256711cbcd9db915.jpg,g01814
test/fungal/jamur45_jpeg_jpg.rf.447bd1539ddd6484fb0a7c56f0e59522.jpg,test,fungal,jamur45_jpeg_jpg.rf.447bd1539ddd6484fb0a7c56f0e59522.jpg,g01814
test/fungal/jamur58_jpeg_jpg.rf.58246b0b584b1d6af16fb47bbc88bd63.jpg,test,fungal,jamur58_jpeg_jpg.rf.58246b0b584b1d6af16fb47bbc88bd63.jpg,g01815
test/fungal/jamur70_jpeg_jpg.rf.49e44d1710bbc0b6c82c29333d6c3756.jpg,test,fungal,jamur70_jpeg_jpg.rf.49e44d1710bbc0b6c82c29333d6c3756.jpg,g01816
test/fungal/jamur70_jpeg_jpg.rf.613e2b8722b4aec3d081074c1644bad6.jpg,test,fungal,jamur70_jpeg_jpg.rf.613e2b8722b4aec3d081074c1644bad6.jpg,g01816
test/fungal/jamur76_jpeg_jpg.rf.b7d0b33da28d180b4b6f415e5d79cec6.jpg,test,fungal,jamur76_jpeg_jpg.rf.b7d0b33da28d180b4b6f415e5d79cec6.jpg,g01817
test/fungal/jamur78_jpeg_jpg.rf.b9c711583450729e72a7f7ed2103ccb1.jpg,test,fungal,jamur78_jpeg_jpg.rf.b9c711583450729e72a7f7ed2103ccb1.jpg,g01818
test/fungal/jamur78_jpeg_jpg.rf.f968b58e75261c38179f8a8c25b4c93b.jpg,test,fungal,jamur78_jpeg_jpg.rf.f968b58e75261c38179f8a8c25b4c93b.jpg,g01818
test/fungal/jamur79_jpeg_jpg.rf.cebe2a6eac92bc3a843e61abf17aa28e.jpg,test,fungal,jamur79_jpeg_jpg.rf.cebe2a6eac92bc3a843e61abf17aa28e.jpg,g01819
test/fungal/jamur90_jpeg_jpg.rf.db94850531a8ef34067cf2014d669596.jpg,test,fungal,jamur90_jpeg_jpg.rf.db94850531a8ef34067cf2014d669596.jpg,g01820
test/fungal/jamur93_jpeg_jpg.rf.a52f6e698d71213a41f8de584cf63da8.jpg,test,fungal,jamur93_jpeg_jpg.rf.a52f6e698d71213a41f8de584cf63da8.jpg,g01821
test/fungal/jamur93_jpeg_jpg.rf.cdf49c360ca210f3f03e628c664fa3c4.jpg,test,fungal,jamur93_jpeg_jpg.rf.cdf49c360ca210f3f03e628c664fa3c4.jpg,g01821
test/fungal/jamur9_jpeg_jpg.rf.99d0be5df476389532b0434d2b7b9476.jpg,test,fungal,jamur9_jpeg_jpg.rf.99d0be5df476389532b0434d2b7b9476.jpg,g01822
test/fungal/jamur9_jpeg_jpg.rf.cc91129f38db7389a85fc05acaedef4a.jpg,test,fungal,jamur9_jpeg_jpg.rf.cc91129f38db7389a85fc05acaedef4a.jpg,g01822
test/mange/1000010557_x4_jpg.rf.b55f293454ceb895b023b9cdba9015ec.jpg,test,mange,1000010557_x4_jpg.rf.b55f293454ceb895b023b9cdba9015ec.jpg,g01823
test/mange/1000010557_x4_jpg.rf.b8f223a84d04c28a7e2794b106359933.jpg,test,mange,1000010557_x4_jpg.rf.b8f223a84d04c28a7e2794b106359933.jpg,g01823
test/mange/1000010732_x4_jpg.rf.23be9c185dfefaddfc5b5acffd45b017.jpg,test,mange,1000010732_x4_jpg.rf.23be9c185dfefaddfc5b5acffd45b017.jpg,g01824
test/mange/2024-05-13-132153_1_jpg.rf.4d9d07e7af9e15f11f59f1968e57c030.jpg,test,mange,2024-05-13-132153_1_jpg.rf.4d9d07e7af9e15f11f59f1968e57c030.jpg,g00819
test/mange/2024-05-13-132153_1_jpg.rf.54cdca376cfed85ccfb34ce0ba8bbc33.jpg,test,mange,2024-05-13-132153_1_jpg.rf.54cdca376cfed85ccfb34ce0ba8bbc33.jpg,g00819
test/mange/2024-05-13-132153_1_jpg.rf.d1072bf6df36317cc726999bc5e9ae29.jpg,test,mange,2024-05-13-132153_1_jpg.rf.d1072bf6df36317cc726999bc5e9ae29.jpg,g00819
test/mange/2024-05-13-132153_1_jpg.rf.e0eea5011db6d1d2a982ce10d8f2f8b3.jpg,test,mange,2024-05-13-132153_1_jpg.rf.e0eea5011db6d1d2a982ce10d8f2f8b3.jpg,g00819
test/mange/2024-05-13-132400_4_jpg.rf.0addd621e006fbe8bce81065622453d1.jpg,test,mange,2024-05-13-132400_4_jpg.rf.0addd621e006fbe8bce81065622453d1.jpg,g00820
test/mange/2024-05-13-132400_4_jpg.rf.c5257228b1be0fe31967e84438aab050.jpg,test,mange,2024-05-13-132400_4_jpg.rf.c5257228b1be0fe31967e84438aab050.jpg,g00820
test/mange/2024-05-13-132400_4_jpg.rf.d883a4b5007d5c4642707d244097bc61.jpg,test,mange,2024-05-13-132400_4_jpg.rf.d883a4b5007d5c4642707d244097bc61.jpg,g00820
test/mange/2024-05-13-132400_4_jpg.rf.e1838a7b407d147e3ab240f020d034be.jpg,test,mange,2024-05-13-132400_4_jpg.rf.e1838a7b407d147e3ab240f020d034be.jpg,g00820
test/mange/2024-05-13-132400_4_jpg.rf.eaf728d8c9f135fb573b72b9d4785131.jpg,test,mange,2024-05-13-132400_4_jpg.rf.eaf728d8c9f135fb573b72b9d4785131.jpg,g00820
test/mange/2024-05-13-132400_4_jpg.rf.f888a8af210b6f556a0d42b0a75608c4.jpg,test,mange,2024-05-13-132400_4_jpg.rf.f888a8af210b6f556a0d42b0a75608c4.jpg,g00820
test/mange/2024-05-13-132807_1_jpg.rf.1d8007cc37a57c42631e94f93b97e0b8.jpg,test,mange,2024-05-13-132807_1_jpg.rf.1d8007cc37a57c42631e94f93b97e0b8.jpg,g01825
test/mange/2024-05-13-132807_1_jpg.rf.2c0ec768bb737148481572a6d7e402fe.jpg,test,mange,2024-05-13-132807_1_jpg.rf.2c0ec768bb737148481572a6d7e402fe.jpg,g01825
test/mange/2024-05-13-132807_1_jpg.rf.7161be6962b6163cf7a35bbe7ca0575f.jpg,test,mange,2024-05-13-132807_1_jpg.rf.7161be6962b6163cf7a35bbe7ca0575f.jpg,g01825
test/mange/2024-05-13-132807_1_jpg.rf.a00d4ff8dff4a19bdfb597a14062c227.jpg,test,mange,2024-05-13-132807_1_jpg.rf.a00d4ff8dff4a19bdfb597a14062c227.jpg,g01825
test/mange/2024-05-13-132807_1_jpg.rf.d4e62216424ab03cb6f3866ea33efe61.jpg,test,mange,2024-05-13-132807_1_jpg.rf.d4e62216424ab03cb6f3866ea33efe61.jpg,g01825
test/mange/2024-05-13-132935_1_jpg.rf.30a9241e5d436217a47c6c14bd6c21ec.jpg,test,mange,2024-05-13-132935_1_jpg.rf.30a9241e5d436217a47c6c14bd6c21ec.jpg,g00828
test/mange/2024-05-13-132935_1_jpg.rf.6f45622b632214e322213e2d588d8753.jpg,test,mange,2024-05-13-132935_1_jpg.rf.6f45622b632214e322213e2d588d8753.jpg,g00828
test/mange/2024-05-13-132935_1_jpg.rf.8bdcca293dc2da1341ca83a7adfcfffe.jpg,test,mange,2024-05-13-132935_1_jpg.rf.8bdcca293dc2da1341ca83a7adfcfffe.jpg,g00828
test/mange/2024-05-13-132935_1_jpg.rf.d1ab226eeda65cb5a86f47bf665f0f33.jpg,test,mange,2024-05-13-132935_1_jpg.rf.d1ab226eeda65cb5a86f47bf665f0f33.jpg,g00828
test/mange/2024-05-13-133135_2_jpg.rf.29bf585fbc438d248a3f8f0b8c721ee9.jpg,test,mange,2024-05-13-133135_2_jpg.rf.29bf585fbc438d248a3f8f0b8c721ee9.jpg,g00832
test/mange/2024-05-13-133135_2_jpg.rf.62b74227627603f0ed077bb8f7061471.jpg,test,mange,2024-05-13-133135_2_jpg.rf.62b74227627603f0ed077bb8f7061471.jpg,g00832
test/mange/2024-05-13-133135_2_jpg.rf.76a6c01f9878425236f40341879698af.jpg,test,mange,2024-05-13-133135_2_jpg.rf.76a6c01f9878425236f40341879698af.jpg,g00832
test/mange/2024-05-13-133135_2_jpg.rf.a78c8498e9c1302b71cf863f480f8b1e.jpg,test,mange,2024-05-13-133135_2_jpg.rf.a78c8498e9c1302b71cf863f480f8b1e.jpg,g00832
test/mange/2024-05-13-133135_2_jpg.rf.bb3fdb1117964aa616e465a840f0b8ff.jpg,test,mange,2024-05-13-133135_2_jpg.rf.bb3fdb1117964aa616e465a840f0b8ff.jpg,g00832
test/mange/2024-05-13-133135_2_jpg.rf.f4fd35194f097709024257cd8f58a69d.jpg,test,mange,2024-05-13-133135_2_jpg.rf.f4fd35194f097709024257cd8f58a69d.jpg,g00832
test/mange/2024-05-13-133458_1_jpg.rf.4f3db163bc5c93cd6b2ae5e871f458b7.jpg,test,mange,2024-05-13-133458_1_jpg.rf.4f3db163bc5c93cd6b2ae5e871f458b7.jpg,g00835
test/mange/2024-05-13-133458_1_jpg.rf.8627185a65d679e691e1427101b8d937.jpg,test,mange,2024-05-13-133458_1_jpg.rf.8627185a65d679e691e1427101b8d937.jpg,g00835
test/mange/2024-05-13-133458_1_jpg.rf.e5bf6d3856453601eb0d29119273703b.jpg,test,mange,2024-05-13-133458_1_jpg.rf.e5bf6d3856453601eb0d29119273703b.jpg,g00835
test/mange/2024-05-13-133458_1_jpg.rf.fcde983052c594d1f10f61544dd83bb4.jpg,test,mange,2024-05-13-133458_1_jpg.rf.fcde983052c594d1f10f61544dd83bb4.jpg,g00835
test/mange/2024-05-13-134005_2_jpg.rf.33364d81dd35d162632a45d9f6aa3169.jpg,test,mange,2024-05-13-134005_2_jpg.rf.33364d81dd35d162632a45d9f6aa3169.jpg,g01826
test/mange/2024-05-13-134005_2_jpg.rf.7fa91a1d5006e30bcabd0101e86a5c2a.jpg,test,mange,2024-05-13-134005_2_jpg.rf.7fa91a1d5006e30bcabd0101e86a5c2a.jpg,g01826
test/mange/2024-05-13-134316_1_jpg.rf.2712e5f52024e85b71189b407e2d4003.jpg,test,mange,2024-05-13-134316_1_jpg.rf.2712e5f52024e85b71189b407e2d4003.jpg,g00846
test/mange/2024-05-13-134316_1_jpg.rf.de727a34fe19bb99b506a6baeb77f256.jpg,test,mange,2024-05-13-134316_1_jpg.rf.de727a34fe19bb99b506a6baeb77f256.jpg,g00846
test/mange/21_png_jpg.rf.7917901e2794c9adabad39b0bc2ebcd0.jpg,test,mange,21_png_jpg.rf.7917901e2794c9adabad39b0bc2ebcd0.jpg,g01827
test/mange/24_png_jpg.rf.828eb1da8913a3ff9cbddc03aaa155c0.jpg,test,mange,24_png_jpg.rf.828eb1da8913a3ff9cbddc03aaa155c0.jpg,g01828
test/mange/24_png_jpg.rf.90c61da1268ca62edbe8b0423e760935.jpg,test,mange,24_png_jpg.rf.90c61da1268ca62edbe8b0423e760935.jpg,g01828
test/mange/24_png_jpg.rf.af3b681782e82d80175b1bf90012fc06.jpg,test,mange,24_png_jpg.rf.af3b681782e82d80175b1bf90012fc06.jpg,g01828
test/mange/24_png_jpg.rf.f9add07b984237bedc251e0fa3002545.jpg,test,mange,24_png_jpg.rf.f9add07b984237bedc251e0fa3002545.jpg,g01828
test/mange/357377596_6687636537926845_196811127851933343_n_jpg.rf.17e930d7f94e0989820d53bc14fbf673.jpg,test,mange,357377596_6687636537926845_196811127851933343_n_jpg.rf.17e930d7f94e0989820d53bc14fbf673.jpg,g01829
test/mange/357377596_6687636537926845_196811127851933343_n_jpg.rf.a0a7e48de6893f2c04d6c7c01ea20562.jpg,test,mange,357377596_6687636537926845_196811127851933343_n_jpg.rf.a0a7e48de6893f2c04d6c7c01ea20562.jpg,g01829
test/mange/5_png_jpg.rf.037270c7dd70702533540271455b22e9.jpg,test,mange,5_png_jpg.rf.037270c7dd70702533540271455b22e9.jpg,g01830
test/mange/5_png_jpg.rf.5544bd583418154c43a3d1884e902c6d.jpg,test,mange,5_png_jpg.rf.5544bd583418154c43a3d1884e902c6d.jpg,g01830
test/mange/90d1b2e80bd3a66d9de4a757d98ac54e448e0a04_jpeg_jpg.rf.aaeb04a1fdef7f6ba3478695a75a3a62.jpg,test,mange,90d1b2e80bd3a66d9de4a757d98ac54e448e0a04_jpeg_jpg.rf.aaeb04a1fdef7f6ba3478695a75a3a62.jpg,g01831
test/mange/aug_0_1497_jpeg_jpg.rf.28f3b2e0e4ac8157d47573651ae3f9b3.jpg,test,mange,aug_0_1497_jpeg_jpg.rf.28f3b2e0e4ac8157d47573651ae3f9b3.jpg,g01832
test/mange/aug_0_1497_jpeg_jpg.rf.663dde954d6d148584e0e0690d29e433.jpg,test,mange,aug_0_1497_jpeg_jpg.rf.663dde954d6d148584e0e0690d29e433.jpg,g01832
test/mange/aug_0_1886_jpeg_jpg.rf.a11e466bb0baeea9bdf3411efd681fe7.jpg,test,mange,aug_0_1886_jpeg_jpg.rf.a11e466bb0baeea9bdf3411efd681fe7.jpg,g01833
test/mange/aug_0_277_jpeg_jpg.rf.26f45d0b98c12d83e1de701f25640ee3.jpg,test,mange,aug_0_277_jpeg_jpg.rf.26f45d0b98c12d83e1de701f25640ee3.jpg,g01834
test/mange/aug_0_277_jpeg_jpg.rf.c72900b6118e6bf612f5700a9dafb1ce.jpg,test,mange,aug_0_277_jpeg_jpg.rf.c72900b6118e6bf612f5700a9dafb1ce.jpg,g01834
test/mange/aug_0_2828_jpeg_jpg.rf.990e2acb74b6b98c6ac30bbd3ca1ab0a.jpg,test,mange,aug_0_2828_jpeg_jpg.rf.990e2acb74b6b98c6ac30bbd3ca1ab0a.jpg,g01835
test/mange/aug_0_3250_jpeg_jpg.rf.e2847811eb67d8ad5ee010c94c0ab2dd.jpg,test,mange,aug_0_3250_jpeg_jpg.rf.e2847811eb67d8ad5ee010c94c0ab2dd.jpg,g01836
test/mange/aug_0_3250_jpeg_jpg.rf.ef13d9da329feb28c0c60753f31f6407.jpg,test,mange,aug_0_3250_jpeg_jpg.rf.ef13d9da329feb28c0c60753f31f6407.jpg,g01836
test/mange/aug_0_5721_jpeg_jpg.rf.0361ffed540e7f3089ff7c3e97e2c9ba.jpg,test,mange,aug_0_5721_jpeg_jpg.rf.0361ffed540e7f3089ff7c3e97e2c9ba.jpg,g01837
test/mange/aug_0_5721_jpeg_jpg.rf.09228a27315b848190ad1a69a28a422e.jpg,test,mange,aug_0_5721_jpeg_jpg.rf.09228a27315b848190ad1a69a28a422e.jpg,g01837
test/mange/aug_0_6406_jpeg_jpg.rf.48dac86df497e6b9a26697adb87715e3.jpg,test,mange,aug_0_6406_jpeg_jpg.rf.48dac86df497e6b9a26697adb87715e3.jpg,g01838
test/mange/aug_0_6406_jpeg_jpg.rf.a41188ead77382999fc2da3347a7ec87.jpg,test,mange,aug_0_6406_jpeg_jpg.rf.a41188ead77382999fc2da3347a7ec87.jpg,g01838
test/other/0003-Zx043ICtTtE_jpg.rf.e7saQDeT58M0BXZ5Xflm.jpg,test,other,0003-Zx043ICtTtE_jpg.rf.e7saQDeT58M0BXZ5Xflm.jpg,g01839
test/other/0004-a7aUsff9O5k_jpg.rf.8pfak3SXlRyvriFc1Gsi.jpg,test,other,0004-a7aUsff9O5k_jpg.rf.8pfak3SXlRyvriFc1Gsi.jpg,g01840
test/other/0004-a7aUsff9O5k_jpg.rf.VkWOd5GvI9VGrIEfd5h6.jpg,test,other,0004-a7aUsff9O5k_jpg.rf.VkWOd5GvI9VGrIEfd5h6.jpg,g01841
test/other/0445-AyyKrB2BlU8_jpg.rf.u1nY3NrFKFrJAZ4mhNmx.jpg,test,other,0445-AyyKrB2BlU8_jpg.rf.u1nY3NrFKFrJAZ4mhNmx.jpg,g01842
test/other/0692-UyBg3AnJtBU_jpg.rf.7oGKfPqP3e7oMENy1rIN.jpg,test,other,0692-UyBg3AnJtBU_jpg.rf.7oGKfPqP3e7oMENy1rIN.jpg,g01843
test/other/1224-W0Of8zsJwc0_jpg.rf.b9CIQCpZMDLW4aRwPKUd.jpg,test,other,1224-W0Of8zsJwc0_jpg.rf.b9CIQCpZMDLW4aRwPKUd.jpg,g01844
test/other/1336-zKzpnJjgxj8_jpg.rf.oGYLhgv3NQQBb4lPZ7Tr.jpg,test,other,1336-zKzpnJjgxj8_jpg.rf.oGYLhgv3NQQBb4lPZ7Tr.jpg,g01845
test/other/1608-Wx0H1WizFpE_jpg.rf.E9Lomz4VczANHVAqfXz5.jpg,test,other,1608-Wx0H1WizFpE_jpg.rf.E9Lomz4VczANHVAqfXz5.jpg,g01846
test/other/3050-P0B0_MFtvTs_jpg.rf.szjQXl6m9lwwOwS17rvy.jpg,test,other,3050-P0B0_MFtvTs_jpg.rf.szjQXl6m9lwwOwS17rvy.jpg,g01847
test/other/438069638_7885671988166351_7242634341521672545_n_jpg.rf.5FwYZtjXrWyLga6LZCgW.jpg,test,other,438069638_7885671988166351_7242634341521672545_n_jpg.rf.5FwYZtjXrWyLga6LZCgW.jpg,g01848
test/other/4bc679ccb5f1bb621167110f74ecc7cc_jpg.rf.ZH3qfI4HwVeq0YTnH29j.jpg,test,other,4bc679ccb5f1bb621167110f74ecc7cc_jpg.rf.ZH3qfI4HwVeq0YTnH29j.jpg,g01849
test/other/4f1107f67eb99b8d1092357316113522_jpg.rf.ar7QI4MomE4sfpUteX2G.jpg,test,other,4f1107f67eb99b8d1092357316113522_jpg.rf.ar7QI4MomE4sfpUteX2G.jpg,g01850
test/other/5dbc4611b7ac89b97ad5ba2ea5b135a5_jpg.rf.8qgAqQAqqWdg7pXa2RzS.jpg,test,other,5dbc4611b7ac89b97ad5ba2ea5b135a5_jpg.rf.8qgAqQAqqWdg7pXa2RzS.jpg,g01851
test/other/A2I7OOmaexY_jpg.rf.57bIEqUTkeKLTsefZuvD.jpg,test,other,A2I7OOmaexY_jpg.rf.57bIEqUTkeKLTsefZuvD.jpg,g01852
test/other/A2I7OOmaexY_jpg.rf.riI3Jg9JFuKjkODSwCbk.jpg,test,other,A2I7OOmaexY_jpg.rf.riI3Jg9JFuKjkODSwCbk.jpg,g01853
test/other/COCO_train2014_000000000036_jpg.rf.7qrAsxBiQjik7BuFaMiW.jpg,test,other,COCO_train2014_000000000036_jpg.rf.7qrAsxBiQjik7BuFaMiW.jpg,g01854
test/other/COCO_train2014_000000000110_jpg.rf.3DjsQiCjf18FLet3beAV.jpg,test,other,COCO_train2014_000000000110_jpg.rf.3DjsQiCjf18FLet3beAV.jpg,g01855
test/other/COCO_train2014_000000000247_jpg.rf.brRaCPmH45r5omKw9A7V.jpg,test,other,COCO_train2014_000000000247_jpg.rf.brRaCPmH45r5omKw9A7V.jpg,g01856
test/other/COCO_train2014_000000000321_jpg.rf.LXEQKCm2PkJF93OKYtPy.jpg,test,other,COCO_train2014_000000000321_jpg.rf.LXEQKCm2PkJF93OKYtPy.jpg,g01857
test/other/COCO_train2014_000000000384_jpg.rf.fHC1n9M6wZwspSf9mAcm.jpg,test,other,COCO_train2014_000000000384_jpg.rf.fHC1n9M6wZwspSf9mAcm.jpg,g01858
test/other/COCO_train2014_000000000681_jpg.rf.uRytWaUQqy6vSBm1lhak.jpg,test,other,COCO_train2014_000000000681_jpg.rf.uRytWaUQqy6vSBm1lhak.jpg,g01859
test/other/COCO_train2014_000000000714_jpg.rf.w7qRZ2mBPzdoQVF0yWqn.jpg,test,other,COCO_train2014_000000000714_jpg.rf.w7qRZ2mBPzdoQVF0yWqn.jpg,g01860
test/other/COCO_train2014_000000000839_jpg.rf.TtunLCbG6SoxUaDYL0Ve.jpg,test,other,COCO_train2014_000000000839_jpg.rf.TtunLCbG6SoxUaDYL0Ve.jpg,g01861
test/other/COCO_train2014_000000001084_jpg.rf.7AklFIXs1gGcxgAk41Qf.jpg,test,other,COCO_train2014_000000001084_jpg.rf.7AklFIXs1gGcxgAk41Qf.jpg,g01862
test/other/COCO_train2014_000000001183_jpg.rf.BlQrM7FDaoo6DAeMaCuu.jpg,test,other,COCO_train2014_000000001183_jpg.rf.BlQrM7FDaoo6DAeMaCuu.jpg,g01863
test/other/COCO_train2014_000000001232_jpg.rf.7gDmGheoPSzilNcjHN3W.jpg,test,other,COCO_train2014_000000001232_jpg.rf.7gDmGheoPSzilNcjHN3W.jpg,g01864
test/other/COCO_train2014_000000001308_jpg.rf.OnnzqhutSVljJoJbqKbl.jpg,test,other,COCO_train2014_000000001308_jpg.rf.OnnzqhutSVljJoJbqKbl.jpg,g01865
test/other/COCO_train2014_000000001431_jpg.rf.IwBTF2raXTeyYhzNc4Cj.jpg,test,other,COCO_train2014_000000001431_jpg.rf.IwBTF2raXTeyYhzNc4Cj.jpg,g01866
test/other/COCO_train2014_000000001515_jpg.rf.iwbxTSPB0qouuAjswTZj.jpg,test,other,COCO_train2014_000000001515_jpg.rf.iwbxTSPB0qouuAjswTZj.jpg,g01867
test/other/COCO_train2014_000000001562_jpg.rf.DErxHKUGQPgwFCAczXpc.jpg,test,other,COCO_train2014_000000001562_jpg.rf.DErxHKUGQPgwFCAczXpc.jpg,g01868
test/other/COCO_train2014_000000001637_jpg.rf.P2tmedq3WRDAwA3wlYxZ.jpg,test,other,COCO_train2014_000000001637_jpg.rf.P2tmedq3WRDAwA3wlYxZ.jpg,g01869
test/other/COCO_train2014_000000001697_jpg.rf.WWX0sX8aItnPZxr6Mad7.jpg,test,other,COCO_train2014_000000001697_jpg.rf.WWX0sX8aItnPZxr6Mad7.jpg,g01870
test/other/COCO_train2014_000000001732_jpg.rf.7S0dGd7mmMqeuvcHvhuy.jpg,test,other,COCO_train2014_000000001732_jpg.rf.7S0dGd7mmMqeuvcHvhuy.jpg,g01871
test/other/COCO_train2014_000000001777_jpg.rf.yyN4YKSJza37rwO0Q51x.jpg,test,other,COCO_train2014_000000001777_jpg.rf.yyN4YKSJza37rwO0Q51x.jpg,g01872
test/other/COCO_train2014_000000001877_jpg.rf.KFLRx8u8vxQ0p1k8843Q.jpg,test,other,COCO_train2014_000000001877_jpg.rf.KFLRx8u8vxQ0p1k8843Q.jpg,g01873
test/other/COCO_train2014_000000001902_jpg.rf.BuiQdCKb0Z89i3J7w7Sz.jpg,test,other,COCO_train2014_000000001902_jpg.rf.BuiQdCKb0Z89i3J7w7Sz.jpg,g01874
test/other/COCO_train2014_000000002007_jpg.rf.XA7jB064Uizv3bR8JOmm.jpg,test,other,COCO_train2014_000000002007_jpg.rf.XA7jB064Uizv3bR8JOmm.jpg,g01875
test/other/COCO_train2014_000000002244_jpg.rf.uf2sMFpTjEvMTfjGxXLe.jpg,test,other,COCO_train2014_000000002244_jpg.rf.uf2sMFpTjEvMTfjGxXLe.jpg,g01876
test/other/COCO_train2014_000000002451_jpg.rf.JKZi4aTlyhw6Dvj9WPlE.jpg,test,other,COCO_train2014_000000002451_jpg.rf.JKZi4aTlyhw6Dvj9WPlE.jpg,g01877
test/other/COCO_train2014_000000002686_jpg.rf.iUEeggk2CcbmTqsrm9LW.jpg,test,other,COCO_train2014_000000002686_jpg.rf.iUEeggk2CcbmTqsrm9LW.jpg,g01878
test/other/COCO_train2014_000000002963_jpg.rf.Ndb2yo2ScqbgeG9V1UaJ.jpg,test,other,COCO_train2014_000000002963_jpg.rf.Ndb2yo2ScqbgeG9V1UaJ.jpg,g01879
test/other/COCO_train2014_000000003118_jpg.rf.715yC8bCO0uQcOotb1Ui.jpg,test,other,COCO_train2014_000000003118_jpg.rf.715yC8bCO0uQcOotb1Ui.jpg,g01880
test/other/COCO_train2014_000000003197_jpg.rf.SMCMJTfiCHpyHHId0eVQ.jpg,test,other,COCO_train2014_000000003197_jpg.rf.SMCMJTfiCHpyHHId0eVQ.jpg,g01881
test/other/COCO_train2014_000000003219_jpg.rf.OEuEYtGAbFimrWZXtBnA.jpg,test,other,COCO_train2014_000000003219_jpg.rf.OEuEYtGAbFimrWZXtBnA.jpg,g01882
test/other/COCO_train2014_000000003220_jpg.rf.b8JfRpo0rCC9kHVGeZhU.jpg,test,other,COCO_train2014_000000003220_jpg.rf.b8JfRpo0rCC9kHVGeZhU.jpg,g01883
test/other/COCO_train2014_000000003478_jpg.rf.t1vccIL9WjHM7bGI9ZqJ.jpg,test,other,COCO_train2014_000000003478_jpg.rf.t1vccIL9WjHM7bGI9ZqJ.jpg,g01884
test/other/COCO_train2014_000000003517_jpg.rf.spPkvDoRgkFqkdHKioG7.jpg,test,other,COCO_train2014_000000003517_jpg.rf.spPkvDoRgkFqkdHKioG7.jpg,g01885
test/other/COCO_train2014_000000003535_jpg.rf.tZEDOArefXgup9PNwBrX.jpg,test,other,COCO_train2014_000000003535_jpg.rf.tZEDOArefXgup9PNwBrX.jpg,g01886
test/other/COCO_train2014_000000003782_jpg.rf.UaSmPucryP7MRDZRBB5e.jpg,test,other,COCO_train2014_000000003782_jpg.rf.UaSmPucryP7MRDZRBB5e.jpg,g01887
test/other/COCO_train2014_000000003862_jpg.rf.kjCz4JxOK7iRjlUZPeWx.jpg,test,other,COCO_train2014_000000003862_jpg.rf.kjCz4JxOK7iRjlUZPeWx.jpg,g01888
test/other/COCO_train2014_000000003866_jpg.rf.nTuzTMWViUWV2pKVsZTq.jpg,test,other,COCO_train2014_000000003866_jpg.rf.nTuzTMWViUWV2pKVsZTq.jpg,g01889
test/other/COCO_train2014_000000003992_jpg.rf.j8EwlmjfN7lNTQngPzXO.jpg,test,other,COCO_train2014_000000003992_jpg.rf.j8EwlmjfN7lNTQngPzXO.jpg,g01890
test/other/COCO_train2014_000000004132_jpg.rf.Y1thmRAFKi0QIeQphynK.jpg,test,other,COCO_train2014_000000004132_jpg.rf.Y1thmRAFKi0QIeQphynK.jpg,g01891
test/other/COCO_train2014_000000004139_jpg.rf.MqikTunjhUvsRjb1VfnH.jpg,test,other,COCO_train2014_000000004139_jpg.rf.MqikTunjhUvsRjb1VfnH.jpg,g01892
test/other/COCO_train2014_000000004180_jpg.rf.I9B5Px0euZmalqW0OuUa.jpg,test,other,COCO_train2014_000000004180_jpg.rf.I9B5Px0euZmalqW0OuUa.jpg,g01893
test/other/COCO_train2014_000000004289_jpg.rf.b9hcYpyqL3qZ0T7sxcEr.jpg,test,other,COCO_train2014_000000004289_jpg.rf.b9hcYpyqL3qZ0T7sxcEr.jpg,g01894
test/other/COCO_train2014_000000004377_jpg.rf.IxLs7VAIewgQJolrI0A3.jpg,test,other,COCO_train2014_000000004377_jpg.rf.IxLs7VAIewgQJolrI0A3.jpg,g01895
test/other/COCO_train2014_000000004385_jpg.rf.cUc5GDSt6OE0aeYRWPca.jpg,test,other,COCO_train2014_000000004385_jpg.rf.cUc5GDSt6OE0aeYRWPca.jpg,g01896
test/other/COCO_train2014_000000004394_jpg.rf.BJZytY4tFXcu5dGxCBUW.jpg,test,other,COCO_train2014_000000004394_jpg.rf.BJZytY4tFXcu5dGxCBUW.jpg,g01897
test/other/COCO_train2014_000000004426_jpg.rf.MJaYtz3SpgkGAdJyDl7C.jpg,test,other,COCO_train2014_000000004426_jpg.rf.MJaYtz3SpgkGAdJyDl7C.jpg,g01898
test/other/COCO_train2014_000000004444_jpg.rf.uUdacXgdRRLYeBuYu6JK.jpg,test,other,COCO_train2014_000000004444_jpg.rf.uUdacXgdRRLYeBuYu6JK.jpg,g01899
test/other/COCO_train2014_000000004714_jpg.rf.bptTpSbEWZ7i4im48QQc.jpg,test,other,COCO_train2014_000000004714_jpg.rf.bptTpSbEWZ7i4im48QQc.jpg,g01900
test/other/COCO_train2014_000000004823_jpg.rf.4A96TJlKlmVGJXDFIW0O.jpg,test,other,COCO_train2014_000000004823_jpg.rf.4A96TJlKlmVGJXDFIW0O.jpg,g01901
test/other/COCO_train2014_000000004834_jpg.rf.mAT4HfyaWN57ZKyfE7ml.jpg,test,other,COCO_train2014_000000004834_jpg.rf.mAT4HfyaWN57ZKyfE7ml.jpg,g01902
test/other/COCO_train2014_000000004843_jpg.rf.isoh7HSIWYHkCke9qRkV.jpg,test,other,COCO_train2014_000000004843_jpg.rf.isoh7HSIWYHkCke9qRkV.jpg,g01903
test/other/RgDj48bExmE_jpg.rf.t34x9DDDfWlB41uwW5Nt.jpg,test,other,RgDj48bExmE_jpg.rf.t34x9DDDfWlB41uwW5Nt.jpg,g01904
test/other/dPsICUqB36c_jpg.rf.skpfyiEA7s3KJIHWazFE.jpg,test,other,dPsICUqB36c_jpg.rf.skpfyiEA7s3KJIHWazFE.jpg,g01905
test/other/eye09_resized_jpg.rf.Xa4B77PHkWMFsvKMiubp.jpg,test,other,eye09_resized_jpg.rf.Xa4B77PHkWMFsvKMiubp.jpg,g01906
test/other/eye19_resized_jpg.rf.rBCJE08rif5vKSTAEmPv.jpg,test,other,eye19_resized_jpg.rf.rBCJE08rif5vKSTAEmPv.jpg,g01907
test/other/eye33_jpg.rf.gBJjaqvIttMWJerh6r0v.jpg,test,other,eye33_jpg.rf.gBJjaqvIttMWJerh6r0v.jpg,g01908
test/other/eye36_jpg.rf.MPQSuW8vnHVuEjXaFJuX.jpg,test,other,eye36_jpg.rf.MPQSuW8vnHVuEjXaFJuX.jpg,g01909
test/other/healthy12_jpg.rf.BWgKFPfi4glOEl91rPlc.jpg,test,other,healthy12_jpg.rf.BWgKFPfi4glOEl91rPlc.jpg,g01910
test/other/lab12_resized_jpg.rf.eeaaEaX1u7zdCtDdI5D9.jpg,test,other,lab12_resized_jpg.rf.eeaaEaX1u7zdCtDdI5D9.jpg,g01911
test/other/lab23_resized_jpg.rf.cnxxkCTviFrQi92uGyuq.jpg,test,other,lab23_resized_jpg.rf.cnxxkCTviFrQi92uGyuq.jpg,g01912
test/other/lab25_jpg.rf.n8IQJbpxrIipJNtidfe4.jpg,test,other,lab25_jpg.rf.n8IQJbpxrIipJNtidfe4.jpg,g01913
test/other/photo1693899603_jpeg_jpg.rf.hJQ3wQeW4A2Mqd2dTE1l.jpg,test,other,photo1693899603_jpeg_jpg.rf.hJQ3wQeW4A2Mqd2dTE1l.jpg,g01914
test/other/photo1693974044-1-_jpeg_jpg.rf.NmsXaHEAShQZwngeAY04.jpg,test,other,photo1693974044-1-_jpeg_jpg.rf.NmsXaHEAShQZwngeAY04.jpg,g01915
test/other/photo1694590168_jpeg_jpg.rf.JN2WtpdBLRbxlE87CNh2.jpg,test,other,photo1694590168_jpeg_jpg.rf.JN2WtpdBLRbxlE87CNh2.jpg,g01916
test/other/photo1694943915_jpeg_jpg.rf.uqD82I0Wo8y9vK0Vfz95.jpg,test,other,photo1694943915_jpeg_jpg.rf.uqD82I0Wo8y9vK0Vfz95.jpg,g01917
